SK_ID_CURR,TARGET
100001,0.14
100005,0.16
100013,0.14
100028,0.09
100038,0.26
100042,0.17
100057,0.16
100065,0.18
100066,0.1
100067,0.22
100074,0.23
100090,0.15
100091,0.15
100092,0.13
100106,0.15
100107,0.18
100109,0.11
100117,0.09
100128,0.14
100141,0.13
100150,0.15
100168,0.14
100169,0.06
100170,0.13
100171,0.08
100172,0.16
100184,0.18
100187,0.21
100212,0.24
100222,0.2
100223,0.08
100232,0.12
100241,0.23
100245,0.13
100253,0.11
100256,0.14
100271,0.12
100278,0.38
100280,0.14
100306,0.25
100311,0.26
100312,0.18
100330,0.21
100331,0.18
100352,0.21
100358,0.14
100367,0.17
100382,0.22
100384,0.17
100385,0.21
100386,0.22
100399,0.13
100404,0.18
100416,0.18
100422,0.14
100426,0.18
100438,0.14
100444,0.29
100445,0.12
100446,0.12
100447,0.13
100450,0.12
100466,0.14
100483,0.11
100484,0.1
100494,0.2
100510,0.23
100512,0.14
100517,0.16
100548,0.15
100551,0.13
100552,0.24
100553,0.2
100561,0.18
100568,0.37
100569,0.12
100591,0.16
100592,0.12
100602,0.14
100607,0.15
100613,0.2
100617,0.16
100618,0.2
100622,0.25
100625,0.19
100677,0.25
100699,0.12
100702,0.33
100711,0.22
100729,0.24
100740,0.19
100744,0.18
100745,0.2
100747,0.16
100751,0.27
100752,0.13
100753,0.25
100754,0.11
100760,0.26
100762,0.18
100763,0.2
100765,0.05
100770,0.19
100772,0.11
100777,0.1
100791,0.04
100792,0.09
100797,0.1
100823,0.26
100826,0.2
100830,0.13
100836,0.27
100872,0.19
100910,0.11
100913,0.25
100918,0.14
100931,0.11
100952,0.14
100953,0.28
100965,0.27
100970,0.11
100982,0.24
100983,0.28
100984,0.13
100987,0.18
100997,0.15
100998,0.22
101002,0.23
101005,0.28
101008,0.21
101020,0.12
101021,0.09
101024,0.25
101025,0.29
101026,0.22
101031,0.11
101041,0.1
101051,0.1
101055,0.16
101056,0.39
101057,0.12
101064,0.13
101079,0.19
101087,0.19
101090,0.15
101092,0.24
101097,0.22
101099,0.14
101107,0.22
101118,0.2
101125,0.19
101126,0.07
101128,0.12
101136,0.28
101140,0.27
101149,0.13
101160,0.13
101169,0.22
101181,0.16
101186,0.15
101190,0.25
101193,0.18
101194,0.31
101198,0.17
101200,0.11
101204,0.1
101211,0.21
101213,0.15
101223,0.11
101225,0.23
101237,0.2
101243,0.12
101244,0.27
101258,0.15
101259,0.22
101268,0.15
101269,0.14
101271,0.25
101279,0.16
101281,0.2
101287,0.11
101292,0.1
101294,0.14
101296,0.17
101297,0.13
101299,0.17
101301,0.13
101305,0.17
101308,0.14
101318,0.1
101327,0.18
101329,0.09
101332,0.19
101337,0.24
101343,0.07
101345,0.1
101346,0.11
101353,0.05
101354,0.29
101355,0.27
101356,0.12
101362,0.19
101363,0.21
101365,0.1
101366,0.19
101367,0.21
101368,0.16
101374,0.15
101380,0.1
101383,0.12
101398,0.08
101399,0.34
101401,0.23
101412,0.12
101426,0.11
101427,0.28
101428,0.31
101429,0.2
101434,0.17
101440,0.18
101448,0.1
101449,0.18
101465,0.21
101467,0.14
101472,0.2
101478,0.25
101497,0.16
101504,0.16
101547,0.17
101548,0.25
101555,0.29
101570,0.16
101572,0.12
101578,0.18
101580,0.25
101588,0.23
101602,0.14
101610,0.26
101614,0.15
101616,0.16
101643,0.15
101644,0.18
101649,0.21
101650,0.16
101665,0.1
101667,0.2
101669,0.2
101674,0.18
101675,0.1
101678,0.12
101682,0.16
101686,0.11
101697,0.26
101700,0.26
101711,0.1
101714,0.07
101715,0.27
101728,0.13
101732,0.11
101757,0.24
101758,0.16
101759,0.19
101762,0.15
101764,0.05
101780,0.31
101784,0.12
101789,0.16
101816,0.06
101819,0.16
101827,0.09
101863,0.17
101867,0.17
101870,0.13
101873,0.25
101878,0.21
101879,0.22
101880,0.16
101887,0.13
101897,0.09
101901,0.13
101903,0.26
101920,0.15
101921,0.07
101922,0.13
101961,0.21
101962,0.11
101971,0.1
101976,0.21
102002,0.25
102005,0.12
102007,0.28
102017,0.13
102019,0.31
102029,0.07
102051,0.2
102052,0.14
102054,0.09
102062,0.16
102067,0.31
102068,0.15
102070,0.14
102090,0.16
102092,0.15
102099,0.21
102100,0.15
102112,0.13
102113,0.07
102122,0.3
102123,0.25
102125,0.09
102126,0.33
102146,0.17
102147,0.24
102151,0.17
102158,0.13
102159,0.08
102162,0.18
102165,0.11
102166,0.07
102174,0.1
102193,0.24
102198,0.12
102205,0.2
102206,0.13
102218,0.1
102221,0.12
102230,0.18
102238,0.21
102248,0.09
102252,0.37
102259,0.2
102262,0.24
102273,0.24
102286,0.24
102293,0.12
102294,0.15
102296,0.15
102298,0.22
102303,0.16
102309,0.14
102315,0.15
102340,0.13
102342,0.2
102344,0.16
102346,0.14
102347,0.18
102374,0.22
102380,0.1
102387,0.24
102393,0.17
102403,0.17
102413,0.19
102414,0.12
102415,0.16
102416,0.13
102439,0.21
102441,0.12
102443,0.14
102444,0.29
102445,0.27
102448,0.08
102449,0.13
102450,0.22
102456,0.11
102458,0.16
102459,0.09
102465,0.09
102470,0.22
102471,0.15
102475,0.18
102476,0.24
102506,0.21
102509,0.13
102519,0.11
102522,0.11
102545,0.16
102549,0.14
102562,0.08
102563,0.1
102568,0.14
102582,0.17
102592,0.14
102597,0.15
102605,0.17
102614,0.17
102617,0.23
102634,0.17
102652,0.11
102655,0.04
102671,0.15
102694,0.15
102701,0.2
102703,0.1
102704,0.08
102713,0.12
102720,0.15
102731,0.15
102733,0.11
102749,0.12
102755,0.13
102763,0.14
102770,0.2
102772,0.14
102799,0.22
102838,0.15
102854,0.15
102862,0.12
102863,0.09
102867,0.1
102868,0.1
102878,0.13
102887,0.08
102898,0.25
102904,0.22
102912,0.15
102919,0.05
102927,0.18
102932,0.13
102933,0.12
102935,0.14
102958,0.15
102969,0.24
102971,0.16
102975,0.08
102979,0.14
102982,0.12
102987,0.23
102989,0.17
102995,0.23
102996,0.2
103000,0.19
103001,0.17
103004,0.14
103010,0.09
103025,0.14
103029,0.12
103046,0.16
103056,0.16
103062,0.21
103078,0.13
103083,0.12
103092,0.16
103096,0.09
103097,0.24
103102,0.16
103112,0.23
103132,0.07
103144,0.17
103145,0.22
103146,0.15
103147,0.18
103158,0.07
103171,0.27
103173,0.12
103184,0.12
103195,0.27
103196,0.15
103206,0.14
103230,0.25
103231,0.18
103232,0.15
103239,0.37
103240,0.23
103243,0.13
103252,0.16
103258,0.15
103259,0.22
103279,0.08
103280,0.11
103286,0.13
103287,0.35
103290,0.16
103298,0.19
103315,0.14
103319,0.13
103334,0.17
103336,0.21
103345,0.16
103368,0.15
103371,0.26
103377,0.17
103398,0.13
103404,0.12
103408,0.22
103410,0.17
103418,0.17
103420,0.34
103432,0.12
103433,0.12
103436,0.1
103440,0.17
103453,0.15
103459,0.11
103460,0.16
103461,0.11
103462,0.25
103473,0.18
103474,0.08
103475,0.31
103478,0.26
103480,0.18
103484,0.11
103494,0.21
103513,0.24
103515,0.15
103516,0.24
103525,0.14
103541,0.27
103544,0.08
103562,0.25
103570,0.41
103572,0.27
103574,0.09
103575,0.15
103591,0.15
103594,0.16
103609,0.05
103613,0.17
103614,0.17
103615,0.13
103624,0.21
103625,0.23
103628,0.29
103629,0.12
103647,0.1
103648,0.19
103651,0.15
103658,0.11
103668,0.14
103669,0.19
103676,0.14
103682,0.09
103683,0.16
103689,0.11
103725,0.07
103733,0.3
103744,0.16
103762,0.22
103771,0.3
103773,0.13
103783,0.18
103784,0.18
103808,0.16
103812,0.1
103813,0.25
103814,0.2
103818,0.24
103824,0.16
103828,0.05
103830,0.28
103840,0.05
103842,0.23
103847,0.26
103848,0.15
103851,0.13
103854,0.36
103857,0.23
103861,0.18
103862,0.17
103865,0.18
103870,0.08
103876,0.16
103891,0.37
103908,0.1
103914,0.21
103918,0.11
103940,0.16
103963,0.19
103966,0.22
103971,0.08
103980,0.19
103984,0.2
103985,0.13
103998,0.24
104019,0.1
104026,0.15
104035,0.22
104044,0.12
104045,0.09
104047,0.31
104051,0.14
104058,0.16
104063,0.13
104066,0.23
104087,0.08
104089,0.12
104095,0.15
104098,0.29
104104,0.08
104110,0.27
104120,0.26
104122,0.09
104131,0.13
104132,0.15
104135,0.1
104136,0.03
104149,0.11
104150,0.12
104156,0.28
104165,0.1
104175,0.14
104179,0.18
104184,0.29
104206,0.07
104216,0.36
104230,0.21
104257,0.09
104272,0.17
104273,0.16
104278,0.11
104294,0.2
104295,0.13
104297,0.11
104298,0.13
104308,0.15
104318,0.09
104319,0.13
104320,0.24
104327,0.14
104334,0.18
104344,0.16
104350,0.17
104351,0.17
104354,0.14
104369,0.25
104376,0.11
104381,0.1
104384,0.12
104391,0.09
104394,0.11
104398,0.31
104402,0.09
104408,0.2
104409,0.1
104410,0.36
104412,0.14
104417,0.27
104424,0.15
104426,0.17
104435,0.16
104445,0.2
104458,0.12
104460,0.1
104466,0.15
104472,0.15
104473,0.2
104479,0.1
104480,0.13
104482,0.27
104499,0.21
104501,0.13
104502,0.08
104506,0.13
104510,0.1
104512,0.19
104520,0.23
104528,0.26
104529,0.18
104541,0.15
104578,0.28
104584,0.17
104588,0.15
104602,0.16
104610,0.17
104611,0.23
104618,0.13
104620,0.07
104622,0.12
104624,0.21
104625,0.14
104634,0.15
104639,0.16
104646,0.12
104647,0.09
104652,0.05
104670,0.19
104677,0.1
104685,0.24
104691,0.11
104696,0.23
104699,0.17
104712,0.14
104714,0.15
104717,0.21
104718,0.18
104740,0.14
104741,0.14
104743,0.09
104744,0.11
104747,0.18
104767,0.11
104772,0.3
104776,0.17
104779,0.12
104814,0.16
104815,0.09
104830,0.16
104831,0.17
104833,0.14
104839,0.19
104840,0.12
104860,0.15
104861,0.17
104866,0.18
104870,0.05
104877,0.19
104878,0.07
104879,0.18
104880,0.17
104899,0.16
104906,0.15
104907,0.22
104913,0.15
104916,0.13
104921,0.2
104930,0.13
104931,0.29
104936,0.1
104937,0.22
104942,0.13
104943,0.15
104969,0.24
104972,0.27
104988,0.11
105013,0.13
105015,0.11
105019,0.2
105027,0.1
105030,0.22
105035,0.27
105041,0.13
105051,0.18
105056,0.19
105067,0.32
105071,0.16
105072,0.03
105074,0.1
105091,0.12
105101,0.12
105103,0.13
105134,0.1
105139,0.1
105142,0.23
105146,0.11
105163,0.17
105168,0.15
105172,0.11
105176,0.4
105195,0.12
105196,0.19
105197,0.06
105203,0.15
105223,0.1
105227,0.24
105228,0.13
105230,0.19
105231,0.29
105239,0.08
105242,0.2
105244,0.13
105245,0.07
105248,0.1
105249,0.13
105266,0.12
105271,0.24
105276,0.17
105282,0.07
105292,0.15
105297,0.07
105332,0.13
105333,0.19
105343,0.19
105344,0.2
105345,0.21
105357,0.09
105359,0.15
105366,0.13
105367,0.13
105370,0.13
105377,0.1
105390,0.2
105399,0.11
105403,0.14
105404,0.11
105414,0.13
105417,0.18
105425,0.32
105452,0.13
105454,0.12
105456,0.24
105470,0.11
105471,0.13
105483,0.19
105493,0.18
105508,0.13
105514,0.13
105515,0.1
105528,0.28
105529,0.14
105531,0.17
105532,0.11
105558,0.07
105574,0.15
105578,0.09
105584,0.28
105595,0.18
105617,0.21
105618,0.2
105621,0.15
105625,0.1
105629,0.08
105630,0.09
105634,0.1
105635,0.12
105641,0.14
105647,0.15
105648,0.12
105655,0.08
105657,0.13
105672,0.13
105678,0.23
105682,0.19
105691,0.14
105692,0.11
105706,0.16
105712,0.12
105720,0.12
105734,0.1
105735,0.15
105736,0.31
105737,0.13
105738,0.14
105740,0.22
105744,0.1
105747,0.13
105749,0.24
105754,0.08
105758,0.12
105760,0.21
105767,0.25
105784,0.2
105791,0.11
105802,0.28
105807,0.27
105809,0.23
105816,0.1
105817,0.13
105824,0.34
105832,0.15
105856,0.11
105865,0.11
105899,0.22
105906,0.14
105916,0.11
105923,0.1
105937,0.16
105965,0.07
105966,0.12
105968,0.15
105973,0.12
105976,0.16
105978,0.15
105979,0.08
105991,0.19
105998,0.23
105999,0.17
106000,0.34
106001,0.08
106010,0.13
106011,0.2
106013,0.18
106015,0.09
106026,0.13
106032,0.13
106035,0.29
106040,0.13
106041,0.21
106044,0.15
106053,0.22
106054,0.1
106065,0.26
106081,0.17
106083,0.1
106087,0.17
106090,0.16
106101,0.19
106102,0.17
106109,0.1
106116,0.13
106150,0.15
106155,0.23
106166,0.13
106176,0.16
106189,0.18
106199,0.19
106205,0.17
106206,0.12
106211,0.15
106214,0.14
106216,0.16
106217,0.14
106225,0.08
106249,0.21
106256,0.24
106258,0.13
106261,0.13
106262,0.19
106264,0.07
106271,0.12
106276,0.13
106277,0.18
106286,0.25
106293,0.13
106295,0.13
106296,0.17
106297,0.11
106298,0.18
106311,0.04
106314,0.16
106320,0.21
106334,0.22
106346,0.2
106347,0.07
106349,0.15
106354,0.13
106360,0.18
106373,0.22
106377,0.14
106386,0.2
106387,0.09
106391,0.12
106401,0.24
106411,0.14
106413,0.26
106426,0.15
106427,0.14
106428,0.21
106434,0.15
106438,0.16
106440,0.2
106441,0.09
106452,0.16
106453,0.14
106454,0.11
106457,0.23
106484,0.11
106488,0.25
106491,0.24
106514,0.21
106527,0.16
106528,0.11
106529,0.11
106534,0.19
106550,0.23
106577,0.14
106585,0.18
106590,0.11
106607,0.14
106610,0.18
106611,0.19
106612,0.18
106624,0.13
106631,0.06
106647,0.42
106660,0.16
106674,0.13
106687,0.18
106712,0.14
106713,0.18
106717,0.2
106720,0.16
106721,0.2
106724,0.13
106735,0.18
106739,0.07
106740,0.17
106754,0.17
106760,0.27
106761,0.21
106784,0.15
106787,0.19
106797,0.14
106798,0.13
106802,0.23
106803,0.14
106804,0.27
106805,0.08
106810,0.11
106812,0.14
106813,0.1
106817,0.1
106822,0.18
106823,0.12
106827,0.13
106841,0.19
106851,0.29
106852,0.2
106853,0.34
106854,0.31
106861,0.17
106873,0.18
106877,0.13
106878,0.09
106881,0.17
106900,0.1
106906,0.12
106907,0.23
106914,0.3
106916,0.14
106924,0.08
106931,0.11
106936,0.19
106937,0.26
106938,0.1
106939,0.17
106943,0.24
106944,0.28
106967,0.11
106980,0.22
106986,0.25
106987,0.13
106990,0.09
107013,0.09
107023,0.12
107033,0.22
107037,0.26
107048,0.1
107071,0.09
107081,0.07
107113,0.21
107130,0.16
107131,0.14
107145,0.12
107156,0.16
107219,0.16
107222,0.14
107223,0.34
107232,0.27
107245,0.11
107246,0.12
107247,0.18
107256,0.06
107259,0.14
107260,0.13
107279,0.27
107280,0.13
107281,0.11
107285,0.15
107329,0.13
107337,0.23
107349,0.16
107350,0.12
107351,0.09
107359,0.16
107391,0.16
107394,0.14
107395,0.12
107406,0.16
107416,0.21
107417,0.1
107418,0.17
107419,0.14
107444,0.07
107445,0.07
107446,0.11
107460,0.19
107470,0.1
107475,0.17
107520,0.08
107526,0.2
107527,0.11
107530,0.14
107532,0.15
107534,0.14
107535,0.16
107554,0.2
107556,0.16
107559,0.15
107561,0.12
107564,0.18
107566,0.16
107571,0.12
107590,0.27
107602,0.17
107625,0.12
107626,0.33
107635,0.15
107636,0.16
107645,0.16
107652,0.23
107655,0.14
107668,0.13
107670,0.11
107677,0.04
107680,0.24
107683,0.22
107684,0.19
107691,0.08
107692,0.21
107703,0.09
107709,0.12
107710,0.2
107721,0.21
107725,0.2
107727,0.11
107739,0.11
107740,0.21
107741,0.32
107747,0.13
107765,0.45
107768,0.11
107775,0.26
107782,0.22
107790,0.15
107801,0.08
107807,0.13
107811,0.14
107817,0.1
107826,0.14
107838,0.26
107839,0.17
107843,0.2
107847,0.2
107849,0.12
107850,0.2
107867,0.25
107871,0.15
107908,0.12
107913,0.15
107927,0.1
107931,0.04
107955,0.07
107962,0.11
107977,0.1
107978,0.15
107993,0.06
108010,0.21
108016,0.18
108018,0.39
108027,0.23
108045,0.38
108069,0.16
108082,0.14
108089,0.19
108092,0.14
108106,0.13
108112,0.13
108120,0.26
108122,0.24
108135,0.25
108170,0.17
108171,0.17
108177,0.07
108180,0.19
108183,0.07
108184,0.12
108185,0.17
108192,0.15
108195,0.19
108196,0.17
108218,0.04
108219,0.27
108243,0.16
108249,0.08
108251,0.17
108274,0.18
108280,0.35
108289,0.13
108292,0.15
108295,0.14
108327,0.23
108332,0.17
108346,0.15
108349,0.18
108353,0.13
108362,0.07
108363,0.12
108377,0.29
108378,0.17
108381,0.07
108383,0.23
108390,0.14
108407,0.1
108408,0.17
108411,0.13
108412,0.17
108419,0.16
108436,0.16
108437,0.26
108438,0.13
108441,0.14
108448,0.1
108449,0.13
108466,0.12
108467,0.19
108473,0.23
108474,0.11
108476,0.18
108479,0.14
108486,0.09
108493,0.14
108501,0.13
108506,0.27
108510,0.18
108511,0.2
108514,0.06
108517,0.15
108519,0.13
108522,0.06
108548,0.32
108554,0.2
108555,0.19
108559,0.15
108562,0.13
108571,0.08
108572,0.09
108579,0.14
108583,0.06
108584,0.1
108592,0.12
108602,0.12
108609,0.15
108613,0.23
108616,0.15
108618,0.18
108620,0.11
108643,0.1
108649,0.12
108654,0.21
108655,0.1
108656,0.09
108667,0.18
108668,0.1
108682,0.23
108690,0.12
108691,0.17
108692,0.19
108695,0.15
108699,0.09
108710,0.25
108718,0.14
108739,0.18
108740,0.15
108741,0.11
108742,0.14
108763,0.16
108767,0.19
108769,0.21
108779,0.32
108788,0.05
108801,0.09
108802,0.19
108810,0.11
108811,0.17
108813,0.15
108814,0.18
108825,0.13
108826,0.21
108830,0.08
108834,0.09
108852,0.12
108887,0.21
108901,0.19
108908,0.08
108910,0.1
108920,0.15
108922,0.15
108929,0.17
108930,0.17
108937,0.27
108938,0.12
108943,0.19
108948,0.04
108953,0.12
108956,0.23
108965,0.13
108985,0.36
108986,0.2
108987,0.18
108990,0.09
108991,0.09
108993,0.26
109000,0.17
109001,0.14
109012,0.3
109014,0.13
109015,0.15
109021,0.1
109037,0.1
109042,0.17
109044,0.13
109046,0.37
109064,0.11
109084,0.21
109086,0.13
109092,0.1
109093,0.27
109100,0.16
109101,0.06
109110,0.16
109114,0.15
109126,0.23
109152,0.09
109162,0.07
109167,0.15
109168,0.26
109169,0.09
109179,0.08
109184,0.16
109191,0.15
109192,0.08
109193,0.11
109196,0.18
109206,0.16
109210,0.08
109244,0.18
109249,0.14
109273,0.11
109276,0.2
109281,0.11
109287,0.06
109297,0.23
109298,0.08
109306,0.17
109309,0.15
109321,0.22
109328,0.19
109336,0.08
109342,0.13
109346,0.06
109347,0.11
109348,0.24
109362,0.09
109363,0.09
109367,0.08
109370,0.06
109393,0.22
109405,0.11
109413,0.12
109414,0.34
109421,0.1
109427,0.2
109428,0.07
109429,0.24
109437,0.14
109443,0.11
109461,0.17
109468,0.12
109469,0.08
109471,0.15
109479,0.08
109484,0.09
109501,0.21
109505,0.13
109535,0.13
109539,0.1
109544,0.15
109545,0.11
109551,0.2
109553,0.14
109555,0.04
109561,0.16
109580,0.07
109583,0.28
109593,0.18
109604,0.2
109620,0.12
109635,0.07
109637,0.33
109638,0.18
109642,0.21
109649,0.13
109652,0.12
109656,0.1
109663,0.14
109696,0.26
109700,0.27
109709,0.18
109735,0.1
109740,0.12
109741,0.21
109749,0.13
109764,0.08
109771,0.23
109772,0.09
109773,0.23
109798,0.19
109802,0.2
109804,0.13
109813,0.23
109818,0.13
109848,0.2
109850,0.14
109851,0.09
109855,0.15
109871,0.3
109877,0.13
109883,0.05
109886,0.09
109905,0.24
109936,0.25
109950,0.14
109958,0.17
109959,0.14
109969,0.13
109971,0.06
109984,0.06
109985,0.31
109988,0.11
109992,0.17
110005,0.17
110009,0.12
110011,0.24
110014,0.13
110026,0.14
110042,0.1
110058,0.08
110069,0.21
110080,0.11
110087,0.16
110091,0.14
110094,0.11
110098,0.15
110105,0.11
110117,0.17
110136,0.23
110138,0.33
110149,0.17
110164,0.24
110202,0.22
110212,0.14
110226,0.14
110236,0.16
110249,0.09
110257,0.17
110258,0.08
110277,0.08
110282,0.18
110284,0.17
110286,0.12
110289,0.12
110304,0.12
110319,0.15
110324,0.17
110326,0.17
110335,0.09
110337,0.17
110338,0.15
110343,0.12
110345,0.16
110347,0.2
110355,0.08
110359,0.11
110360,0.25
110364,0.1
110371,0.21
110372,0.1
110376,0.16
110379,0.19
110380,0.11
110393,0.13
110401,0.33
110406,0.08
110411,0.13
110416,0.08
110420,0.12
110443,0.18
110465,0.1
110468,0.12
110469,0.19
110471,0.26
110487,0.24
110491,0.16
110504,0.16
110547,0.09
110550,0.11
110559,0.21
110578,0.21
110582,0.19
110590,0.17
110598,0.26
110601,0.27
110602,0.11
110604,0.11
110625,0.26
110626,0.14
110636,0.24
110637,0.2
110638,0.15
110646,0.17
110648,0.15
110652,0.12
110681,0.09
110682,0.12
110687,0.24
110691,0.08
110694,0.07
110695,0.07
110696,0.13
110708,0.09
110710,0.05
110717,0.18
110730,0.2
110740,0.08
110742,0.08
110747,0.09
110761,0.11
110766,0.06
110769,0.13
110774,0.08
110803,0.09
110805,0.16
110809,0.25
110827,0.21
110832,0.11
110839,0.24
110859,0.18
110861,0.05
110863,0.23
110865,0.28
110881,0.25
110889,0.14
110891,0.11
110894,0.2
110895,0.17
110907,0.22
110914,0.18
110933,0.13
110934,0.06
110937,0.17
110953,0.09
110954,0.07
110958,0.25
110970,0.18
110974,0.16
110977,0.1
110989,0.18
110993,0.27
110994,0.29
111018,0.11
111019,0.1
111030,0.21
111032,0.19
111041,0.14
111045,0.18
111048,0.19
111052,0.09
111070,0.29
111084,0.23
111091,0.11
111104,0.18
111108,0.17
111112,0.15
111127,0.12
111142,0.17
111146,0.22
111165,0.13
111168,0.13
111169,0.24
111172,0.08
111173,0.08
111174,0.26
111175,0.31
111176,0.06
111177,0.13
111180,0.08
111182,0.09
111192,0.13
111194,0.13
111196,0.19
111197,0.15
111198,0.07
111205,0.13
111207,0.12
111222,0.11
111228,0.11
111233,0.11
111256,0.1
111258,0.09
111262,0.03
111263,0.15
111267,0.06
111269,0.15
111276,0.13
111277,0.2
111279,0.11
111290,0.11
111294,0.12
111295,0.18
111315,0.28
111318,0.23
111327,0.12
111328,0.24
111332,0.12
111338,0.11
111343,0.27
111344,0.11
111345,0.41
111347,0.07
111356,0.14
111359,0.19
111367,0.09
111368,0.15
111391,0.27
111408,0.09
111412,0.11
111419,0.17
111422,0.14
111423,0.34
111439,0.1
111452,0.32
111456,0.12
111467,0.16
111478,0.18
111482,0.19
111488,0.17
111503,0.16
111510,0.12
111512,0.13
111518,0.1
111532,0.21
111537,0.09
111541,0.26
111544,0.12
111550,0.13
111554,0.18
111560,0.26
111566,0.15
111567,0.28
111592,0.14
111618,0.15
111620,0.15
111627,0.11
111641,0.1
111646,0.29
111652,0.13
111657,0.1
111664,0.14
111665,0.16
111669,0.16
111673,0.11
111687,0.08
111688,0.13
111689,0.15
111694,0.09
111695,0.15
111698,0.2
111703,0.03
111709,0.1
111712,0.12
111715,0.18
111724,0.21
111730,0.11
111747,0.15
111760,0.09
111761,0.11
111763,0.14
111776,0.11
111777,0.15
111781,0.12
111793,0.1
111804,0.31
111810,0.28
111816,0.08
111818,0.18
111830,0.13
111832,0.07
111841,0.1
111842,0.16
111843,0.18
111846,0.17
111848,0.15
111856,0.11
111857,0.12
111877,0.1
111882,0.2
111883,0.21
111891,0.1
111893,0.13
111901,0.14
111912,0.17
111913,0.09
111955,0.11
111958,0.09
111960,0.17
111967,0.14
112000,0.18
112003,0.28
112015,0.21
112019,0.37
112020,0.07
112028,0.16
112029,0.18
112031,0.18
112039,0.16
112042,0.09
112049,0.09
112052,0.22
112054,0.11
112055,0.1
112063,0.24
112070,0.25
112071,0.22
112080,0.14
112083,0.17
112085,0.11
112089,0.11
112098,0.3
112100,0.08
112105,0.17
112124,0.07
112126,0.15
112127,0.12
112128,0.14
112148,0.11
112149,0.15
112165,0.2
112170,0.12
112171,0.16
112176,0.14
112186,0.08
112199,0.13
112203,0.18
112214,0.18
112215,0.16
112216,0.12
112224,0.1
112225,0.11
112231,0.38
112234,0.19
112235,0.1
112236,0.2
112254,0.25
112265,0.19
112271,0.08
112284,0.14
112287,0.24
112295,0.19
112303,0.24
112307,0.26
112310,0.15
112312,0.15
112313,0.1
112326,0.26
112333,0.17
112334,0.17
112339,0.11
112347,0.19
112350,0.25
112356,0.21
112357,0.16
112359,0.18
112360,0.19
112371,0.16
112385,0.11
112392,0.19
112401,0.19
112405,0.16
112414,0.29
112429,0.18
112448,0.1
112467,0.12
112468,0.16
112469,0.16
112491,0.16
112500,0.2
112510,0.38
112535,0.15
112537,0.12
112551,0.13
112552,0.15
112556,0.17
112577,0.17
112590,0.13
112593,0.13
112596,0.22
112601,0.07
112604,0.19
112622,0.09
112655,0.17
112663,0.08
112667,0.12
112670,0.08
112676,0.14
112677,0.12
112679,0.11
112683,0.1
112688,0.08
112692,0.09
112696,0.24
112702,0.18
112709,0.09
112720,0.19
112735,0.11
112738,0.22
112742,0.18
112748,0.11
112749,0.11
112766,0.18
112767,0.15
112769,0.15
112771,0.2
112775,0.09
112794,0.13
112795,0.1
112796,0.13
112815,0.06
112817,0.14
112821,0.16
112822,0.12
112829,0.21
112831,0.21
112835,0.12
112838,0.17
112842,0.09
112844,0.2
112845,0.08
112846,0.06
112847,0.11
112867,0.11
112868,0.13
112874,0.1
112879,0.1
112882,0.12
112886,0.08
112895,0.18
112896,0.18
112902,0.08
112904,0.1
112917,0.28
112932,0.16
112944,0.1
112946,0.12
112947,0.22
112948,0.14
112966,0.13
112967,0.1
112971,0.13
112973,0.18
112974,0.12
112978,0.23
112988,0.12
112992,0.21
113003,0.18
113004,0.15
113007,0.25
113020,0.21
113025,0.11
113032,0.09
113042,0.16
113047,0.18
113066,0.08
113067,0.2
113071,0.07
113087,0.14
113108,0.03
113109,0.09
113123,0.12
113128,0.36
113134,0.18
113151,0.11
113175,0.19
113181,0.14
113188,0.22
113191,0.14
113193,0.27
113201,0.24
113209,0.09
113222,0.19
113248,0.09
113272,0.2
113276,0.09
113287,0.14
113302,0.24
113308,0.18
113316,0.17
113318,0.13
113320,0.19
113322,0.17
113325,0.22
113326,0.27
113332,0.17
113346,0.31
113352,0.09
113361,0.11
113362,0.06
113365,0.12
113366,0.05
113368,0.2
113382,0.06
113385,0.1
113390,0.21
113391,0.14
113393,0.17
113396,0.14
113397,0.18
113402,0.15
113403,0.13
113405,0.14
113406,0.16
113410,0.36
113413,0.05
113418,0.15
113419,0.25
113435,0.21
113438,0.22
113447,0.1
113458,0.22
113466,0.08
113475,0.13
113482,0.18
113490,0.09
113505,0.07
113508,0.1
113520,0.08
113532,0.15
113535,0.12
113549,0.18
113557,0.16
113558,0.18
113561,0.09
113566,0.09
113569,0.08
113574,0.11
113576,0.21
113577,0.16
113585,0.12
113587,0.28
113599,0.16
113601,0.11
113602,0.18
113605,0.12
113609,0.16
113611,0.17
113616,0.09
113627,0.5
113631,0.21
113643,0.19
113652,0.12
113657,0.18
113659,0.14
113672,0.13
113680,0.18
113692,0.23
113694,0.15
113695,0.26
113701,0.18
113733,0.12
113738,0.26
113740,0.16
113742,0.18
113777,0.19
113783,0.2
113788,0.23
113789,0.1
113791,0.33
113795,0.12
113799,0.16
113805,0.09
113820,0.17
113822,0.1
113824,0.11
113829,0.15
113832,0.12
113833,0.11
113841,0.11
113849,0.13
113862,0.3
113863,0.2
113864,0.16
113870,0.08
113875,0.13
113882,0.09
113887,0.12
113894,0.1
113909,0.06
113930,0.3
113936,0.09
113939,0.14
113942,0.13
113943,0.18
113945,0.18
113947,0.13
113950,0.13
113951,0.18
113957,0.1
113966,0.23
113967,0.14
113977,0.13
113984,0.2
113986,0.1
113992,0.1
113998,0.08
113999,0.29
114003,0.15
114010,0.09
114011,0.31
114032,0.1
114047,0.16
114055,0.15
114056,0.22
114064,0.1
114065,0.08
114067,0.14
114068,0.1
114075,0.16
114076,0.08
114077,0.07
114094,0.14
114095,0.11
114109,0.19
114114,0.09
114116,0.09
114127,0.08
114158,0.15
114168,0.23
114169,0.17
114171,0.16
114180,0.46
114193,0.11
114198,0.11
114201,0.05
114202,0.32
114207,0.16
114210,0.12
114221,0.15
114222,0.09
114227,0.17
114250,0.08
114253,0.27
114265,0.14
114267,0.16
114273,0.26
114280,0.21
114281,0.13
114283,0.47
114291,0.37
114310,0.33
114316,0.08
114326,0.09
114327,0.09
114339,0.13
114352,0.06
114359,0.19
114360,0.17
114382,0.13
114396,0.1
114397,0.11
114415,0.22
114425,0.16
114434,0.18
114456,0.16
114463,0.18
114469,0.12
114476,0.08
114480,0.05
114482,0.21
114492,0.19
114493,0.16
114501,0.13
114506,0.22
114510,0.18
114515,0.25
114524,0.25
114545,0.16
114546,0.1
114560,0.16
114562,0.13
114563,0.14
114566,0.16
114599,0.06
114601,0.08
114607,0.3
114612,0.1
114622,0.26
114625,0.33
114634,0.11
114635,0.11
114641,0.08
114644,0.16
114645,0.14
114651,0.05
114653,0.12
114654,0.16
114667,0.12
114668,0.2
114670,0.13
114686,0.2
114688,0.24
114690,0.2
114691,0.09
114700,0.18
114706,0.02
114740,0.17
114741,0.15
114755,0.09
114757,0.1
114767,0.19
114772,0.24
114780,0.21
114782,0.12
114791,0.13
114815,0.16
114823,0.08
114835,0.14
114838,0.13
114840,0.13
114842,0.16
114844,0.14
114850,0.25
114853,0.11
114856,0.28
114857,0.19
114858,0.17
114864,0.13
114871,0.13
114875,0.12
114879,0.12
114893,0.12
114912,0.17
114922,0.1
114930,0.06
114945,0.09
114951,0.14
114958,0.08
114962,0.12
114976,0.18
114978,0.15
114987,0.19
115002,0.15
115005,0.1
115023,0.18
115030,0.18
115033,0.26
115034,0.11
115038,0.11
115046,0.12
115049,0.18
115055,0.11
115059,0.16
115076,0.13
115078,0.16
115081,0.19
115085,0.1
115096,0.09
115101,0.1
115114,0.17
115119,0.16
115121,0.03
115122,0.16
115144,0.14
115147,0.25
115151,0.09
115172,0.19
115175,0.14
115183,0.11
115185,0.19
115197,0.21
115200,0.15
115207,0.15
115217,0.07
115230,0.19
115237,0.09
115246,0.12
115251,0.14
115269,0.12
115290,0.15
115299,0.14
115309,0.24
115310,0.15
115311,0.1
115312,0.12
115323,0.14
115324,0.12
115341,0.27
115342,0.18
115343,0.09
115350,0.14
115354,0.12
115360,0.15
115368,0.26
115373,0.16
115396,0.23
115400,0.16
115401,0.09
115404,0.07
115405,0.21
115406,0.08
115407,0.1
115412,0.24
115413,0.24
115415,0.1
115423,0.11
115427,0.22
115428,0.13
115439,0.1
115440,0.23
115447,0.17
115450,0.15
115457,0.17
115459,0.13
115463,0.12
115473,0.35
115477,0.09
115479,0.14
115480,0.1
115481,0.1
115485,0.22
115489,0.16
115495,0.05
115500,0.08
115521,0.22
115572,0.09
115580,0.14
115582,0.15
115586,0.16
115587,0.2
115588,0.14
115591,0.17
115592,0.07
115618,0.12
115619,0.24
115621,0.3
115632,0.24
115646,0.13
115658,0.17
115671,0.1
115680,0.22
115686,0.1
115688,0.13
115705,0.26
115707,0.06
115708,0.17
115726,0.28
115759,0.18
115773,0.05
115777,0.16
115778,0.19
115781,0.21
115801,0.31
115804,0.22
115810,0.12
115812,0.18
115820,0.27
115827,0.1
115831,0.15
115841,0.15
115846,0.22
115852,0.09
115857,0.1
115858,0.17
115860,0.09
115865,0.12
115867,0.12
115869,0.15
115877,0.15
115904,0.17
115913,0.15
115916,0.11
115928,0.11
115932,0.14
115933,0.14
115937,0.28
115938,0.1
115957,0.12
115958,0.15
115969,0.09
115980,0.24
115984,0.11
116006,0.1
116007,0.28
116008,0.16
116009,0.17
116011,0.13
116012,0.27
116015,0.27
116025,0.18
116047,0.07
116052,0.09
116068,0.15
116077,0.12
116084,0.17
116089,0.13
116093,0.13
116097,0.17
116102,0.15
116118,0.17
116119,0.06
116125,0.17
116128,0.2
116135,0.08
116140,0.24
116141,0.16
116142,0.12
116153,0.11
116156,0.24
116157,0.23
116167,0.07
116168,0.21
116175,0.11
116187,0.12
116189,0.21
116191,0.18
116201,0.23
116210,0.16
116213,0.15
116215,0.28
116223,0.11
116226,0.08
116228,0.11
116241,0.06
116247,0.11
116266,0.1
116276,0.28
116287,0.13
116289,0.15
116292,0.15
116306,0.12
116309,0.11
116312,0.06
116313,0.25
116335,0.13
116342,0.18
116348,0.07
116367,0.13
116380,0.24
116383,0.18
116389,0.17
116395,0.24
116397,0.11
116398,0.16
116402,0.17
116404,0.19
116406,0.08
116424,0.17
116428,0.07
116436,0.1
116440,0.11
116448,0.09
116458,0.08
116466,0.12
116469,0.05
116473,0.13
116474,0.12
116479,0.18
116480,0.14
116491,0.1
116493,0.07
116505,0.26
116511,0.15
116525,0.16
116535,0.18
116544,0.09
116546,0.11
116562,0.11
116565,0.24
116578,0.17
116579,0.07
116580,0.2
116582,0.06
116584,0.06
116586,0.08
116596,0.09
116597,0.17
116598,0.2
116604,0.27
116608,0.15
116609,0.15
116613,0.15
116614,0.14
116615,0.13
116633,0.13
116637,0.14
116643,0.12
116647,0.24
116656,0.16
116659,0.15
116662,0.16
116676,0.11
116680,0.11
116681,0.17
116683,0.19
116684,0.11
116712,0.06
116720,0.2
116726,0.21
116729,0.16
116737,0.08
116745,0.18
116747,0.16
116766,0.14
116781,0.17
116783,0.06
116787,0.07
116788,0.32
116789,0.15
116801,0.12
116803,0.13
116804,0.16
116806,0.09
116815,0.19
116817,0.16
116825,0.19
116828,0.07
116829,0.11
116853,0.16
116854,0.18
116859,0.15
116860,0.15
116865,0.16
116872,0.27
116880,0.16
116882,0.16
116893,0.2
116896,0.15
116906,0.17
116908,0.13
116925,0.13
116926,0.16
116948,0.19
116949,0.2
116955,0.17
116964,0.09
116974,0.17
116976,0.2
116990,0.11
116993,0.13
116994,0.18
116997,0.19
117003,0.13
117007,0.11
117011,0.19
117012,0.11
117019,0.1
117021,0.04
117030,0.1
117036,0.13
117043,0.11
117054,0.12
117070,0.08
117077,0.28
117087,0.12
117093,0.17
117105,0.08
117112,0.1
117129,0.31
117135,0.18
117138,0.29
117142,0.15
117148,0.16
117157,0.16
117170,0.15
117171,0.1
117172,0.23
117178,0.23
117186,0.13
117187,0.17
117193,0.22
117194,0.18
117199,0.07
117207,0.1
117211,0.09
117216,0.18
117217,0.11
117218,0.15
117219,0.15
117224,0.13
117225,0.19
117239,0.12
117242,0.13
117249,0.38
117255,0.19
117257,0.13
117272,0.15
117284,0.19
117287,0.13
117293,0.17
117298,0.41
117299,0.12
117307,0.09
117321,0.11
117323,0.2
117326,0.26
117327,0.26
117341,0.1
117350,0.22
117362,0.26
117375,0.11
117391,0.22
117392,0.16
117396,0.2
117399,0.15
117400,0.15
117402,0.08
117406,0.23
117417,0.31
117418,0.13
117425,0.12
117428,0.1
117443,0.15
117448,0.21
117449,0.12
117450,0.18
117463,0.11
117467,0.1
117478,0.14
117480,0.17
117483,0.22
117484,0.2
117495,0.1
117498,0.09
117501,0.1
117503,0.2
117520,0.24
117524,0.16
117525,0.25
117526,0.12
117527,0.22
117531,0.11
117545,0.16
117547,0.22
117557,0.15
117563,0.2
117564,0.11
117598,0.26
117599,0.18
117610,0.05
117614,0.14
117616,0.2
117623,0.11
117625,0.24
117633,0.1
117634,0.14
117639,0.24
117652,0.14
117653,0.2
117660,0.24
117661,0.07
117662,0.1
117676,0.11
117677,0.22
117681,0.12
117684,0.16
117707,0.07
117736,0.31
117737,0.18
117741,0.18
117746,0.21
117753,0.28
117755,0.16
117775,0.19
117784,0.13
117786,0.11
117791,0.09
117801,0.18
117805,0.1
117816,0.09
117824,0.23
117835,0.13
117837,0.08
117847,0.23
117853,0.18
117854,0.11
117886,0.12
117900,0.2
117920,0.35
117924,0.08
117925,0.17
117934,0.14
117957,0.12
117959,0.13
117967,0.18
117969,0.2
117981,0.1
117982,0.11
117996,0.25
118000,0.28
118018,0.11
118025,0.15
118026,0.24
118044,0.18
118045,0.25
118048,0.17
118055,0.17
118058,0.15
118060,0.3
118066,0.1
118071,0.2
118072,0.2
118082,0.11
118089,0.11
118106,0.12
118115,0.09
118127,0.22
118144,0.17
118150,0.15
118151,0.07
118157,0.35
118162,0.09
118163,0.09
118166,0.1
118181,0.16
118191,0.13
118202,0.24
118205,0.15
118214,0.13
118251,0.22
118264,0.24
118271,0.36
118272,0.1
118276,0.23
118287,0.32
118291,0.15
118292,0.12
118294,0.21
118305,0.13
118312,0.14
118319,0.15
118321,0.18
118326,0.3
118342,0.15
118343,0.1
118353,0.16
118354,0.1
118358,0.15
118359,0.2
118365,0.16
118367,0.11
118368,0.11
118371,0.12
118378,0.18
118379,0.27
118383,0.07
118386,0.17
118387,0.16
118400,0.13
118403,0.15
118428,0.19
118440,0.15
118459,0.17
118490,0.1
118491,0.27
118492,0.21
118498,0.24
118499,0.13
118509,0.07
118518,0.11
118531,0.27
118532,0.09
118546,0.11
118548,0.14
118558,0.18
118560,0.23
118561,0.1
118562,0.14
118564,0.1
118569,0.22
118578,0.15
118585,0.12
118591,0.06
118592,0.11
118594,0.21
118611,0.18
118614,0.21
118622,0.13
118641,0.13
118642,0.1
118650,0.06
118666,0.15
118696,0.2
118697,0.11
118710,0.14
118717,0.16
118720,0.08
118735,0.07
118747,0.1
118750,0.12
118789,0.12
118791,0.21
118803,0.13
118804,0.12
118806,0.32
118809,0.17
118823,0.12
118842,0.13
118871,0.45
118874,0.24
118876,0.07
118886,0.18
118888,0.21
118889,0.15
118894,0.22
118898,0.09
118905,0.14
118911,0.16
118915,0.21
118916,0.17
118925,0.14
118926,0.11
118929,0.19
118935,0.08
118947,0.14
118951,0.13
118953,0.15
118960,0.18
118973,0.15
119001,0.13
119003,0.2
119009,0.16
119011,0.16
119012,0.14
119014,0.11
119025,0.09
119047,0.23
119049,0.14
119057,0.15
119062,0.19
119064,0.12
119069,0.22
119079,0.09
119088,0.03
119091,0.23
119095,0.18
119104,0.19
119108,0.3
119109,0.12
119115,0.12
119125,0.08
119146,0.17
119148,0.13
119160,0.19
119164,0.44
119169,0.18
119179,0.13
119187,0.16
119191,0.13
119205,0.1
119207,0.24
119208,0.11
119217,0.12
119230,0.08
119232,0.19
119236,0.25
119238,0.12
119240,0.21
119250,0.17
119251,0.17
119252,0.18
119266,0.11
119267,0.17
119270,0.15
119272,0.21
119276,0.18
119281,0.07
119295,0.16
119313,0.18
119318,0.08
119321,0.21
119340,0.09
119341,0.09
119344,0.21
119348,0.12
119353,0.17
119361,0.15
119362,0.4
119376,0.23
119383,0.15
119391,0.1
119394,0.14
119395,0.21
119415,0.08
119430,0.11
119441,0.09
119454,0.13
119468,0.14
119474,0.25
119492,0.11
119496,0.13
119500,0.24
119501,0.29
119510,0.11
119518,0.13
119524,0.2
119533,0.11
119540,0.28
119553,0.13
119573,0.1
119593,0.14
119594,0.11
119595,0.28
119596,0.13
119607,0.31
119609,0.13
119616,0.11
119618,0.18
119619,0.23
119628,0.14
119630,0.08
119632,0.16
119648,0.35
119671,0.13
119675,0.11
119683,0.16
119689,0.18
119697,0.16
119698,0.24
119702,0.26
119709,0.16
119715,0.12
119718,0.07
119719,0.32
119731,0.21
119736,0.17
119745,0.21
119749,0.09
119751,0.12
119757,0.21
119761,0.21
119762,0.16
119771,0.07
119778,0.12
119784,0.08
119788,0.09
119802,0.06
119803,0.13
119806,0.18
119810,0.09
119811,0.2
119813,0.2
119820,0.26
119821,0.27
119842,0.07
119843,0.11
119844,0.1
119861,0.1
119866,0.13
119868,0.12
119875,0.1
119896,0.26
119898,0.11
119921,0.15
119922,0.12
119929,0.14
119934,0.11
119938,0.14
119947,0.13
119948,0.25
119967,0.12
119977,0.1
119980,0.13
119984,0.29
119989,0.11
119990,0.16
119994,0.16
119999,0.17
120004,0.1
120020,0.1
120030,0.09
120036,0.12
120050,0.24
120051,0.35
120053,0.14
120075,0.26
120076,0.1
120088,0.1
120099,0.06
120101,0.09
120102,0.12
120108,0.06
120145,0.22
120146,0.18
120154,0.11
120156,0.15
120165,0.14
120166,0.26
120176,0.16
120179,0.25
120182,0.16
120198,0.14
120205,0.26
120208,0.1
120214,0.08
120220,0.17
120227,0.18
120233,0.11
120240,0.06
120243,0.23
120266,0.18
120268,0.23
120280,0.15
120281,0.2
120284,0.14
120298,0.13
120304,0.1
120306,0.23
120320,0.16
120325,0.08
120326,0.11
120335,0.24
120341,0.12
120343,0.09
120388,0.14
120390,0.07
120404,0.13
120405,0.18
120408,0.27
120415,0.23
120421,0.3
120422,0.11
120433,0.18
120437,0.26
120440,0.12
120441,0.13
120449,0.15
120457,0.17
120459,0.13
120460,0.12
120463,0.16
120464,0.12
120470,0.14
120488,0.27
120535,0.16
120538,0.12
120539,0.21
120541,0.22
120562,0.2
120570,0.11
120580,0.16
120581,0.18
120591,0.34
120593,0.14
120598,0.25
120603,0.1
120607,0.28
120642,0.11
120647,0.13
120649,0.13
120664,0.1
120665,0.16
120671,0.23
120678,0.14
120679,0.06
120680,0.15
120681,0.16
120691,0.16
120696,0.14
120697,0.16
120713,0.12
120721,0.29
120725,0.13
120734,0.26
120740,0.28
120748,0.2
120755,0.13
120759,0.13
120761,0.13
120764,0.16
120770,0.11
120777,0.08
120796,0.07
120803,0.14
120809,0.11
120811,0.14
120826,0.16
120829,0.12
120832,0.15
120840,0.24
120857,0.18
120885,0.09
120891,0.11
120894,0.1
120905,0.15
120913,0.2
120914,0.04
120918,0.09
120921,0.11
120923,0.19
120927,0.25
120928,0.11
120934,0.21
120936,0.15
120942,0.17
120946,0.07
120947,0.14
120953,0.15
120955,0.09
120956,0.15
120977,0.1
120980,0.17
120981,0.1
120982,0.15
120991,0.14
121011,0.16
121013,0.13
121018,0.17
121020,0.17
121037,0.08
121038,0.12
121039,0.08
121045,0.17
121046,0.09
121059,0.27
121066,0.26
121078,0.17
121080,0.25
121081,0.15
121086,0.13
121099,0.19
121100,0.09
121107,0.17
121108,0.08
121111,0.09
121130,0.07
121131,0.19
121135,0.18
121152,0.06
121156,0.11
121160,0.14
121162,0.2
121175,0.22
121181,0.16
121186,0.15
121197,0.07
121201,0.23
121208,0.13
121215,0.21
121220,0.3
121225,0.24
121227,0.12
121228,0.17
121243,0.14
121258,0.17
121259,0.13
121265,0.09
121279,0.15
121280,0.16
121281,0.19
121283,0.07
121288,0.14
121296,0.13
121300,0.19
121308,0.19
121321,0.24
121323,0.13
121332,0.12
121334,0.09
121348,0.1
121350,0.08
121351,0.12
121363,0.13
121379,0.13
121380,0.2
121383,0.17
121387,0.18
121414,0.15
121416,0.11
121422,0.1
121423,0.08
121427,0.13
121431,0.09
121438,0.13
121460,0.12
121479,0.07
121482,0.11
121483,0.25
121488,0.25
121489,0.2
121492,0.16
121502,0.08
121503,0.16
121513,0.15
121544,0.12
121545,0.15
121546,0.11
121552,0.34
121553,0.2
121556,0.2
121557,0.17
121583,0.12
121588,0.09
121596,0.15
121597,0.14
121612,0.15
121618,0.12
121619,0.15
121621,0.13
121622,0.08
121626,0.17
121628,0.16
121630,0.39
121631,0.11
121632,0.22
121641,0.12
121695,0.13
121733,0.12
121754,0.2
121762,0.12
121765,0.08
121766,0.17
121771,0.15
121772,0.42
121778,0.2
121791,0.13
121792,0.15
121822,0.25
121825,0.21
121832,0.11
121841,0.17
121846,0.14
121850,0.13
121851,0.18
121853,0.3
121857,0.09
121862,0.18
121863,0.11
121875,0.12
121881,0.15
121896,0.35
121901,0.12
121908,0.23
121909,0.23
121916,0.09
121919,0.12
121921,0.19
121933,0.12
121947,0.13
121948,0.19
121963,0.18
121968,0.09
121970,0.11
121978,0.07
121991,0.21
121996,0.14
121997,0.39
122000,0.15
122015,0.16
122017,0.22
122027,0.22
122044,0.09
122047,0.09
122055,0.31
122065,0.19
122069,0.19
122074,0.13
122086,0.11
122089,0.1
122099,0.12
122102,0.12
122118,0.17
122124,0.08
122125,0.1
122129,0.14
122133,0.11
122135,0.13
122136,0.13
122142,0.05
122154,0.17
122158,0.15
122160,0.09
122165,0.11
122166,0.19
122170,0.08
122175,0.05
122192,0.14
122207,0.21
122210,0.1
122215,0.13
122222,0.11
122234,0.27
122235,0.11
122236,0.12
122248,0.23
122256,0.06
122257,0.1
122258,0.07
122259,0.11
122260,0.17
122264,0.11
122266,0.17
122268,0.09
122271,0.07
122283,0.11
122286,0.07
122288,0.14
122301,0.09
122313,0.17
122322,0.15
122323,0.09
122324,0.14
122336,0.07
122338,0.14
122349,0.06
122351,0.1
122354,0.17
122358,0.19
122376,0.26
122378,0.18
122387,0.1
122392,0.11
122405,0.24
122409,0.21
122411,0.17
122415,0.18
122416,0.27
122425,0.19
122452,0.15
122453,0.19
122456,0.12
122458,0.18
122465,0.17
122468,0.11
122477,0.09
122483,0.13
122517,0.17
122521,0.34
122537,0.09
122538,0.12
122552,0.19
122557,0.22
122561,0.12
122568,0.1
122573,0.15
122583,0.31
122590,0.27
122609,0.14
122617,0.11
122621,0.16
122635,0.11
122638,0.16
122639,0.15
122644,0.12
122675,0.1
122699,0.21
122703,0.08
122706,0.19
122712,0.16
122730,0.06
122731,0.01
122736,0.1
122741,0.11
122745,0.13
122751,0.3
122768,0.08
122785,0.17
122797,0.08
122812,0.17
122816,0.12
122817,0.08
122826,0.19
122838,0.15
122845,0.1
122848,0.1
122850,0.08
122856,0.2
122862,0.07
122869,0.2
122871,0.19
122874,0.39
122875,0.13
122885,0.13
122901,0.14
122902,0.14
122903,0.06
122904,0.15
122910,0.12
122921,0.14
122925,0.09
122964,0.11
122975,0.17
122977,0.12
122984,0.31
122999,0.15
123004,0.19
123009,0.18
123012,0.16
123018,0.12
123025,0.22
123037,0.13
123038,0.16
123039,0.2
123045,0.14
123046,0.08
123051,0.15
123052,0.13
123056,0.13
123061,0.11
123072,0.21
123074,0.21
123086,0.27
123087,0.11
123091,0.16
123094,0.14
123105,0.18
123110,0.13
123113,0.14
123114,0.22
123124,0.14
123131,0.1
123136,0.38
123146,0.08
123147,0.11
123155,0.2
123163,0.08
123182,0.15
123196,0.07
123200,0.08
123204,0.12
123207,0.06
123210,0.07
123215,0.23
123227,0.12
123234,0.1
123239,0.17
123249,0.23
123252,0.08
123255,0.09
123257,0.11
123260,0.05
123263,0.2
123274,0.13
123275,0.14
123276,0.08
123292,0.16
123308,0.08
123316,0.12
123328,0.17
123330,0.16
123331,0.22
123334,0.33
123343,0.08
123344,0.16
123345,0.15
123352,0.23
123356,0.12
123365,0.23
123368,0.15
123376,0.13
123381,0.09
123384,0.16
123389,0.07
123401,0.21
123419,0.13
123433,0.06
123438,0.12
123441,0.15
123456,0.14
123457,0.27
123476,0.09
123477,0.09
123489,0.16
123490,0.13
123496,0.22
123502,0.1
123503,0.31
123513,0.18
123515,0.18
123530,0.22
123532,0.09
123537,0.17
123539,0.29
123540,0.13
123546,0.11
123547,0.29
123554,0.21
123572,0.17
123574,0.17
123575,0.13
123576,0.13
123584,0.06
123586,0.12
123591,0.11
123606,0.12
123607,0.12
123615,0.14
123616,0.12
123619,0.12
123621,0.19
123622,0.11
123633,0.14
123635,0.13
123658,0.27
123659,0.05
123663,0.18
123666,0.18
123670,0.19
123678,0.13
123688,0.18
123707,0.06
123709,0.16
123720,0.1
123741,0.12
123751,0.17
123759,0.23
123765,0.13
123766,0.11
123793,0.35
123794,0.19
123809,0.16
123837,0.13
123839,0.15
123843,0.22
123851,0.19
123854,0.21
123860,0.09
123863,0.12
123879,0.1
123888,0.22
123891,0.09
123912,0.09
123942,0.12
123952,0.25
123953,0.08
123958,0.25
123966,0.1
123977,0.22
123981,0.11
124000,0.09
124023,0.07
124026,0.08
124027,0.15
124033,0.17
124053,0.1
124057,0.13
124065,0.23
124074,0.08
124079,0.17
124095,0.11
124110,0.24
124138,0.07
124167,0.3
124168,0.16
124175,0.1
124176,0.24
124181,0.23
124195,0.23
124197,0.1
124206,0.13
124225,0.08
124230,0.11
124231,0.26
124253,0.15
124257,0.24
124263,0.14
124277,0.09
124285,0.1
124289,0.14
124299,0.27
124303,0.11
124309,0.4
124316,0.19
124319,0.18
124335,0.31
124347,0.3
124359,0.15
124362,0.15
124363,0.15
124389,0.14
124390,0.08
124393,0.29
124401,0.39
124406,0.08
124407,0.07
124416,0.15
124423,0.08
124429,0.07
124431,0.15
124439,0.14
124441,0.16
124451,0.16
124454,0.16
124463,0.38
124492,0.21
124493,0.14
124503,0.19
124506,0.15
124514,0.08
124516,0.1
124519,0.19
124520,0.18
124539,0.22
124545,0.26
124546,0.23
124552,0.06
124553,0.29
124555,0.11
124575,0.11
124586,0.17
124587,0.08
124591,0.29
124595,0.08
124597,0.18
124625,0.15
124628,0.19
124647,0.21
124648,0.1
124654,0.17
124655,0.14
124656,0.14
124658,0.16
124674,0.21
124675,0.12
124686,0.19
124696,0.25
124698,0.21
124702,0.15
124704,0.15
124705,0.12
124719,0.14
124732,0.1
124734,0.22
124737,0.06
124742,0.18
124793,0.08
124816,0.27
124820,0.11
124823,0.29
124826,0.07
124829,0.11
124844,0.18
124850,0.1
124866,0.07
124868,0.13
124874,0.16
124875,0.05
124876,0.1
124887,0.13
124893,0.27
124901,0.1
124905,0.25
124906,0.22
124931,0.12
124938,0.15
124940,0.32
124947,0.1
124948,0.16
124949,0.08
124971,0.21
124974,0.15
124976,0.11
125004,0.16
125025,0.06
125029,0.15
125031,0.06
125037,0.2
125046,0.07
125052,0.13
125053,0.1
125090,0.17
125093,0.1
125100,0.16
125101,0.2
125104,0.21
125111,0.23
125133,0.08
125144,0.21
125145,0.18
125149,0.11
125157,0.15
125158,0.36
125164,0.23
125167,0.1
125170,0.16
125177,0.08
125185,0.14
125190,0.07
125196,0.09
125200,0.18
125203,0.19
125215,0.16
125221,0.22
125224,0.06
125227,0.22
125252,0.18
125256,0.1
125264,0.13
125266,0.08
125267,0.1
125268,0.23
125270,0.1
125271,0.13
125276,0.11
125290,0.12
125300,0.07
125311,0.11
125327,0.06
125338,0.14
125359,0.15
125360,0.06
125366,0.09
125373,0.21
125376,0.24
125384,0.15
125387,0.17
125388,0.13
125393,0.12
125394,0.2
125396,0.06
125397,0.04
125408,0.3
125409,0.14
125414,0.29
125423,0.11
125425,0.21
125436,0.13
125450,0.16
125465,0.08
125471,0.21
125488,0.17
125496,0.17
125500,0.29
125505,0.12
125507,0.11
125519,0.07
125521,0.3
125524,0.19
125531,0.16
125542,0.12
125552,0.09
125560,0.1
125573,0.11
125574,0.17
125576,0.24
125592,0.12
125604,0.1
125622,0.18
125628,0.1
125649,0.11
125668,0.23
125695,0.06
125698,0.13
125701,0.21
125705,0.2
125709,0.14
125713,0.04
125720,0.19
125727,0.33
125747,0.13
125752,0.11
125758,0.13
125772,0.12
125779,0.43
125798,0.26
125804,0.14
125814,0.13
125817,0.08
125835,0.07
125838,0.17
125842,0.13
125852,0.29
125878,0.14
125886,0.21
125896,0.25
125924,0.22
125930,0.15
125939,0.1
125957,0.18
125961,0.1
125972,0.17
125973,0.27
125975,0.1
125983,0.15
125984,0.35
125990,0.14
126016,0.23
126022,0.06
126028,0.19
126047,0.19
126048,0.08
126067,0.18
126068,0.12
126069,0.11
126088,0.13
126121,0.09
126123,0.06
126125,0.15
126136,0.17
126159,0.14
126162,0.1
126165,0.08
126172,0.17
126175,0.25
126178,0.1
126184,0.13
126198,0.19
126202,0.15
126203,0.08
126205,0.1
126214,0.15
126231,0.3
126238,0.21
126242,0.16
126252,0.11
126263,0.18
126265,0.19
126267,0.23
126274,0.1
126299,0.15
126307,0.21
126310,0.18
126329,0.13
126331,0.18
126340,0.11
126341,0.2
126348,0.14
126349,0.11
126351,0.14
126354,0.15
126366,0.16
126370,0.08
126398,0.18
126407,0.13
126409,0.16
126431,0.17
126438,0.11
126448,0.13
126462,0.06
126464,0.12
126468,0.11
126472,0.15
126473,0.12
126479,0.16
126484,0.17
126486,0.14
126488,0.14
126490,0.2
126494,0.15
126506,0.12
126510,0.17
126513,0.2
126526,0.3
126533,0.2
126538,0.21
126549,0.16
126553,0.17
126554,0.11
126555,0.11
126579,0.19
126584,0.09
126594,0.11
126595,0.17
126596,0.27
126602,0.09
126611,0.1
126614,0.11
126636,0.15
126638,0.12
126651,0.14
126658,0.16
126674,0.12
126685,0.06
126688,0.19
126689,0.13
126707,0.31
126715,0.11
126716,0.11
126721,0.3
126722,0.17
126732,0.09
126738,0.18
126743,0.12
126744,0.12
126752,0.11
126759,0.18
126763,0.26
126775,0.17
126778,0.22
126784,0.12
126791,0.11
126792,0.21
126804,0.24
126816,0.2
126817,0.12
126822,0.07
126832,0.17
126842,0.07
126849,0.14
126850,0.06
126861,0.05
126871,0.08
126872,0.17
126880,0.1
126888,0.16
126896,0.07
126913,0.15
126918,0.14
126954,0.09
126961,0.08
126963,0.09
126965,0.23
126968,0.17
126971,0.24
126981,0.18
126984,0.16
126985,0.16
126995,0.17
126999,0.19
127007,0.16
127015,0.11
127038,0.08
127054,0.1
127057,0.05
127062,0.22
127083,0.22
127098,0.13
127102,0.14
127110,0.14
127111,0.1
127116,0.12
127126,0.1
127135,0.11
127137,0.11
127142,0.19
127151,0.08
127155,0.18
127156,0.2
127160,0.12
127169,0.17
127174,0.15
127175,0.12
127177,0.16
127192,0.09
127193,0.16
127196,0.15
127197,0.16
127204,0.14
127207,0.15
127215,0.07
127226,0.17
127230,0.09
127244,0.13
127247,0.14
127249,0.15
127259,0.23
127299,0.18
127304,0.08
127308,0.15
127309,0.09
127313,0.16
127316,0.16
127317,0.14
127318,0.24
127333,0.1
127334,0.1
127336,0.08
127346,0.16
127370,0.11
127375,0.16
127390,0.17
127392,0.1
127398,0.08
127400,0.14
127402,0.17
127407,0.2
127412,0.15
127413,0.12
127415,0.09
127418,0.25
127425,0.21
127432,0.16
127436,0.14
127448,0.14
127449,0.19
127463,0.21
127464,0.29
127468,0.17
127481,0.14
127492,0.14
127495,0.1
127496,0.1
127501,0.15
127508,0.11
127531,0.13
127554,0.14
127562,0.11
127565,0.04
127567,0.19
127582,0.1
127593,0.05
127595,0.08
127614,0.09
127627,0.2
127630,0.11
127638,0.13
127639,0.13
127641,0.13
127643,0.16
127665,0.07
127674,0.17
127676,0.16
127693,0.08
127701,0.11
127702,0.15
127709,0.14
127720,0.16
127733,0.12
127739,0.16
127753,0.14
127756,0.13
127757,0.22
127777,0.23
127810,0.2
127811,0.13
127821,0.22
127835,0.2
127839,0.11
127870,0.15
127878,0.2
127887,0.15
127918,0.21
127919,0.18
127920,0.17
127932,0.12
127933,0.2
127953,0.23
127955,0.13
127957,0.12
127961,0.1
127967,0.15
127970,0.11
127975,0.08
127985,0.17
127991,0.11
127997,0.11
127999,0.17
128004,0.16
128005,0.14
128015,0.16
128018,0.2
128044,0.13
128046,0.12
128047,0.16
128048,0.23
128054,0.12
128066,0.2
128070,0.15
128071,0.16
128094,0.28
128095,0.12
128099,0.31
128116,0.07
128130,0.07
128132,0.09
128133,0.22
128140,0.12
128154,0.12
128156,0.37
128160,0.14
128165,0.27
128166,0.09
128169,0.09
128171,0.15
128177,0.07
128178,0.12
128182,0.09
128191,0.15
128199,0.12
128213,0.13
128214,0.13
128216,0.09
128217,0.18
128226,0.15
128229,0.13
128232,0.13
128246,0.11
128273,0.15
128274,0.07
128283,0.09
128284,0.16
128294,0.18
128295,0.27
128297,0.1
128300,0.1
128314,0.07
128317,0.16
128339,0.15
128340,0.13
128342,0.18
128343,0.13
128364,0.19
128368,0.19
128377,0.13
128380,0.09
128383,0.17
128407,0.21
128409,0.14
128423,0.11
128428,0.15
128433,0.11
128438,0.2
128439,0.12
128446,0.1
128447,0.14
128450,0.27
128455,0.26
128457,0.19
128464,0.15
128465,0.1
128471,0.1
128474,0.2
128483,0.14
128514,0.14
128516,0.15
128519,0.14
128528,0.12
128529,0.23
128536,0.21
128541,0.1
128542,0.15
128545,0.11
128557,0.07
128560,0.22
128568,0.1
128571,0.12
128578,0.06
128582,0.14
128588,0.2
128597,0.22
128610,0.16
128619,0.16
128630,0.12
128680,0.21
128684,0.19
128687,0.18
128699,0.21
128702,0.11
128704,0.17
128710,0.19
128720,0.25
128724,0.07
128727,0.13
128744,0.13
128745,0.11
128760,0.16
128766,0.19
128770,0.1
128782,0.12
128822,0.07
128830,0.2
128836,0.22
128845,0.12
128858,0.12
128859,0.14
128860,0.11
128874,0.15
128880,0.12
128882,0.13
128883,0.33
128884,0.14
128892,0.25
128905,0.2
128910,0.18
128912,0.21
128915,0.14
128917,0.17
128937,0.06
128942,0.1
128945,0.06
128957,0.08
128962,0.12
128970,0.11
128985,0.09
128986,0.13
128992,0.1
128994,0.13
129003,0.16
129005,0.1
129010,0.07
129024,0.14
129038,0.11
129042,0.17
129049,0.15
129062,0.31
129067,0.14
129070,0.12
129073,0.07
129074,0.27
129088,0.09
129090,0.16
129101,0.26
129102,0.15
129106,0.25
129108,0.14
129120,0.16
129122,0.12
129123,0.29
129135,0.14
129141,0.14
129152,0.14
129160,0.11
129168,0.2
129174,0.14
129178,0.07
129183,0.14
129187,0.13
129197,0.15
129200,0.1
129205,0.2
129222,0.1
129230,0.11
129235,0.13
129251,0.14
129274,0.12
129282,0.12
129284,0.16
129298,0.12
129299,0.08
129311,0.11
129312,0.13
129313,0.14
129314,0.12
129321,0.18
129329,0.12
129330,0.27
129332,0.12
129338,0.1
129345,0.08
129349,0.15
129353,0.08
129357,0.17
129358,0.15
129365,0.17
129376,0.13
129380,0.11
129382,0.17
129402,0.08
129403,0.09
129412,0.04
129441,0.21
129442,0.1
129448,0.13
129466,0.07
129475,0.15
129483,0.15
129484,0.11
129499,0.08
129501,0.09
129508,0.15
129510,0.15
129526,0.19
129527,0.18
129533,0.12
129535,0.37
129536,0.21
129545,0.11
129553,0.18
129557,0.24
129560,0.15
129576,0.15
129580,0.08
129585,0.19
129587,0.11
129597,0.14
129611,0.05
129619,0.15
129622,0.3
129631,0.13
129632,0.09
129640,0.19
129647,0.09
129658,0.09
129676,0.15
129683,0.11
129685,0.11
129701,0.16
129706,0.29
129707,0.13
129720,0.18
129727,0.29
129728,0.14
129768,0.12
129775,0.11
129790,0.14
129804,0.18
129805,0.2
129813,0.09
129816,0.16
129823,0.15
129826,0.38
129831,0.09
129833,0.08
129851,0.13
129857,0.25
129860,0.12
129914,0.1
129926,0.08
129933,0.14
129939,0.21
129949,0.09
129959,0.16
129962,0.22
129963,0.26
129964,0.14
129977,0.06
129985,0.12
129987,0.17
129992,0.13
130002,0.09
130016,0.19
130045,0.1
130048,0.16
130051,0.14
130053,0.14
130056,0.1
130061,0.14
130062,0.1
130065,0.14
130066,0.15
130070,0.17
130079,0.12
130080,0.14
130098,0.11
130109,0.13
130110,0.14
130116,0.06
130125,0.21
130134,0.3
130137,0.14
130138,0.13
130146,0.27
130148,0.22
130154,0.08
130156,0.1
130158,0.15
130159,0.1
130177,0.09
130186,0.33
130204,0.26
130205,0.16
130206,0.14
130211,0.22
130217,0.06
130218,0.08
130235,0.22
130236,0.26
130239,0.12
130256,0.15
130260,0.13
130261,0.2
130262,0.12
130263,0.14
130264,0.14
130266,0.17
130277,0.25
130278,0.14
130281,0.28
130297,0.06
130302,0.2
130320,0.11
130325,0.16
130329,0.11
130338,0.28
130339,0.12
130340,0.22
130344,0.14
130347,0.08
130353,0.11
130358,0.09
130366,0.09
130371,0.09
130374,0.08
130389,0.12
130390,0.11
130404,0.22
130426,0.12
130440,0.09
130449,0.37
130451,0.11
130452,0.11
130453,0.13
130463,0.15
130466,0.08
130467,0.06
130475,0.11
130489,0.14
130490,0.1
130495,0.15
130497,0.1
130499,0.09
130504,0.18
130513,0.08
130528,0.13
130533,0.19
130543,0.17
130567,0.17
130571,0.18
130572,0.14
130589,0.17
130592,0.28
130603,0.17
130623,0.2
130641,0.2
130687,0.09
130690,0.08
130698,0.15
130707,0.11
130709,0.15
130718,0.22
130722,0.13
130732,0.1
130735,0.14
130757,0.09
130760,0.13
130771,0.08
130772,0.09
130774,0.14
130779,0.09
130795,0.13
130828,0.22
130833,0.13
130843,0.07
130855,0.26
130871,0.18
130878,0.09
130885,0.16
130889,0.11
130894,0.15
130896,0.19
130905,0.1
130906,0.14
130930,0.18
130931,0.16
130943,0.23
130946,0.12
130947,0.21
130950,0.14
130954,0.18
130966,0.1
130983,0.09
131003,0.13
131005,0.03
131009,0.1
131013,0.14
131027,0.11
131030,0.3
131031,0.24
131033,0.09
131039,0.14
131045,0.16
131057,0.14
131072,0.12
131084,0.12
131088,0.07
131089,0.09
131091,0.23
131093,0.22
131114,0.24
131118,0.13
131123,0.11
131130,0.16
131144,0.03
131162,0.11
131163,0.14
131166,0.16
131179,0.27
131181,0.13
131183,0.18
131219,0.16
131227,0.12
131231,0.08
131235,0.24
131242,0.12
131251,0.14
131257,0.17
131263,0.09
131268,0.24
131271,0.05
131275,0.16
131286,0.1
131290,0.14
131300,0.09
131306,0.17
131316,0.16
131321,0.16
131322,0.14
131326,0.1
131333,0.17
131335,0.18
131352,0.13
131354,0.08
131366,0.16
131373,0.19
131388,0.14
131394,0.15
131404,0.15
131405,0.21
131411,0.09
131416,0.19
131421,0.14
131424,0.16
131426,0.19
131443,0.18
131470,0.23
131471,0.24
131476,0.11
131477,0.07
131479,0.32
131493,0.15
131495,0.22
131496,0.11
131498,0.2
131504,0.23
131525,0.23
131528,0.1
131548,0.13
131549,0.1
131550,0.19
131557,0.32
131564,0.09
131565,0.08
131576,0.14
131602,0.29
131628,0.14
131629,0.18
131641,0.15
131647,0.17
131664,0.07
131677,0.14
131681,0.18
131682,0.12
131688,0.21
131690,0.11
131691,0.1
131709,0.15
131713,0.12
131719,0.1
131733,0.25
131734,0.14
131743,0.22
131747,0.13
131748,0.15
131758,0.09
131759,0.32
131764,0.13
131771,0.15
131788,0.1
131791,0.21
131798,0.12
131810,0.24
131812,0.12
131815,0.13
131823,0.2
131824,0.12
131828,0.14
131844,0.2
131846,0.13
131848,0.09
131863,0.12
131864,0.11
131889,0.14
131890,0.21
131892,0.13
131895,0.14
131896,0.12
131897,0.12
131905,0.14
131906,0.08
131907,0.19
131914,0.19
131921,0.04
131922,0.09
131925,0.12
131936,0.15
131941,0.07
131950,0.12
131952,0.11
131959,0.19
131983,0.13
131987,0.15
131994,0.11
132004,0.26
132009,0.11
132012,0.18
132013,0.13
132014,0.2
132028,0.23
132054,0.11
132061,0.13
132062,0.1
132078,0.27
132082,0.17
132086,0.2
132089,0.14
132095,0.17
132109,0.13
132110,0.27
132121,0.12
132125,0.09
132127,0.24
132128,0.05
132134,0.14
132139,0.13
132141,0.06
132149,0.22
132150,0.23
132152,0.19
132153,0.24
132164,0.15
132179,0.21
132182,0.14
132189,0.1
132193,0.17
132194,0.11
132195,0.11
132208,0.29
132211,0.16
132212,0.13
132216,0.09
132219,0.08
132223,0.15
132238,0.1
132242,0.16
132268,0.1
132275,0.08
132276,0.21
132279,0.08
132289,0.13
132290,0.14
132300,0.31
132319,0.22
132340,0.11
132344,0.11
132345,0.05
132346,0.13
132352,0.19
132353,0.22
132358,0.28
132381,0.11
132382,0.05
132383,0.12
132410,0.14
132419,0.11
132423,0.17
132432,0.14
132434,0.1
132440,0.19
132441,0.11
132452,0.11
132453,0.09
132456,0.12
132459,0.1
132462,0.08
132463,0.11
132468,0.2
132485,0.34
132490,0.11
132500,0.14
132521,0.27
132555,0.18
132560,0.1
132562,0.1
132575,0.14
132587,0.14
132591,0.17
132611,0.15
132615,0.09
132617,0.27
132622,0.22
132629,0.12
132638,0.13
132642,0.07
132658,0.14
132664,0.11
132668,0.07
132676,0.19
132704,0.2
132707,0.2
132719,0.08
132723,0.3
132724,0.1
132732,0.07
132754,0.16
132756,0.08
132766,0.12
132767,0.16
132775,0.22
132776,0.14
132785,0.15
132787,0.14
132793,0.17
132807,0.15
132811,0.1
132818,0.14
132834,0.11
132846,0.08
132861,0.14
132870,0.11
132882,0.06
132884,0.07
132885,0.24
132888,0.12
132898,0.21
132912,0.11
132916,0.21
132917,0.16
132932,0.18
132940,0.22
132943,0.15
132962,0.14
132965,0.21
132969,0.05
132974,0.14
132977,0.12
132978,0.05
132982,0.07
132983,0.08
132996,0.13
133006,0.07
133007,0.11
133025,0.11
133027,0.2
133033,0.17
133038,0.14
133040,0.17
133041,0.12
133044,0.11
133053,0.08
133063,0.19
133065,0.1
133083,0.1
133084,0.13
133091,0.2
133092,0.11
133107,0.17
133111,0.14
133122,0.12
133132,0.25
133140,0.21
133147,0.04
133150,0.12
133168,0.14
133170,0.13
133184,0.07
133228,0.16
133229,0.2
133230,0.08
133232,0.28
133242,0.23
133246,0.15
133247,0.15
133253,0.13
133268,0.16
133271,0.22
133272,0.15
133296,0.15
133299,0.29
133302,0.26
133315,0.19
133330,0.15
133331,0.16
133332,0.1
133333,0.16
133334,0.3
133361,0.32
133363,0.18
133404,0.05
133412,0.37
133418,0.1
133422,0.27
133426,0.23
133450,0.14
133465,0.12
133468,0.13
133469,0.09
133474,0.12
133479,0.25
133490,0.23
133492,0.08
133495,0.06
133496,0.1
133501,0.2
133502,0.18
133511,0.16
133515,0.14
133528,0.11
133539,0.1
133551,0.14
133564,0.13
133569,0.14
133570,0.11
133578,0.14
133586,0.1
133587,0.29
133597,0.29
133608,0.19
133624,0.2
133626,0.18
133645,0.13
133655,0.08
133658,0.12
133659,0.15
133660,0.09
133664,0.14
133684,0.25
133685,0.07
133688,0.25
133706,0.13
133713,0.13
133723,0.17
133730,0.11
133733,0.07
133760,0.19
133762,0.19
133777,0.09
133793,0.17
133816,0.08
133818,0.13
133824,0.15
133841,0.22
133850,0.03
133877,0.17
133880,0.18
133887,0.1
133889,0.19
133896,0.17
133916,0.27
133920,0.13
133936,0.13
133939,0.07
133940,0.12
133942,0.15
133956,0.11
133957,0.19
133965,0.14
133972,0.14
133973,0.09
134008,0.12
134016,0.35
134039,0.11
134040,0.19
134045,0.1
134050,0.25
134056,0.28
134082,0.14
134085,0.18
134089,0.13
134102,0.13
134118,0.08
134131,0.11
134135,0.13
134137,0.13
134150,0.13
134159,0.12
134183,0.13
134186,0.21
134211,0.11
134216,0.1
134217,0.06
134218,0.1
134230,0.16
134233,0.12
134234,0.08
134236,0.15
134241,0.13
134242,0.21
134273,0.15
134277,0.07
134287,0.17
134293,0.15
134302,0.1
134306,0.31
134307,0.1
134325,0.06
134330,0.1
134334,0.13
134338,0.18
134339,0.14
134348,0.09
134355,0.1
134369,0.16
134387,0.11
134399,0.23
134400,0.12
134405,0.15
134407,0.1
134433,0.13
134448,0.12
134460,0.14
134463,0.12
134467,0.12
134485,0.08
134486,0.26
134490,0.32
134494,0.18
134501,0.14
134508,0.09
134512,0.18
134514,0.17
134519,0.13
134528,0.07
134536,0.1
134540,0.08
134546,0.12
134549,0.29
134558,0.24
134560,0.17
134588,0.21
134590,0.24
134591,0.19
134594,0.13
134622,0.07
134626,0.23
134639,0.12
134649,0.18
134654,0.12
134658,0.17
134683,0.09
134688,0.29
134689,0.47
134697,0.13
134698,0.2
134718,0.08
134742,0.13
134751,0.14
134760,0.09
134763,0.11
134764,0.2
134765,0.12
134773,0.19
134790,0.13
134794,0.21
134802,0.19
134805,0.06
134807,0.14
134812,0.16
134813,0.16
134823,0.14
134824,0.2
134838,0.2
134841,0.13
134857,0.1
134862,0.17
134865,0.07
134880,0.21
134883,0.18
134884,0.13
134916,0.09
134918,0.08
134919,0.18
134921,0.07
134928,0.23
134943,0.11
134950,0.05
134968,0.2
134971,0.29
134972,0.15
135011,0.13
135013,0.34
135016,0.15
135031,0.17
135036,0.13
135041,0.13
135052,0.18
135053,0.18
135054,0.24
135060,0.07
135072,0.11
135078,0.1
135079,0.06
135090,0.17
135113,0.13
135123,0.12
135128,0.18
135136,0.14
135152,0.18
135163,0.06
135166,0.1
135186,0.12
135188,0.18
135194,0.11
135214,0.1
135220,0.11
135235,0.09
135236,0.18
135241,0.09
135243,0.21
135253,0.24
135258,0.21
135264,0.12
135271,0.14
135274,0.1
135275,0.13
135288,0.16
135290,0.13
135299,0.1
135304,0.17
135309,0.11
135345,0.18
135359,0.06
135360,0.13
135361,0.12
135363,0.19
135365,0.13
135369,0.17
135380,0.11
135387,0.29
135389,0.13
135390,0.15
135393,0.1
135401,0.13
135409,0.24
135410,0.13
135412,0.2
135430,0.13
135434,0.14
135435,0.15
135445,0.27
135449,0.34
135460,0.09
135461,0.16
135491,0.13
135500,0.11
135504,0.18
135506,0.18
135521,0.24
135523,0.26
135527,0.17
135528,0.16
135530,0.22
135540,0.13
135541,0.38
135562,0.2
135578,0.07
135584,0.05
135589,0.18
135590,0.11
135591,0.16
135596,0.05
135607,0.09
135622,0.06
135626,0.18
135635,0.2
135636,0.17
135650,0.12
135656,0.16
135657,0.24
135672,0.21
135673,0.13
135678,0.22
135679,0.08
135684,0.22
135701,0.09
135704,0.12
135713,0.13
135716,0.18
135718,0.08
135723,0.1
135737,0.16
135738,0.14
135745,0.13
135746,0.21
135752,0.09
135755,0.12
135756,0.13
135765,0.13
135778,0.07
135779,0.15
135788,0.05
135803,0.17
135804,0.11
135809,0.12
135811,0.34
135812,0.15
135823,0.16
135834,0.12
135838,0.1
135843,0.12
135847,0.13
135857,0.43
135865,0.2
135872,0.12
135885,0.19
135888,0.18
135899,0.23
135910,0.06
135930,0.1
135941,0.36
135943,0.28
135949,0.19
135950,0.14
135951,0.13
135954,0.29
135966,0.25
135967,0.16
135971,0.13
135974,0.18
135975,0.14
135985,0.03
136004,0.06
136009,0.2
136033,0.17
136041,0.12
136051,0.1
136057,0.1
136070,0.26
136099,0.12
136103,0.1
136114,0.08
136116,0.09
136140,0.11
136160,0.15
136185,0.14
136201,0.13
136211,0.28
136213,0.24
136224,0.2
136234,0.17
136244,0.1
136255,0.19
136257,0.16
136260,0.1
136261,0.1
136263,0.22
136267,0.14
136277,0.2
136289,0.14
136293,0.14
136296,0.13
136302,0.16
136312,0.15
136317,0.19
136337,0.22
136355,0.1
136356,0.45
136383,0.16
136390,0.15
136406,0.14
136416,0.11
136417,0.14
136429,0.16
136440,0.15
136445,0.13
136449,0.09
136454,0.17
136457,0.07
136467,0.15
136474,0.17
136503,0.09
136505,0.15
136558,0.12
136578,0.24
136579,0.13
136582,0.2
136583,0.13
136588,0.14
136593,0.1
136605,0.18
136617,0.09
136620,0.07
136625,0.16
136640,0.14
136643,0.26
136653,0.28
136654,0.26
136660,0.07
136661,0.12
136663,0.19
136683,0.18
136711,0.12
136726,0.28
136730,0.15
136739,0.22
136740,0.2
136745,0.13
136751,0.18
136754,0.13
136758,0.21
136762,0.12
136763,0.11
136778,0.08
136782,0.1
136798,0.24
136808,0.31
136811,0.13
136829,0.12
136832,0.12
136838,0.11
136846,0.16
136848,0.09
136852,0.12
136854,0.14
136856,0.09
136862,0.39
136863,0.14
136885,0.14
136887,0.17
136902,0.24
136918,0.07
136922,0.07
136923,0.07
136929,0.38
136940,0.2
136967,0.17
136968,0.15
136972,0.17
136984,0.17
136993,0.22
136994,0.05
136995,0.09
136999,0.1
137013,0.14
137015,0.31
137023,0.18
137025,0.26
137032,0.09
137033,0.29
137045,0.18
137049,0.09
137051,0.21
137052,0.11
137101,0.22
137119,0.19
137142,0.17
137149,0.18
137166,0.11
137167,0.11
137192,0.14
137193,0.13
137194,0.14
137204,0.17
137214,0.12
137222,0.24
137223,0.2
137234,0.12
137254,0.06
137269,0.07
137284,0.17
137285,0.25
137286,0.18
137287,0.19
137300,0.24
137305,0.17
137313,0.15
137344,0.15
137346,0.25
137354,0.17
137356,0.26
137357,0.12
137364,0.16
137368,0.13
137380,0.19
137383,0.13
137395,0.14
137432,0.11
137433,0.17
137435,0.16
137444,0.1
137453,0.13
137454,0.08
137455,0.16
137456,0.09
137457,0.2
137465,0.09
137476,0.11
137515,0.1
137544,0.2
137549,0.11
137560,0.19
137577,0.33
137590,0.05
137591,0.22
137592,0.16
137595,0.13
137614,0.14
137624,0.22
137640,0.13
137651,0.18
137657,0.08
137658,0.29
137672,0.17
137673,0.13
137687,0.26
137688,0.11
137689,0.11
137700,0.29
137711,0.13
137715,0.23
137718,0.14
137721,0.08
137722,0.16
137726,0.17
137739,0.19
137741,0.07
137743,0.15
137747,0.13
137761,0.11
137796,0.06
137807,0.13
137809,0.11
137824,0.13
137827,0.05
137846,0.22
137862,0.1
137865,0.05
137868,0.1
137875,0.11
137878,0.07
137883,0.09
137888,0.23
137913,0.1
137915,0.1
137934,0.1
137936,0.15
137937,0.14
137942,0.12
137944,0.26
137947,0.07
137960,0.2
137977,0.2
138006,0.1
138007,0.15
138008,0.08
138019,0.21
138021,0.1
138022,0.11
138025,0.13
138044,0.18
138046,0.19
138050,0.19
138068,0.14
138084,0.13
138085,0.11
138086,0.09
138087,0.09
138089,0.23
138100,0.13
138105,0.07
138107,0.16
138127,0.09
138128,0.16
138129,0.08
138131,0.07
138132,0.05
138150,0.09
138156,0.1
138169,0.15
138174,0.15
138177,0.18
138187,0.16
138189,0.14
138193,0.15
138203,0.11
138209,0.13
138237,0.12
138243,0.15
138273,0.07
138274,0.19
138275,0.14
138277,0.15
138285,0.22
138289,0.13
138308,0.07
138313,0.16
138317,0.22
138326,0.16
138327,0.16
138338,0.12
138367,0.04
138377,0.22
138416,0.06
138417,0.1
138419,0.13
138425,0.19
138430,0.13
138454,0.14
138465,0.15
138470,0.21
138480,0.09
138481,0.32
138486,0.13
138492,0.12
138496,0.15
138519,0.23
138520,0.11
138522,0.22
138545,0.12
138556,0.19
138560,0.07
138564,0.14
138573,0.12
138581,0.22
138585,0.23
138591,0.16
138598,0.13
138600,0.08
138602,0.13
138613,0.3
138639,0.1
138651,0.06
138652,0.17
138661,0.24
138674,0.09
138678,0.3
138679,0.14
138686,0.12
138695,0.18
138711,0.12
138728,0.18
138731,0.09
138744,0.2
138752,0.27
138754,0.27
138756,0.18
138770,0.11
138771,0.25
138807,0.09
138818,0.07
138819,0.16
138820,0.16
138831,0.11
138843,0.13
138871,0.22
138873,0.05
138876,0.16
138880,0.19
138881,0.07
138882,0.1
138890,0.11
138892,0.07
138893,0.19
138917,0.1
138921,0.22
138922,0.29
138924,0.13
138926,0.1
138932,0.09
138946,0.15
138959,0.11
138961,0.13
138964,0.12
138968,0.17
138969,0.17
138980,0.26
138992,0.2
139002,0.31
139010,0.11
139011,0.05
139017,0.23
139030,0.07
139032,0.13
139034,0.27
139039,0.15
139049,0.13
139053,0.11
139058,0.17
139062,0.23
139067,0.27
139069,0.22
139070,0.36
139075,0.14
139082,0.17
139092,0.14
139098,0.12
139108,0.12
139127,0.14
139130,0.17
139145,0.1
139164,0.1
139174,0.09
139175,0.16
139178,0.12
139180,0.12
139181,0.13
139186,0.11
139189,0.14
139190,0.13
139191,0.12
139198,0.12
139201,0.17
139204,0.13
139208,0.05
139211,0.15
139215,0.17
139225,0.17
139226,0.08
139231,0.11
139246,0.17
139252,0.16
139256,0.1
139258,0.12
139268,0.09
139272,0.06
139283,0.16
139286,0.16
139289,0.19
139290,0.22
139291,0.11
139293,0.13
139303,0.11
139304,0.15
139307,0.21
139319,0.09
139321,0.13
139326,0.1
139327,0.18
139355,0.2
139363,0.12
139375,0.13
139397,0.19
139412,0.14
139413,0.13
139415,0.12
139416,0.12
139449,0.2
139461,0.14
139462,0.15
139463,0.24
139486,0.12
139493,0.13
139515,0.22
139516,0.21
139522,0.14
139532,0.11
139542,0.21
139545,0.14
139552,0.34
139553,0.23
139555,0.03
139559,0.08
139560,0.08
139564,0.21
139565,0.17
139567,0.09
139568,0.09
139572,0.16
139573,0.17
139592,0.03
139595,0.25
139597,0.22
139598,0.18
139607,0.19
139609,0.21
139628,0.12
139653,0.12
139656,0.37
139661,0.17
139673,0.1
139674,0.14
139683,0.06
139714,0.26
139724,0.11
139737,0.18
139749,0.13
139755,0.07
139756,0.21
139757,0.15
139763,0.25
139769,0.21
139774,0.3
139775,0.08
139777,0.1
139780,0.14
139788,0.17
139794,0.18
139831,0.25
139832,0.14
139834,0.2
139839,0.09
139843,0.18
139844,0.15
139858,0.13
139861,0.16
139864,0.23
139865,0.22
139874,0.13
139876,0.05
139895,0.1
139903,0.25
139917,0.11
139930,0.1
139934,0.1
139935,0.09
139946,0.15
139958,0.17
139977,0.22
139981,0.1
139989,0.11
139992,0.19
139995,0.19
139996,0.13
139997,0.14
140005,0.13
140010,0.26
140018,0.21
140026,0.21
140027,0.19
140031,0.12
140037,0.11
140039,0.08
140040,0.21
140042,0.11
140049,0.25
140084,0.16
140087,0.14
140096,0.09
140101,0.22
140114,0.16
140117,0.17
140129,0.3
140131,0.24
140132,0.11
140136,0.15
140144,0.06
140151,0.13
140172,0.15
140174,0.09
140190,0.16
140196,0.08
140200,0.08
140204,0.14
140223,0.19
140232,0.14
140234,0.08
140237,0.22
140245,0.18
140247,0.11
140248,0.1
140298,0.05
140305,0.34
140311,0.08
140312,0.23
140318,0.19
140325,0.16
140327,0.34
140334,0.15
140337,0.2
140338,0.1
140343,0.16
140376,0.09
140378,0.29
140381,0.05
140382,0.13
140384,0.23
140386,0.19
140390,0.08
140402,0.08
140406,0.05
140425,0.12
140426,0.16
140434,0.08
140435,0.15
140436,0.29
140451,0.09
140452,0.15
140454,0.11
140455,0.13
140483,0.11
140504,0.17
140512,0.17
140518,0.13
140534,0.11
140545,0.04
140546,0.08
140560,0.12
140563,0.08
140564,0.19
140569,0.1
140577,0.16
140638,0.08
140655,0.1
140664,0.15
140669,0.1
140672,0.3
140682,0.08
140693,0.11
140700,0.1
140701,0.1
140704,0.12
140705,0.12
140719,0.16
140749,0.27
140750,0.09
140751,0.13
140752,0.12
140762,0.16
140772,0.16
140778,0.18
140779,0.24
140780,0.08
140802,0.1
140804,0.21
140807,0.22
140813,0.12
140827,0.14
140840,0.09
140845,0.1
140847,0.23
140861,0.11
140862,0.16
140872,0.07
140879,0.19
140880,0.26
140886,0.14
140924,0.19
140938,0.17
140944,0.17
140945,0.23
140961,0.08
140963,0.12
140967,0.05
140982,0.23
140990,0.11
140993,0.1
140996,0.29
141004,0.12
141025,0.41
141030,0.12
141031,0.09
141032,0.15
141067,0.07
141072,0.12
141081,0.14
141084,0.16
141085,0.18
141089,0.12
141090,0.12
141093,0.19
141095,0.08
141110,0.12
141114,0.14
141119,0.23
141147,0.19
141150,0.18
141159,0.17
141160,0.18
141167,0.1
141206,0.12
141213,0.1
141215,0.31
141222,0.15
141255,0.16
141283,0.16
141298,0.23
141306,0.13
141310,0.21
141320,0.16
141323,0.22
141329,0.11
141333,0.12
141339,0.11
141340,0.22
141344,0.12
141345,0.05
141347,0.14
141350,0.09
141356,0.16
141358,0.09
141365,0.06
141368,0.09
141369,0.12
141376,0.2
141377,0.1
141385,0.1
141387,0.14
141388,0.17
141389,0.19
141390,0.19
141409,0.09
141410,0.09
141411,0.13
141414,0.15
141422,0.12
141426,0.21
141457,0.08
141470,0.06
141480,0.09
141481,0.12
141492,0.08
141493,0.1
141496,0.17
141497,0.08
141502,0.18
141503,0.17
141504,0.3
141507,0.12
141515,0.11
141524,0.23
141528,0.17
141540,0.08
141542,0.1
141551,0.29
141573,0.16
141580,0.08
141588,0.24
141596,0.12
141597,0.13
141602,0.15
141608,0.21
141611,0.09
141612,0.27
141618,0.07
141628,0.07
141632,0.1
141634,0.16
141637,0.16
141638,0.2
141639,0.11
141640,0.13
141644,0.28
141654,0.16
141656,0.08
141668,0.14
141717,0.2
141718,0.14
141723,0.19
141743,0.07
141744,0.07
141750,0.11
141753,0.09
141762,0.32
141809,0.16
141815,0.1
141826,0.08
141832,0.15
141840,0.1
141869,0.08
141870,0.16
141887,0.19
141915,0.11
141925,0.06
141945,0.36
141949,0.1
141958,0.16
141959,0.09
141963,0.17
141989,0.1
141995,0.1
141997,0.13
142005,0.11
142008,0.13
142012,0.1
142014,0.14
142025,0.21
142036,0.19
142037,0.13
142038,0.07
142039,0.05
142064,0.2
142065,0.25
142070,0.13
142074,0.14
142079,0.15
142084,0.27
142087,0.1
142102,0.14
142106,0.16
142115,0.09
142120,0.08
142132,0.2
142139,0.15
142142,0.05
142153,0.17
142160,0.18
142162,0.08
142163,0.08
142167,0.12
142168,0.18
142177,0.25
142180,0.19
142183,0.12
142186,0.16
142189,0.17
142195,0.12
142198,0.13
142210,0.17
142215,0.21
142222,0.07
142223,0.21
142224,0.08
142236,0.1
142237,0.17
142239,0.08
142242,0.11
142243,0.14
142244,0.11
142255,0.15
142273,0.2
142289,0.2
142294,0.17
142303,0.23
142305,0.08
142339,0.2
142359,0.25
142361,0.08
142364,0.14
142378,0.26
142380,0.15
142383,0.2
142387,0.14
142393,0.2
142396,0.35
142407,0.17
142409,0.13
142427,0.09
142429,0.32
142430,0.13
142431,0.11
142433,0.17
142439,0.21
142440,0.1
142446,0.03
142459,0.15
142478,0.14
142481,0.12
142491,0.12
142495,0.09
142497,0.08
142510,0.19
142513,0.3
142521,0.12
142529,0.2
142537,0.05
142542,0.33
142558,0.11
142574,0.17
142575,0.06
142579,0.1
142587,0.14
142590,0.34
142610,0.08
142614,0.07
142621,0.13
142641,0.18
142650,0.16
142653,0.07
142667,0.1
142671,0.3
142676,0.13
142680,0.11
142684,0.16
142685,0.08
142686,0.16
142689,0.19
142691,0.17
142704,0.06
142707,0.2
142724,0.07
142727,0.15
142728,0.12
142741,0.09
142747,0.15
142748,0.08
142752,0.06
142755,0.07
142756,0.11
142759,0.13
142762,0.15
142771,0.13
142778,0.17
142783,0.18
142789,0.3
142790,0.19
142791,0.24
142793,0.19
142795,0.1
142803,0.21
142819,0.12
142822,0.09
142825,0.21
142833,0.13
142871,0.07
142872,0.13
142883,0.14
142905,0.12
142906,0.18
142917,0.25
142921,0.11
142927,0.15
142932,0.09
142940,0.14
142962,0.2
142969,0.15
142976,0.08
142977,0.21
142982,0.18
142988,0.18
142990,0.16
142992,0.15
143012,0.2
143013,0.18
143016,0.12
143017,0.14
143033,0.12
143058,0.22
143059,0.12
143060,0.07
143065,0.17
143076,0.12
143081,0.28
143088,0.08
143089,0.15
143090,0.09
143094,0.09
143100,0.07
143115,0.1
143132,0.14
143135,0.16
143136,0.21
143149,0.17
143151,0.17
143152,0.17
143153,0.13
143162,0.18
143166,0.12
143167,0.06
143187,0.07
143188,0.13
143190,0.07
143191,0.05
143195,0.35
143207,0.16
143209,0.19
143227,0.13
143231,0.1
143232,0.09
143244,0.08
143263,0.15
143268,0.28
143275,0.11
143278,0.24
143302,0.16
143320,0.1
143328,0.24
143336,0.13
143339,0.17
143340,0.18
143353,0.25
143360,0.08
143361,0.21
143385,0.25
143388,0.14
143389,0.18
143390,0.13
143393,0.24
143396,0.22
143419,0.15
143421,0.07
143422,0.11
143431,0.12
143433,0.1
143440,0.23
143442,0.09
143463,0.09
143466,0.08
143475,0.19
143500,0.13
143510,0.09
143528,0.2
143532,0.12
143535,0.31
143538,0.21
143548,0.15
143550,0.1
143555,0.08
143576,0.36
143593,0.16
143595,0.15
143596,0.07
143597,0.13
143599,0.11
143601,0.07
143602,0.11
143605,0.08
143609,0.16
143611,0.16
143613,0.11
143618,0.11
143652,0.09
143667,0.14
143679,0.13
143680,0.21
143692,0.23
143703,0.1
143712,0.16
143714,0.09
143715,0.17
143729,0.13
143732,0.12
143738,0.13
143740,0.23
143743,0.18
143772,0.16
143773,0.16
143792,0.1
143802,0.16
143808,0.08
143819,0.08
143820,0.1
143825,0.11
143828,0.11
143831,0.23
143834,0.09
143835,0.04
143843,0.09
143860,0.18
143874,0.15
143889,0.2
143903,0.18
143921,0.2
143936,0.04
143944,0.22
143947,0.15
143948,0.16
143957,0.25
143964,0.22
143965,0.03
143971,0.14
143976,0.17
143977,0.29
143983,0.27
143991,0.12
144015,0.16
144032,0.13
144057,0.05
144065,0.1
144087,0.11
144090,0.16
144091,0.25
144092,0.17
144139,0.15
144150,0.12
144151,0.15
144153,0.12
144154,0.3
144159,0.2
144168,0.22
144169,0.13
144178,0.16
144179,0.14
144183,0.12
144186,0.12
144190,0.14
144191,0.17
144199,0.17
144226,0.09
144227,0.12
144229,0.13
144237,0.1
144247,0.1
144249,0.17
144259,0.14
144260,0.07
144282,0.17
144295,0.22
144304,0.14
144314,0.1
144318,0.19
144324,0.16
144325,0.12
144333,0.15
144334,0.09
144336,0.06
144350,0.12
144354,0.14
144357,0.13
144359,0.12
144365,0.13
144385,0.04
144386,0.04
144387,0.22
144390,0.12
144393,0.08
144398,0.09
144402,0.19
144416,0.1
144422,0.18
144446,0.24
144451,0.14
144461,0.14
144464,0.07
144483,0.11
144498,0.25
144499,0.1
144534,0.08
144549,0.15
144563,0.08
144570,0.3
144579,0.12
144580,0.16
144581,0.09
144582,0.18
144587,0.14
144588,0.11
144589,0.12
144590,0.18
144598,0.09
144601,0.08
144610,0.11
144611,0.16
144612,0.14
144613,0.08
144617,0.17
144635,0.23
144640,0.16
144644,0.16
144645,0.06
144654,0.1
144656,0.12
144657,0.23
144658,0.16
144659,0.24
144665,0.1
144667,0.06
144675,0.15
144677,0.2
144678,0.15
144690,0.1
144701,0.13
144702,0.31
144716,0.11
144721,0.13
144722,0.15
144729,0.11
144744,0.12
144753,0.12
144761,0.04
144764,0.26
144767,0.09
144780,0.17
144781,0.12
144784,0.16
144806,0.07
144810,0.22
144811,0.12
144824,0.09
144828,0.18
144829,0.15
144835,0.18
144849,0.08
144850,0.12
144870,0.1
144881,0.13
144891,0.13
144898,0.15
144904,0.11
144906,0.11
144909,0.13
144910,0.11
144912,0.26
144963,0.16
144965,0.13
144966,0.12
144979,0.14
144990,0.13
144991,0.12
144992,0.18
144999,0.21
145006,0.12
145007,0.08
145008,0.1
145009,0.13
145011,0.11
145014,0.24
145025,0.12
145036,0.08
145041,0.14
145058,0.25
145071,0.14
145106,0.12
145110,0.09
145142,0.18
145146,0.23
145147,0.14
145148,0.14
145149,0.11
145154,0.23
145157,0.18
145158,0.17
145167,0.11
145172,0.14
145174,0.11
145192,0.17
145195,0.11
145196,0.14
145199,0.04
145209,0.23
145242,0.1
145248,0.12
145249,0.08
145250,0.06
145281,0.14
145287,0.2
145288,0.15
145298,0.14
145303,0.07
145309,0.18
145333,0.11
145336,0.08
145339,0.13
145350,0.11
145353,0.11
145354,0.11
145358,0.13
145382,0.1
145383,0.28
145389,0.11
145390,0.15
145391,0.19
145392,0.15
145407,0.05
145410,0.13
145412,0.25
145415,0.21
145418,0.15
145419,0.15
145440,0.07
145451,0.21
145476,0.21
145481,0.16
145482,0.08
145484,0.12
145502,0.12
145512,0.12
145515,0.0
145521,0.12
145523,0.09
145554,0.08
145557,0.1
145560,0.17
145563,0.18
145569,0.11
145586,0.19
145601,0.15
145602,0.15
145615,0.17
145623,0.17
145638,0.08
145640,0.15
145645,0.06
145654,0.14
145664,0.12
145677,0.08
145679,0.1
145681,0.19
145698,0.2
145709,0.08
145713,0.12
145720,0.17
145780,0.09
145781,0.19
145798,0.2
145811,0.19
145819,0.18
145833,0.1
145834,0.14
145835,0.16
145844,0.12
145862,0.17
145869,0.19
145871,0.06
145872,0.1
145874,0.22
145888,0.07
145891,0.27
145907,0.08
145908,0.25
145919,0.22
145925,0.07
145940,0.21
145941,0.11
145943,0.07
145951,0.09
145954,0.09
145957,0.12
145962,0.15
145974,0.08
145976,0.14
145987,0.14
145988,0.26
145989,0.07
145990,0.27
145991,0.22
145993,0.14
146000,0.27
146001,0.04
146006,0.07
146011,0.06
146014,0.11
146020,0.09
146021,0.07
146022,0.1
146026,0.19
146028,0.23
146032,0.15
146033,0.18
146037,0.21
146059,0.08
146060,0.18
146063,0.21
146069,0.08
146086,0.08
146090,0.36
146092,0.09
146094,0.15
146097,0.11
146098,0.23
146106,0.13
146115,0.1
146121,0.11
146122,0.14
146140,0.18
146142,0.11
146146,0.14
146149,0.07
146153,0.11
146155,0.12
146156,0.15
146159,0.17
146172,0.16
146176,0.12
146184,0.13
146186,0.17
146191,0.16
146198,0.09
146199,0.07
146202,0.14
146206,0.18
146214,0.11
146221,0.08
146232,0.07
146239,0.12
146246,0.21
146247,0.09
146252,0.07
146255,0.18
146256,0.1
146262,0.23
146277,0.19
146292,0.15
146303,0.09
146305,0.14
146313,0.13
146317,0.13
146330,0.14
146344,0.19
146345,0.16
146347,0.19
146356,0.11
146369,0.08
146384,0.14
146385,0.12
146386,0.11
146388,0.09
146404,0.14
146409,0.29
146413,0.09
146421,0.21
146428,0.17
146451,0.34
146458,0.03
146466,0.07
146476,0.09
146485,0.09
146486,0.14
146487,0.09
146500,0.08
146502,0.17
146512,0.2
146514,0.16
146515,0.13
146516,0.18
146533,0.14
146535,0.13
146541,0.19
146557,0.16
146562,0.15
146565,0.15
146570,0.13
146571,0.19
146574,0.14
146587,0.2
146591,0.11
146597,0.13
146600,0.18
146614,0.23
146621,0.16
146623,0.17
146631,0.12
146644,0.18
146649,0.09
146651,0.01
146652,0.11
146663,0.08
146680,0.15
146683,0.25
146714,0.1
146724,0.13
146730,0.1
146732,0.28
146738,0.14
146752,0.13
146755,0.12
146756,0.09
146759,0.12
146760,0.1
146761,0.15
146765,0.18
146806,0.16
146809,0.19
146810,0.19
146811,0.09
146815,0.11
146820,0.27
146821,0.1
146824,0.13
146829,0.11
146842,0.15
146864,0.17
146891,0.27
146918,0.14
146955,0.11
146957,0.18
146972,0.19
146973,0.23
146979,0.13
146982,0.13
146984,0.14
146997,0.16
147001,0.11
147008,0.29
147014,0.07
147022,0.14
147038,0.09
147048,0.12
147060,0.18
147061,0.12
147077,0.18
147082,0.1
147083,0.12
147085,0.18
147086,0.09
147099,0.12
147127,0.09
147128,0.15
147133,0.09
147138,0.18
147139,0.17
147150,0.08
147155,0.15
147171,0.14
147172,0.11
147182,0.12
147195,0.1
147199,0.13
147216,0.13
147224,0.1
147225,0.14
147230,0.18
147240,0.15
147250,0.12
147253,0.09
147254,0.26
147264,0.13
147294,0.17
147308,0.1
147309,0.3
147315,0.23
147319,0.1
147329,0.08
147340,0.13
147345,0.3
147353,0.08
147354,0.13
147364,0.17
147366,0.08
147373,0.14
147382,0.13
147383,0.21
147390,0.13
147408,0.14
147411,0.09
147415,0.12
147416,0.18
147425,0.15
147427,0.16
147438,0.22
147439,0.15
147457,0.16
147459,0.11
147463,0.1
147469,0.18
147476,0.22
147483,0.1
147497,0.12
147502,0.2
147515,0.19
147523,0.25
147527,0.17
147541,0.1
147551,0.11
147552,0.15
147561,0.09
147571,0.2
147587,0.12
147657,0.12
147659,0.08
147670,0.09
147695,0.19
147696,0.03
147702,0.3
147710,0.33
147711,0.07
147712,0.14
147713,0.17
147720,0.12
147722,0.2
147742,0.1
147750,0.16
147761,0.13
147764,0.14
147770,0.06
147771,0.24
147774,0.22
147786,0.14
147787,0.21
147791,0.1
147792,0.14
147793,0.19
147794,0.14
147801,0.18
147824,0.1
147826,0.19
147840,0.11
147847,0.08
147862,0.16
147865,0.12
147882,0.13
147893,0.23
147925,0.11
147932,0.18
147942,0.16
147953,0.13
147955,0.27
147964,0.25
147966,0.18
147981,0.13
147982,0.22
147990,0.11
147998,0.31
148002,0.3
148013,0.2
148025,0.21
148026,0.17
148031,0.17
148035,0.23
148042,0.18
148047,0.03
148050,0.18
148063,0.17
148065,0.25
148069,0.24
148070,0.13
148075,0.21
148076,0.09
148087,0.1
148091,0.16
148102,0.15
148107,0.15
148108,0.18
148113,0.21
148131,0.16
148141,0.11
148149,0.1
148150,0.23
148163,0.17
148175,0.13
148185,0.25
148187,0.15
148198,0.11
148204,0.22
148205,0.08
148212,0.22
148216,0.3
148217,0.1
148223,0.08
148224,0.17
148235,0.12
148255,0.24
148276,0.11
148285,0.05
148289,0.09
148292,0.2
148294,0.11
148314,0.15
148319,0.14
148320,0.2
148322,0.17
148323,0.15
148325,0.11
148333,0.17
148339,0.12
148359,0.06
148361,0.14
148364,0.06
148380,0.11
148382,0.07
148386,0.23
148393,0.05
148394,0.13
148404,0.04
148419,0.11
148423,0.12
148437,0.21
148440,0.04
148448,0.17
148449,0.14
148450,0.14
148451,0.13
148458,0.23
148471,0.24
148475,0.13
148476,0.06
148497,0.17
148511,0.16
148512,0.09
148534,0.17
148545,0.15
148557,0.19
148564,0.12
148570,0.15
148586,0.2
148596,0.24
148600,0.1
148607,0.09
148609,0.17
148622,0.12
148623,0.08
148625,0.16
148626,0.11
148628,0.16
148632,0.14
148639,0.18
148643,0.16
148644,0.24
148680,0.1
148702,0.22
148716,0.15
148717,0.11
148726,0.17
148738,0.2
148746,0.13
148749,0.19
148750,0.14
148769,0.12
148791,0.08
148803,0.1
148804,0.1
148823,0.19
148831,0.12
148849,0.06
148850,0.11
148855,0.14
148893,0.1
148896,0.2
148899,0.18
148903,0.09
148910,0.2
148911,0.14
148912,0.21
148913,0.14
148933,0.27
148935,0.15
148937,0.13
148946,0.32
148955,0.17
148980,0.16
148996,0.12
149015,0.29
149025,0.13
149028,0.19
149029,0.1
149035,0.12
149050,0.11
149051,0.08
149052,0.15
149056,0.13
149062,0.1
149067,0.17
149076,0.24
149090,0.26
149106,0.18
149107,0.08
149118,0.26
149119,0.13
149130,0.14
149154,0.07
149157,0.08
149158,0.17
149160,0.14
149163,0.22
149164,0.23
149165,0.22
149166,0.11
149214,0.2
149231,0.29
149236,0.08
149237,0.11
149246,0.07
149247,0.09
149253,0.08
149254,0.08
149265,0.14
149266,0.08
149277,0.22
149283,0.15
149289,0.21
149310,0.15
149314,0.14
149318,0.12
149319,0.12
149320,0.09
149321,0.22
149333,0.07
149337,0.33
149338,0.12
149341,0.16
149342,0.03
149349,0.08
149351,0.27
149354,0.08
149360,0.14
149362,0.1
149366,0.07
149372,0.28
149376,0.12
149388,0.17
149393,0.2
149401,0.12
149405,0.21
149412,0.21
149415,0.12
149416,0.14
149430,0.16
149435,0.1
149436,0.07
149444,0.21
149456,0.15
149471,0.11
149480,0.12
149481,0.11
149490,0.15
149491,0.07
149503,0.15
149512,0.11
149524,0.1
149525,0.05
149532,0.22
149533,0.3
149536,0.4
149540,0.12
149548,0.19
149563,0.15
149568,0.11
149569,0.11
149570,0.23
149582,0.11
149584,0.12
149587,0.22
149592,0.12
149596,0.17
149599,0.12
149612,0.12
149643,0.14
149648,0.24
149665,0.12
149666,0.21
149671,0.1
149675,0.13
149676,0.14
149677,0.05
149680,0.26
149711,0.15
149723,0.07
149726,0.13
149727,0.13
149730,0.07
149733,0.24
149734,0.27
149736,0.3
149750,0.09
149752,0.37
149767,0.18
149791,0.1
149793,0.12
149810,0.1
149850,0.1
149857,0.1
149858,0.08
149860,0.24
149882,0.06
149889,0.09
149890,0.17
149918,0.12
149919,0.19
149927,0.06
149928,0.17
149940,0.12
149944,0.12
149947,0.24
149951,0.12
149956,0.17
149958,0.21
149969,0.11
149988,0.18
149996,0.15
150007,0.11
150018,0.07
150025,0.13
150054,0.15
150064,0.19
150070,0.1
150074,0.1
150078,0.08
150084,0.11
150106,0.2
150111,0.23
150115,0.1
150117,0.16
150120,0.09
150127,0.22
150128,0.18
150130,0.15
150132,0.23
150135,0.05
150145,0.08
150148,0.08
150153,0.19
150154,0.1
150173,0.08
150174,0.23
150176,0.22
150177,0.15
150178,0.25
150179,0.31
150187,0.09
150207,0.1
150223,0.16
150224,0.12
150229,0.1
150233,0.09
150245,0.14
150252,0.13
150257,0.17
150258,0.12
150267,0.14
150268,0.18
150272,0.32
150282,0.15
150289,0.29
150299,0.12
150307,0.17
150310,0.1
150311,0.13
150312,0.12
150313,0.14
150324,0.24
150335,0.14
150343,0.16
150354,0.17
150363,0.09
150365,0.11
150377,0.12
150381,0.19
150382,0.08
150414,0.26
150418,0.21
150431,0.13
150449,0.22
150450,0.18
150473,0.09
150475,0.09
150476,0.11
150478,0.29
150488,0.22
150499,0.14
150501,0.21
150503,0.1
150518,0.16
150529,0.16
150531,0.09
150532,0.19
150535,0.19
150543,0.26
150545,0.23
150548,0.17
150552,0.16
150558,0.18
150574,0.19
150576,0.3
150577,0.16
150594,0.17
150601,0.13
150604,0.08
150618,0.05
150626,0.2
150627,0.12
150635,0.29
150648,0.16
150649,0.16
150650,0.17
150651,0.07
150652,0.07
150657,0.19
150659,0.07
150666,0.12
150667,0.14
150680,0.1
150698,0.33
150700,0.4
150713,0.13
150715,0.1
150718,0.12
150724,0.2
150731,0.09
150734,0.12
150738,0.08
150744,0.19
150745,0.2
150746,0.16
150749,0.09
150750,0.21
150753,0.14
150759,0.12
150762,0.11
150764,0.14
150782,0.17
150784,0.11
150785,0.06
150786,0.08
150789,0.19
150802,0.15
150809,0.12
150810,0.13
150817,0.1
150820,0.11
150822,0.18
150845,0.08
150846,0.14
150854,0.14
150858,0.24
150866,0.19
150869,0.1
150874,0.09
150887,0.07
150889,0.12
150892,0.17
150896,0.13
150901,0.33
150914,0.14
150918,0.11
150919,0.23
150929,0.21
150935,0.19
150941,0.14
150949,0.08
150950,0.17
150951,0.05
150952,0.13
150980,0.26
150981,0.16
150986,0.3
150987,0.15
151004,0.06
151005,0.12
151010,0.12
151012,0.13
151016,0.14
151021,0.22
151022,0.04
151023,0.28
151024,0.22
151035,0.23
151036,0.11
151039,0.13
151041,0.16
151043,0.16
151052,0.16
151058,0.26
151065,0.11
151066,0.08
151067,0.23
151069,0.15
151070,0.07
151080,0.12
151090,0.19
151092,0.31
151100,0.12
151108,0.2
151113,0.19
151119,0.1
151131,0.04
151145,0.2
151147,0.2
151148,0.1
151149,0.22
151153,0.2
151158,0.14
151167,0.09
151169,0.2
151185,0.15
151186,0.18
151187,0.24
151203,0.1
151206,0.13
151213,0.22
151237,0.14
151254,0.07
151255,0.07
151264,0.11
151266,0.12
151267,0.14
151270,0.1
151286,0.11
151288,0.12
151289,0.23
151290,0.12
151303,0.08
151304,0.18
151308,0.14
151315,0.08
151324,0.11
151329,0.11
151335,0.01
151343,0.11
151347,0.21
151348,0.22
151357,0.12
151366,0.11
151372,0.09
151374,0.11
151394,0.15
151395,0.27
151403,0.21
151410,0.14
151412,0.14
151419,0.09
151443,0.13
151464,0.09
151466,0.19
151467,0.11
151476,0.21
151480,0.14
151481,0.22
151486,0.19
151487,0.13
151490,0.16
151498,0.08
151500,0.05
151504,0.12
151516,0.14
151519,0.16
151528,0.15
151529,0.2
151539,0.17
151540,0.12
151556,0.32
151558,0.09
151559,0.21
151581,0.08
151586,0.24
151589,0.22
151603,0.14
151604,0.14
151610,0.1
151637,0.26
151652,0.17
151654,0.1
151667,0.16
151668,0.28
151669,0.13
151678,0.14
151697,0.14
151706,0.1
151729,0.12
151730,0.14
151737,0.09
151744,0.1
151756,0.15
151785,0.05
151800,0.06
151801,0.1
151821,0.16
151822,0.2
151834,0.17
151845,0.05
151846,0.2
151847,0.13
151848,0.13
151859,0.13
151872,0.21
151875,0.13
151883,0.11
151888,0.1
151895,0.08
151896,0.11
151900,0.11
151913,0.11
151920,0.2
151928,0.15
151933,0.14
151934,0.14
151948,0.12
151951,0.12
151963,0.13
151964,0.11
151965,0.15
151966,0.17
151974,0.17
151975,0.28
151978,0.18
151982,0.12
151993,0.15
152002,0.06
152005,0.1
152017,0.1
152020,0.2
152039,0.14
152047,0.15
152064,0.18
152071,0.17
152076,0.13
152088,0.11
152091,0.21
152093,0.1
152100,0.28
152107,0.19
152115,0.09
152119,0.09
152123,0.14
152129,0.16
152140,0.26
152141,0.18
152142,0.23
152148,0.16
152170,0.1
152171,0.11
152176,0.08
152186,0.11
152192,0.25
152204,0.15
152215,0.14
152220,0.19
152230,0.16
152256,0.11
152265,0.15
152266,0.09
152268,0.01
152272,0.19
152286,0.06
152299,0.17
152305,0.17
152324,0.16
152329,0.22
152355,0.15
152356,0.09
152365,0.18
152369,0.16
152373,0.13
152374,0.16
152383,0.12
152395,0.16
152403,0.2
152404,0.15
152406,0.1
152425,0.09
152437,0.22
152438,0.18
152442,0.27
152460,0.18
152461,0.14
152462,0.13
152472,0.13
152473,0.13
152477,0.11
152506,0.14
152522,0.16
152530,0.09
152535,0.13
152543,0.06
152548,0.14
152556,0.16
152562,0.15
152563,0.2
152565,0.14
152591,0.21
152593,0.18
152612,0.15
152619,0.16
152627,0.14
152628,0.15
152632,0.17
152638,0.1
152646,0.11
152662,0.22
152679,0.18
152680,0.16
152699,0.19
152703,0.08
152717,0.35
152720,0.22
152721,0.13
152735,0.12
152736,0.14
152739,0.19
152755,0.16
152769,0.13
152785,0.16
152788,0.12
152791,0.05
152808,0.08
152815,0.13
152816,0.19
152817,0.14
152818,0.15
152819,0.23
152820,0.14
152823,0.19
152831,0.08
152832,0.08
152833,0.13
152835,0.17
152838,0.14
152846,0.1
152862,0.21
152864,0.1
152865,0.15
152871,0.18
152874,0.11
152875,0.1
152876,0.2
152877,0.25
152881,0.18
152892,0.11
152908,0.24
152909,0.12
152915,0.08
152916,0.28
152923,0.14
152932,0.12
152934,0.11
152936,0.15
152948,0.11
152951,0.22
152956,0.21
152963,0.06
152964,0.38
152978,0.12
152980,0.2
152986,0.19
153001,0.2
153002,0.08
153007,0.14
153009,0.11
153017,0.17
153018,0.24
153022,0.17
153027,0.23
153032,0.07
153033,0.12
153034,0.19
153037,0.16
153051,0.44
153052,0.11
153057,0.15
153067,0.23
153084,0.21
153088,0.12
153089,0.13
153093,0.17
153094,0.18
153095,0.19
153105,0.14
153108,0.16
153110,0.09
153119,0.19
153135,0.15
153139,0.08
153146,0.14
153154,0.19
153185,0.09
153195,0.24
153196,0.1
153198,0.13
153202,0.12
153203,0.11
153209,0.11
153223,0.28
153224,0.11
153227,0.12
153230,0.16
153233,0.15
153234,0.1
153235,0.15
153243,0.19
153263,0.18
153269,0.2
153272,0.12
153276,0.22
153279,0.2
153291,0.16
153311,0.16
153328,0.23
153330,0.18
153341,0.23
153345,0.15
153393,0.1
153394,0.2
153395,0.17
153420,0.23
153428,0.22
153432,0.13
153449,0.12
153458,0.25
153459,0.08
153472,0.11
153475,0.05
153479,0.19
153480,0.15
153490,0.14
153491,0.14
153501,0.13
153502,0.12
153507,0.13
153513,0.18
153514,0.16
153519,0.13
153520,0.1
153556,0.13
153577,0.17
153582,0.2
153594,0.22
153595,0.17
153598,0.15
153601,0.16
153625,0.2
153641,0.09
153654,0.15
153676,0.11
153681,0.06
153704,0.18
153706,0.11
153710,0.23
153720,0.13
153734,0.12
153738,0.1
153743,0.15
153748,0.16
153756,0.27
153757,0.16
153759,0.09
153764,0.19
153782,0.14
153796,0.23
153802,0.29
153809,0.29
153810,0.11
153817,0.3
153821,0.18
153823,0.14
153830,0.13
153834,0.12
153839,0.12
153842,0.2
153847,0.26
153855,0.16
153873,0.1
153875,0.07
153882,0.24
153884,0.09
153885,0.25
153886,0.12
153890,0.13
153892,0.08
153897,0.2
153898,0.2
153901,0.26
153924,0.17
153928,0.14
153929,0.2
153949,0.19
153979,0.11
153980,0.11
153981,0.12
154010,0.2
154015,0.07
154039,0.22
154043,0.1
154044,0.12
154046,0.16
154047,0.08
154058,0.08
154060,0.12
154065,0.24
154083,0.2
154100,0.2
154108,0.12
154120,0.18
154121,0.17
154122,0.09
154128,0.18
154137,0.11
154143,0.13
154151,0.15
154158,0.1
154176,0.11
154184,0.18
154191,0.15
154215,0.2
154216,0.14
154220,0.09
154222,0.14
154227,0.16
154241,0.1
154243,0.11
154244,0.18
154254,0.11
154264,0.14
154265,0.16
154268,0.13
154269,0.11
154299,0.12
154307,0.11
154315,0.27
154325,0.15
154327,0.04
154332,0.18
154346,0.17
154347,0.06
154353,0.26
154369,0.13
154376,0.05
154377,0.21
154379,0.12
154389,0.06
154402,0.13
154403,0.09
154416,0.09
154428,0.21
154430,0.07
154442,0.31
154447,0.15
154468,0.16
154470,0.13
154473,0.17
154480,0.11
154486,0.15
154500,0.14
154507,0.09
154529,0.06
154549,0.08
154557,0.05
154571,0.14
154578,0.08
154580,0.1
154591,0.14
154611,0.2
154623,0.08
154650,0.18
154655,0.26
154659,0.19
154680,0.16
154681,0.1
154690,0.12
154711,0.12
154712,0.13
154722,0.16
154731,0.18
154747,0.29
154749,0.16
154750,0.24
154760,0.11
154763,0.12
154786,0.21
154788,0.11
154792,0.09
154807,0.14
154812,0.11
154818,0.25
154819,0.26
154824,0.14
154839,0.16
154840,0.11
154843,0.07
154847,0.14
154849,0.28
154850,0.11
154851,0.2
154853,0.07
154858,0.08
154868,0.34
154871,0.1
154877,0.12
154916,0.08
154920,0.1
154922,0.16
154924,0.16
154933,0.14
154942,0.25
154955,0.08
154957,0.17
154966,0.1
154971,0.09
154972,0.11
154973,0.12
154974,0.13
154979,0.24
154982,0.18
154990,0.22
154991,0.21
154994,0.13
154995,0.12
155009,0.13
155014,0.04
155017,0.12
155018,0.16
155019,0.11
155020,0.1
155027,0.18
155034,0.12
155047,0.13
155049,0.29
155052,0.18
155053,0.16
155059,0.14
155060,0.14
155069,0.14
155077,0.17
155078,0.1
155086,0.12
155088,0.13
155094,0.1
155099,0.12
155100,0.13
155116,0.09
155117,0.16
155119,0.12
155120,0.08
155133,0.16
155135,0.17
155141,0.22
155144,0.08
155145,0.12
155174,0.07
155194,0.11
155196,0.12
155204,0.15
155232,0.15
155240,0.14
155246,0.17
155254,0.13
155267,0.16
155273,0.13
155274,0.18
155283,0.08
155296,0.28
155312,0.12
155318,0.16
155322,0.11
155323,0.15
155329,0.14
155342,0.17
155346,0.31
155366,0.14
155369,0.13
155372,0.29
155378,0.14
155382,0.09
155390,0.08
155401,0.29
155428,0.09
155443,0.09
155445,0.13
155450,0.15
155452,0.09
155453,0.04
155480,0.14
155482,0.1
155484,0.24
155485,0.16
155496,0.22
155497,0.12
155531,0.12
155541,0.08
155547,0.2
155550,0.2
155551,0.21
155565,0.14
155567,0.12
155569,0.17
155573,0.18
155575,0.13
155581,0.07
155591,0.12
155593,0.12
155594,0.12
155610,0.25
155623,0.1
155624,0.2
155629,0.12
155638,0.13
155650,0.14
155652,0.08
155687,0.23
155697,0.1
155715,0.15
155718,0.13
155719,0.1
155723,0.13
155730,0.12
155731,0.2
155737,0.26
155738,0.17
155740,0.18
155742,0.07
155755,0.16
155766,0.12
155768,0.16
155771,0.13
155803,0.16
155808,0.1
155809,0.11
155812,0.18
155820,0.19
155832,0.26
155841,0.04
155847,0.22
155848,0.15
155855,0.16
155886,0.18
155893,0.12
155905,0.12
155910,0.13
155912,0.12
155919,0.18
155921,0.13
155937,0.11
155939,0.22
155950,0.13
155987,0.17
155988,0.17
156005,0.09
156006,0.05
156010,0.16
156018,0.11
156021,0.25
156026,0.09
156030,0.12
156033,0.12
156038,0.12
156041,0.16
156049,0.15
156050,0.05
156068,0.12
156069,0.24
156087,0.1
156088,0.19
156095,0.14
156104,0.1
156107,0.1
156108,0.16
156111,0.19
156119,0.1
156123,0.18
156140,0.16
156149,0.15
156161,0.07
156180,0.3
156186,0.21
156189,0.16
156194,0.07
156200,0.14
156213,0.47
156214,0.14
156228,0.13
156234,0.19
156236,0.17
156243,0.14
156256,0.14
156268,0.09
156269,0.09
156270,0.11
156274,0.13
156290,0.16
156291,0.18
156292,0.18
156298,0.11
156301,0.12
156302,0.2
156309,0.23
156355,0.09
156365,0.19
156367,0.19
156372,0.11
156376,0.13
156377,0.15
156389,0.22
156400,0.09
156404,0.13
156405,0.17
156426,0.12
156427,0.11
156429,0.11
156430,0.13
156431,0.07
156432,0.17
156449,0.14
156463,0.1
156464,0.17
156478,0.07
156492,0.25
156508,0.26
156509,0.11
156517,0.17
156526,0.11
156527,0.07
156538,0.15
156542,0.1
156543,0.11
156555,0.09
156556,0.16
156561,0.11
156563,0.12
156564,0.09
156567,0.11
156570,0.11
156581,0.13
156594,0.06
156597,0.07
156600,0.09
156601,0.09
156627,0.18
156629,0.1
156642,0.16
156644,0.09
156663,0.12
156674,0.09
156688,0.09
156696,0.12
156707,0.08
156723,0.08
156728,0.2
156731,0.12
156732,0.07
156733,0.16
156768,0.11
156773,0.14
156782,0.21
156815,0.09
156837,0.1
156854,0.3
156861,0.23
156862,0.1
156878,0.16
156903,0.16
156910,0.17
156925,0.14
156933,0.15
156952,0.17
156953,0.07
156963,0.27
156965,0.2
156989,0.15
156994,0.22
156996,0.13
157005,0.04
157011,0.11
157046,0.2
157058,0.21
157061,0.2
157065,0.09
157066,0.16
157067,0.15
157090,0.17
157091,0.15
157096,0.06
157101,0.29
157104,0.16
157109,0.07
157116,0.15
157120,0.19
157121,0.17
157124,0.24
157125,0.08
157132,0.21
157153,0.17
157157,0.21
157159,0.22
157168,0.09
157189,0.1
157195,0.08
157203,0.14
157210,0.16
157212,0.19
157220,0.08
157239,0.16
157241,0.08
157246,0.12
157247,0.15
157252,0.08
157253,0.32
157265,0.16
157291,0.06
157292,0.12
157301,0.09
157306,0.19
157312,0.17
157314,0.11
157332,0.17
157333,0.19
157337,0.12
157345,0.2
157347,0.32
157363,0.11
157376,0.07
157382,0.19
157397,0.16
157409,0.09
157411,0.14
157422,0.14
157428,0.13
157434,0.21
157442,0.11
157446,0.11
157456,0.1
157465,0.12
157469,0.12
157482,0.08
157497,0.15
157507,0.12
157510,0.21
157515,0.1
157529,0.07
157530,0.17
157541,0.3
157546,0.29
157553,0.17
157554,0.13
157562,0.17
157565,0.16
157566,0.16
157571,0.11
157572,0.17
157574,0.05
157575,0.07
157581,0.37
157590,0.27
157604,0.1
157611,0.15
157617,0.25
157620,0.2
157623,0.19
157651,0.11
157653,0.16
157664,0.14
157690,0.12
157704,0.11
157712,0.22
157722,0.17
157727,0.18
157764,0.15
157765,0.22
157775,0.1
157777,0.12
157789,0.3
157802,0.28
157803,0.13
157804,0.15
157805,0.21
157822,0.14
157823,0.12
157827,0.11
157836,0.14
157839,0.12
157847,0.12
157859,0.12
157864,0.1
157866,0.24
157877,0.25
157886,0.11
157892,0.17
157903,0.15
157913,0.15
157919,0.1
157920,0.17
157923,0.16
157926,0.12
157927,0.18
157948,0.07
157949,0.15
157952,0.14
157955,0.22
157958,0.17
157960,0.13
157966,0.07
157970,0.12
157979,0.2
157980,0.19
157985,0.12
157997,0.3
157998,0.22
158002,0.19
158004,0.18
158005,0.08
158007,0.19
158008,0.08
158015,0.13
158033,0.2
158036,0.07
158041,0.09
158044,0.12
158049,0.08
158061,0.13
158078,0.08
158099,0.04
158100,0.18
158102,0.17
158107,0.08
158114,0.15
158127,0.28
158128,0.24
158142,0.15
158145,0.21
158146,0.15
158167,0.09
158176,0.15
158184,0.12
158197,0.12
158201,0.14
158202,0.13
158205,0.16
158208,0.2
158211,0.16
158215,0.16
158218,0.1
158221,0.34
158223,0.17
158230,0.09
158234,0.12
158235,0.18
158245,0.09
158254,0.15
158267,0.17
158277,0.08
158283,0.09
158289,0.22
158290,0.14
158298,0.16
158307,0.04
158332,0.13
158336,0.15
158342,0.09
158344,0.07
158347,0.13
158352,0.13
158354,0.14
158355,0.16
158357,0.07
158365,0.09
158366,0.07
158367,0.09
158368,0.24
158384,0.22
158388,0.13
158395,0.18
158413,0.13
158425,0.12
158426,0.04
158432,0.08
158444,0.21
158453,0.12
158454,0.14
158459,0.1
158462,0.11
158468,0.19
158469,0.12
158470,0.14
158483,0.2
158485,0.11
158490,0.25
158494,0.07
158500,0.07
158503,0.09
158504,0.08
158519,0.13
158523,0.11
158527,0.04
158533,0.17
158535,0.13
158539,0.13
158544,0.21
158547,0.12
158551,0.15
158552,0.06
158560,0.13
158616,0.29
158638,0.07
158642,0.03
158651,0.06
158653,0.17
158677,0.09
158683,0.18
158687,0.16
158693,0.11
158700,0.16
158703,0.1
158705,0.22
158706,0.06
158708,0.1
158712,0.14
158714,0.24
158715,0.17
158752,0.09
158753,0.15
158763,0.06
158764,0.2
158767,0.23
158770,0.17
158781,0.1
158789,0.08
158790,0.1
158791,0.2
158795,0.17
158796,0.16
158800,0.1
158806,0.1
158807,0.26
158815,0.19
158824,0.04
158828,0.22
158831,0.24
158840,0.19
158841,0.13
158847,0.14
158856,0.12
158858,0.17
158884,0.1
158885,0.17
158891,0.18
158898,0.14
158911,0.22
158913,0.08
158918,0.11
158926,0.13
158929,0.13
158939,0.14
158940,0.13
158952,0.11
158963,0.11
158973,0.15
158977,0.18
158988,0.17
159013,0.21
159016,0.08
159018,0.11
159024,0.3
159034,0.22
159035,0.11
159039,0.15
159049,0.17
159056,0.21
159068,0.14
159078,0.21
159099,0.07
159103,0.14
159106,0.25
159113,0.14
159117,0.15
159124,0.35
159132,0.18
159139,0.15
159142,0.13
159145,0.17
159147,0.1
159174,0.1
159201,0.16
159203,0.13
159212,0.21
159214,0.13
159221,0.15
159240,0.09
159241,0.07
159242,0.22
159244,0.13
159250,0.2
159275,0.13
159284,0.17
159293,0.1
159295,0.1
159301,0.11
159310,0.12
159314,0.11
159318,0.11
159333,0.11
159334,0.12
159335,0.08
159337,0.37
159338,0.23
159340,0.17
159361,0.13
159384,0.27
159402,0.19
159421,0.11
159424,0.09
159425,0.19
159426,0.14
159439,0.16
159445,0.15
159449,0.07
159460,0.31
159475,0.2
159481,0.11
159483,0.13
159494,0.16
159504,0.07
159512,0.23
159522,0.26
159524,0.12
159526,0.12
159528,0.15
159547,0.26
159555,0.09
159562,0.09
159563,0.08
159565,0.33
159569,0.11
159578,0.12
159579,0.14
159581,0.12
159594,0.13
159598,0.07
159604,0.12
159605,0.2
159620,0.19
159631,0.24
159633,0.2
159659,0.12
159661,0.32
159667,0.14
159669,0.16
159682,0.17
159683,0.18
159693,0.1
159698,0.13
159702,0.18
159703,0.08
159707,0.13
159716,0.12
159732,0.16
159734,0.15
159740,0.18
159748,0.1
159751,0.13
159756,0.09
159758,0.23
159767,0.18
159769,0.38
159775,0.15
159802,0.18
159804,0.12
159817,0.11
159818,0.03
159824,0.17
159837,0.08
159840,0.11
159842,0.16
159851,0.13
159865,0.24
159866,0.16
159872,0.17
159874,0.11
159879,0.06
159883,0.12
159884,0.13
159898,0.26
159903,0.13
159906,0.16
159914,0.15
159915,0.2
159917,0.14
159929,0.22
159949,0.1
159951,0.14
159953,0.12
159957,0.25
159968,0.13
159972,0.14
159973,0.11
159993,0.17
160008,0.22
160011,0.17
160013,0.13
160015,0.14
160017,0.12
160023,0.22
160028,0.23
160035,0.16
160074,0.11
160076,0.08
160077,0.16
160080,0.2
160084,0.19
160089,0.22
160094,0.12
160101,0.13
160103,0.13
160111,0.06
160114,0.13
160116,0.06
160119,0.14
160123,0.08
160141,0.18
160147,0.09
160151,0.13
160172,0.21
160173,0.17
160177,0.22
160178,0.17
160180,0.13
160181,0.16
160188,0.16
160189,0.08
160193,0.1
160205,0.18
160214,0.24
160215,0.15
160217,0.16
160262,0.09
160263,0.12
160273,0.12
160282,0.35
160295,0.23
160297,0.19
160303,0.05
160305,0.05
160309,0.16
160324,0.1
160338,0.14
160366,0.17
160375,0.08
160381,0.11
160398,0.13
160400,0.11
160406,0.24
160410,0.17
160411,0.1
160418,0.11
160440,0.11
160441,0.13
160450,0.28
160465,0.14
160470,0.13
160471,0.18
160472,0.32
160479,0.15
160490,0.14
160500,0.18
160503,0.14
160504,0.17
160515,0.22
160541,0.2
160545,0.19
160562,0.11
160589,0.13
160594,0.06
160595,0.08
160598,0.15
160601,0.08
160605,0.13
160606,0.1
160607,0.14
160608,0.18
160610,0.12
160614,0.18
160615,0.09
160626,0.1
160634,0.13
160656,0.12
160660,0.06
160666,0.18
160672,0.19
160673,0.07
160674,0.15
160681,0.1
160683,0.17
160694,0.06
160710,0.14
160715,0.1
160719,0.15
160732,0.16
160734,0.11
160737,0.23
160742,0.14
160747,0.08
160749,0.15
160753,0.18
160756,0.19
160757,0.14
160763,0.08
160782,0.08
160789,0.11
160804,0.12
160805,0.17
160813,0.16
160815,0.09
160819,0.14
160820,0.18
160822,0.13
160823,0.16
160837,0.07
160841,0.08
160847,0.11
160861,0.15
160886,0.15
160891,0.2
160897,0.05
160914,0.18
160915,0.25
160929,0.09
160930,0.04
160931,0.14
160935,0.21
160939,0.17
160953,0.15
160954,0.15
160962,0.16
160966,0.12
160982,0.08
160983,0.13
160991,0.12
160998,0.12
161009,0.26
161014,0.09
161017,0.28
161021,0.09
161023,0.15
161027,0.1
161028,0.27
161030,0.35
161031,0.11
161033,0.08
161050,0.08
161053,0.18
161054,0.17
161055,0.11
161059,0.12
161061,0.13
161065,0.18
161069,0.07
161072,0.11
161073,0.09
161080,0.09
161083,0.1
161104,0.14
161111,0.25
161139,0.13
161149,0.16
161158,0.27
161171,0.21
161175,0.16
161201,0.14
161202,0.28
161205,0.12
161228,0.15
161233,0.11
161234,0.12
161237,0.12
161238,0.09
161250,0.23
161251,0.12
161253,0.13
161254,0.08
161283,0.19
161291,0.08
161297,0.11
161300,0.09
161314,0.17
161315,0.15
161336,0.11
161341,0.24
161343,0.16
161351,0.26
161352,0.14
161353,0.13
161361,0.13
161366,0.18
161368,0.16
161378,0.09
161379,0.19
161380,0.13
161398,0.24
161408,0.11
161432,0.08
161439,0.17
161461,0.11
161467,0.27
161468,0.13
161471,0.11
161477,0.21
161503,0.22
161514,0.06
161524,0.18
161527,0.13
161528,0.16
161531,0.19
161536,0.08
161537,0.12
161548,0.12
161558,0.1
161572,0.12
161586,0.1
161605,0.1
161606,0.14
161607,0.09
161618,0.11
161640,0.16
161658,0.12
161660,0.15
161661,0.12
161662,0.23
161677,0.22
161681,0.15
161682,0.1
161683,0.26
161685,0.11
161686,0.15
161687,0.19
161691,0.14
161701,0.21
161707,0.14
161709,0.14
161710,0.09
161711,0.11
161714,0.15
161742,0.19
161751,0.12
161764,0.11
161771,0.16
161781,0.24
161782,0.16
161800,0.06
161810,0.22
161812,0.13
161813,0.08
161816,0.1
161838,0.25
161841,0.17
161845,0.07
161871,0.17
161877,0.18
161882,0.12
161885,0.15
161886,0.15
161895,0.19
161897,0.17
161914,0.1
161921,0.26
161922,0.19
161927,0.23
161946,0.11
161952,0.16
161954,0.09
161955,0.09
161961,0.16
161977,0.26
161980,0.15
161989,0.32
161993,0.42
162002,0.11
162011,0.21
162012,0.08
162015,0.17
162016,0.13
162019,0.11
162021,0.18
162022,0.18
162023,0.21
162025,0.15
162028,0.08
162029,0.14
162030,0.06
162031,0.28
162033,0.23
162037,0.06
162044,0.08
162071,0.14
162093,0.12
162094,0.15
162100,0.07
162102,0.23
162105,0.14
162109,0.12
162116,0.11
162117,0.16
162118,0.33
162120,0.1
162125,0.07
162128,0.2
162131,0.18
162133,0.16
162135,0.13
162156,0.12
162157,0.07
162165,0.17
162166,0.13
162170,0.18
162201,0.11
162202,0.12
162206,0.1
162211,0.13
162227,0.07
162232,0.13
162235,0.2
162237,0.23
162248,0.11
162261,0.17
162262,0.07
162280,0.06
162282,0.09
162284,0.12
162287,0.22
162305,0.15
162308,0.13
162309,0.21
162312,0.28
162313,0.14
162316,0.16
162324,0.3
162325,0.11
162333,0.06
162334,0.09
162337,0.08
162340,0.19
162344,0.18
162347,0.17
162350,0.2
162351,0.13
162365,0.16
162368,0.1
162379,0.15
162383,0.09
162392,0.11
162393,0.14
162397,0.14
162398,0.17
162406,0.23
162410,0.21
162418,0.09
162420,0.15
162424,0.16
162425,0.11
162438,0.11
162442,0.08
162462,0.09
162476,0.11
162477,0.11
162480,0.1
162491,0.14
162493,0.11
162503,0.14
162504,0.15
162513,0.12
162516,0.31
162517,0.09
162522,0.1
162523,0.14
162542,0.11
162584,0.23
162586,0.11
162589,0.12
162594,0.1
162616,0.12
162630,0.13
162637,0.12
162652,0.14
162659,0.23
162668,0.11
162674,0.17
162680,0.07
162685,0.19
162689,0.15
162711,0.13
162714,0.12
162732,0.1
162741,0.13
162758,0.14
162759,0.09
162775,0.12
162776,0.18
162777,0.07
162782,0.1
162786,0.14
162794,0.15
162799,0.13
162801,0.23
162802,0.22
162807,0.13
162820,0.14
162827,0.08
162833,0.14
162837,0.09
162844,0.16
162860,0.05
162862,0.14
162864,0.13
162868,0.14
162880,0.07
162895,0.39
162898,0.13
162918,0.22
162924,0.24
162931,0.15
162936,0.12
162978,0.27
162979,0.14
162988,0.17
162989,0.17
163013,0.29
163014,0.16
163021,0.14
163024,0.1
163027,0.2
163030,0.09
163031,0.08
163032,0.11
163039,0.12
163042,0.09
163048,0.14
163049,0.05
163068,0.07
163071,0.23
163074,0.22
163079,0.08
163080,0.12
163085,0.09
163093,0.08
163094,0.17
163109,0.16
163116,0.13
163117,0.18
163118,0.18
163119,0.23
163121,0.17
163131,0.11
163132,0.06
163133,0.22
163182,0.13
163187,0.12
163188,0.16
163195,0.2
163197,0.08
163200,0.07
163206,0.31
163207,0.1
163214,0.09
163222,0.09
163224,0.15
163226,0.11
163235,0.27
163240,0.15
163258,0.19
163263,0.17
163264,0.23
163265,0.16
163266,0.16
163268,0.22
163272,0.07
163273,0.24
163278,0.22
163288,0.07
163299,0.23
163302,0.2
163307,0.06
163321,0.13
163349,0.05
163352,0.19
163353,0.18
163357,0.2
163362,0.1
163375,0.13
163385,0.21
163386,0.15
163390,0.2
163408,0.04
163423,0.08
163426,0.15
163437,0.2
163452,0.15
163472,0.19
163473,0.14
163479,0.14
163480,0.11
163487,0.09
163492,0.14
163493,0.2
163523,0.13
163524,0.12
163527,0.23
163528,0.11
163531,0.07
163538,0.06
163556,0.11
163563,0.24
163566,0.17
163570,0.09
163571,0.09
163574,0.1
163578,0.14
163580,0.22
163597,0.26
163601,0.32
163604,0.13
163609,0.21
163618,0.12
163634,0.2
163647,0.21
163660,0.14
163661,0.12
163666,0.14
163667,0.2
163669,0.24
163676,0.08
163681,0.07
163682,0.07
163684,0.18
163714,0.22
163724,0.14
163728,0.12
163729,0.08
163738,0.09
163742,0.09
163743,0.17
163748,0.12
163759,0.21
163782,0.12
163793,0.12
163800,0.11
163801,0.14
163802,0.18
163814,0.12
163820,0.13
163821,0.22
163848,0.1
163852,0.16
163854,0.12
163855,0.24
163882,0.13
163895,0.16
163900,0.24
163907,0.31
163915,0.07
163926,0.17
163929,0.12
163934,0.13
163940,0.13
163943,0.16
163944,0.12
163949,0.13
163951,0.1
163952,0.12
163965,0.2
163970,0.13
163980,0.12
163981,0.11
163988,0.14
163989,0.11
163991,0.2
164015,0.11
164028,0.11
164030,0.14
164031,0.24
164037,0.12
164049,0.13
164052,0.07
164059,0.08
164083,0.13
164095,0.12
164106,0.32
164116,0.12
164117,0.4
164119,0.09
164133,0.18
164134,0.07
164142,0.16
164143,0.07
164147,0.13
164148,0.23
164150,0.21
164152,0.12
164156,0.1
164157,0.17
164158,0.09
164166,0.29
164191,0.05
164194,0.36
164198,0.11
164201,0.09
164202,0.12
164207,0.27
164228,0.15
164240,0.19
164241,0.06
164244,0.06
164256,0.12
164262,0.18
164269,0.19
164276,0.1
164281,0.26
164290,0.09
164300,0.43
164305,0.15
164307,0.06
164308,0.15
164309,0.05
164314,0.08
164319,0.22
164331,0.09
164332,0.04
164343,0.21
164349,0.15
164363,0.18
164373,0.15
164410,0.25
164417,0.17
164436,0.15
164438,0.17
164441,0.09
164445,0.08
164451,0.12
164452,0.16
164502,0.18
164513,0.16
164526,0.24
164527,0.15
164528,0.18
164530,0.09
164537,0.18
164542,0.18
164546,0.11
164555,0.3
164556,0.12
164568,0.18
164571,0.2
164572,0.25
164574,0.15
164580,0.14
164597,0.05
164601,0.12
164619,0.09
164633,0.08
164642,0.08
164652,0.07
164676,0.19
164682,0.11
164685,0.13
164691,0.07
164696,0.18
164708,0.14
164711,0.14
164712,0.17
164717,0.12
164721,0.13
164740,0.06
164746,0.08
164755,0.21
164761,0.05
164764,0.06
164766,0.52
164776,0.23
164777,0.1
164783,0.13
164786,0.15
164799,0.17
164808,0.2
164812,0.11
164815,0.18
164816,0.08
164817,0.16
164818,0.16
164819,0.3
164821,0.14
164822,0.09
164825,0.12
164834,0.12
164841,0.13
164842,0.07
164853,0.06
164855,0.18
164856,0.07
164878,0.13
164883,0.13
164887,0.14
164888,0.14
164889,0.17
164891,0.4
164892,0.09
164922,0.15
164924,0.12
164933,0.16
164938,0.08
164939,0.29
164949,0.12
164950,0.09
164957,0.19
164961,0.17
164963,0.06
164972,0.05
164980,0.13
164981,0.07
165020,0.16
165027,0.24
165046,0.12
165048,0.15
165049,0.25
165058,0.06
165065,0.09
165081,0.12
165082,0.21
165090,0.1
165107,0.19
165131,0.08
165133,0.22
165137,0.12
165140,0.15
165142,0.11
165143,0.18
165152,0.16
165154,0.09
165158,0.24
165166,0.11
165168,0.14
165171,0.17
165175,0.15
165182,0.14
165188,0.17
165190,0.16
165199,0.04
165202,0.19
165203,0.17
165204,0.27
165208,0.07
165221,0.16
165243,0.1
165283,0.12
165300,0.09
165302,0.11
165304,0.07
165313,0.12
165336,0.22
165339,0.22
165363,0.15
165376,0.18
165380,0.25
165385,0.05
165386,0.14
165410,0.1
165422,0.07
165426,0.09
165428,0.08
165445,0.14
165452,0.17
165454,0.11
165455,0.11
165462,0.13
165465,0.07
165466,0.17
165467,0.21
165476,0.1
165477,0.09
165478,0.35
165497,0.11
165500,0.15
165511,0.15
165513,0.27
165515,0.29
165521,0.04
165522,0.09
165523,0.17
165530,0.11
165537,0.11
165538,0.14
165539,0.2
165545,0.05
165550,0.08
165551,0.19
165552,0.17
165557,0.11
165558,0.13
165560,0.12
165574,0.18
165576,0.2
165587,0.11
165601,0.06
165605,0.07
165606,0.09
165607,0.19
165624,0.24
165632,0.07
165633,0.17
165634,0.22
165646,0.16
165649,0.11
165651,0.15
165661,0.08
165666,0.19
165669,0.16
165674,0.08
165685,0.24
165687,0.16
165692,0.18
165721,0.19
165726,0.21
165748,0.2
165749,0.1
165752,0.1
165755,0.2
165758,0.11
165761,0.1
165762,0.19
165780,0.14
165781,0.13
165789,0.23
165802,0.05
165806,0.1
165817,0.23
165822,0.26
165837,0.12
165840,0.22
165846,0.12
165853,0.04
165864,0.27
165865,0.13
165868,0.1
165869,0.11
165871,0.12
165880,0.17
165887,0.27
165904,0.15
165907,0.06
165910,0.3
165915,0.17
165917,0.06
165918,0.2
165919,0.13
165923,0.2
165931,0.13
165932,0.11
165934,0.37
165939,0.15
165944,0.21
165951,0.22
165955,0.07
165959,0.24
165966,0.21
165970,0.12
165975,0.08
165977,0.08
165990,0.36
165997,0.09
166003,0.18
166008,0.09
166020,0.2
166025,0.09
166033,0.1
166038,0.06
166042,0.1
166049,0.13
166071,0.12
166091,0.17
166093,0.29
166095,0.15
166104,0.14
166107,0.1
166108,0.08
166110,0.12
166112,0.37
166135,0.15
166136,0.12
166138,0.15
166153,0.18
166155,0.31
166158,0.18
166164,0.19
166186,0.19
166191,0.1
166196,0.11
166197,0.15
166202,0.17
166215,0.13
166230,0.08
166243,0.13
166244,0.06
166255,0.09
166258,0.18
166263,0.15
166271,0.14
166283,0.17
166286,0.14
166291,0.09
166294,0.23
166303,0.21
166306,0.18
166309,0.12
166316,0.16
166317,0.06
166321,0.18
166331,0.11
166349,0.09
166374,0.11
166387,0.07
166393,0.09
166400,0.08
166420,0.1
166446,0.07
166449,0.12
166452,0.14
166495,0.09
166501,0.11
166514,0.17
166515,0.09
166521,0.1
166525,0.07
166529,0.16
166536,0.17
166542,0.1
166543,0.22
166545,0.1
166550,0.13
166560,0.1
166567,0.14
166570,0.16
166573,0.11
166582,0.21
166583,0.11
166590,0.12
166594,0.18
166618,0.26
166623,0.21
166626,0.16
166641,0.11
166654,0.15
166682,0.18
166685,0.17
166688,0.2
166692,0.1
166701,0.1
166702,0.2
166705,0.13
166713,0.06
166733,0.1
166734,0.11
166738,0.13
166739,0.09
166740,0.13
166755,0.31
166761,0.25
166764,0.1
166773,0.12
166774,0.11
166814,0.06
166819,0.14
166834,0.19
166841,0.24
166848,0.26
166857,0.12
166858,0.1
166873,0.07
166889,0.14
166890,0.12
166891,0.12
166902,0.11
166908,0.11
166916,0.18
166920,0.11
166922,0.17
166926,0.12
166928,0.18
166930,0.14
166931,0.12
166932,0.06
166937,0.05
166941,0.09
166944,0.07
166960,0.16
166972,0.18
166973,0.12
166978,0.1
166984,0.14
166994,0.15
166995,0.06
166996,0.13
167001,0.08
167006,0.16
167007,0.2
167037,0.25
167041,0.12
167051,0.18
167052,0.23
167054,0.11
167057,0.17
167058,0.12
167059,0.11
167060,0.09
167066,0.07
167077,0.17
167078,0.09
167080,0.14
167089,0.14
167090,0.14
167091,0.16
167096,0.11
167105,0.13
167121,0.12
167128,0.15
167131,0.23
167139,0.23
167140,0.22
167149,0.17
167152,0.24
167153,0.22
167163,0.16
167167,0.21
167171,0.1
167178,0.08
167179,0.18
167182,0.14
167187,0.12
167192,0.19
167208,0.18
167212,0.19
167217,0.17
167230,0.1
167236,0.05
167238,0.15
167239,0.15
167257,0.29
167260,0.2
167264,0.13
167271,0.06
167273,0.19
167276,0.13
167283,0.09
167295,0.1
167296,0.13
167299,0.27
167310,0.09
167313,0.1
167323,0.1
167328,0.11
167329,0.16
167333,0.14
167349,0.11
167351,0.16
167359,0.09
167363,0.12
167371,0.06
167384,0.18
167387,0.1
167389,0.08
167393,0.1
167401,0.18
167427,0.13
167428,0.15
167433,0.13
167434,0.08
167437,0.14
167438,0.09
167454,0.12
167475,0.11
167480,0.17
167491,0.13
167494,0.16
167495,0.12
167503,0.15
167521,0.24
167529,0.07
167530,0.01
167550,0.12
167554,0.15
167557,0.18
167562,0.08
167566,0.1
167572,0.37
167573,0.17
167578,0.28
167592,0.05
167597,0.12
167621,0.12
167622,0.13
167631,0.32
167637,0.27
167638,0.12
167645,0.13
167648,0.25
167697,0.14
167698,0.1
167701,0.21
167708,0.08
167714,0.19
167717,0.14
167727,0.17
167737,0.07
167746,0.18
167751,0.19
167753,0.12
167755,0.12
167771,0.16
167805,0.19
167811,0.22
167815,0.09
167829,0.14
167830,0.17
167834,0.13
167841,0.14
167846,0.11
167851,0.33
167871,0.13
167890,0.1
167898,0.14
167901,0.1
167902,0.11
167907,0.17
167911,0.05
167912,0.18
167916,0.1
167917,0.09
167928,0.14
167940,0.16
167947,0.13
167948,0.26
167953,0.14
167957,0.17
167958,0.14
167968,0.1
167970,0.2
167977,0.13
167980,0.04
167993,0.12
167994,0.1
167998,0.08
168000,0.16
168006,0.16
168011,0.12
168012,0.06
168013,0.19
168022,0.09
168026,0.12
168032,0.08
168046,0.14
168054,0.2
168071,0.18
168078,0.2
168092,0.17
168093,0.11
168097,0.09
168105,0.23
168107,0.14
168108,0.12
168115,0.24
168127,0.07
168133,0.2
168135,0.08
168162,0.07
168163,0.15
168165,0.24
168169,0.09
168171,0.17
168174,0.13
168175,0.32
168186,0.09
168202,0.08
168204,0.14
168208,0.16
168229,0.12
168239,0.05
168245,0.16
168276,0.08
168309,0.22
168313,0.16
168322,0.11
168323,0.02
168326,0.25
168331,0.18
168349,0.33
168384,0.11
168398,0.12
168403,0.08
168405,0.15
168416,0.12
168418,0.14
168420,0.17
168422,0.13
168436,0.18
168438,0.07
168443,0.09
168444,0.09
168446,0.15
168454,0.1
168459,0.12
168462,0.17
168472,0.11
168485,0.08
168496,0.09
168503,0.11
168515,0.18
168516,0.15
168520,0.31
168521,0.15
168531,0.03
168542,0.11
168548,0.21
168551,0.16
168575,0.12
168580,0.11
168588,0.19
168593,0.07
168614,0.07
168615,0.15
168622,0.14
168623,0.17
168634,0.12
168645,0.21
168651,0.18
168683,0.17
168691,0.19
168708,0.18
168716,0.17
168718,0.11
168720,0.21
168722,0.22
168731,0.14
168736,0.15
168738,0.15
168747,0.1
168751,0.3
168752,0.14
168753,0.16
168774,0.19
168782,0.1
168788,0.1
168790,0.2
168791,0.16
168793,0.14
168796,0.17
168802,0.18
168803,0.1
168810,0.3
168817,0.17
168820,0.15
168823,0.06
168827,0.15
168828,0.19
168831,0.17
168842,0.19
168845,0.12
168855,0.15
168856,0.16
168861,0.15
168876,0.04
168897,0.11
168899,0.06
168913,0.1
168915,0.08
168916,0.12
168929,0.19
168930,0.06
168933,0.29
168954,0.19
168957,0.19
168959,0.09
168960,0.16
168961,0.16
168968,0.16
168969,0.13
168994,0.16
168995,0.05
169003,0.16
169004,0.4
169008,0.1
169009,0.11
169014,0.21
169030,0.09
169048,0.16
169061,0.18
169070,0.2
169092,0.14
169117,0.21
169118,0.13
169121,0.13
169123,0.13
169124,0.22
169137,0.22
169138,0.15
169143,0.08
169165,0.15
169166,0.14
169167,0.16
169168,0.17
169175,0.16
169184,0.11
169195,0.09
169196,0.07
169197,0.19
169202,0.29
169204,0.12
169212,0.12
169214,0.18
169218,0.26
169239,0.11
169248,0.1
169252,0.14
169254,0.15
169257,0.13
169264,0.14
169267,0.18
169269,0.34
169278,0.18
169297,0.17
169299,0.19
169301,0.11
169306,0.1
169323,0.2
169328,0.14
169330,0.1
169331,0.11
169346,0.11
169348,0.17
169350,0.12
169353,0.11
169355,0.19
169364,0.22
169365,0.14
169367,0.11
169370,0.09
169378,0.15
169385,0.04
169387,0.16
169389,0.2
169395,0.22
169412,0.12
169426,0.21
169427,0.22
169432,0.19
169436,0.2
169453,0.06
169455,0.28
169457,0.13
169458,0.14
169461,0.12
169467,0.08
169470,0.18
169477,0.07
169481,0.13
169483,0.22
169490,0.31
169491,0.14
169495,0.11
169504,0.21
169514,0.15
169517,0.14
169523,0.07
169528,0.21
169534,0.17
169535,0.03
169537,0.1
169541,0.18
169546,0.09
169549,0.14
169554,0.2
169561,0.1
169571,0.11
169580,0.12
169597,0.13
169598,0.12
169625,0.24
169626,0.17
169627,0.14
169628,0.09
169629,0.09
169658,0.17
169659,0.16
169668,0.15
169669,0.14
169673,0.07
169674,0.09
169676,0.26
169677,0.14
169678,0.16
169680,0.21
169695,0.26
169698,0.31
169710,0.17
169719,0.06
169720,0.09
169722,0.13
169735,0.26
169745,0.14
169749,0.2
169754,0.08
169760,0.1
169772,0.13
169773,0.11
169780,0.12
169788,0.07
169793,0.16
169809,0.19
169810,0.13
169824,0.11
169831,0.18
169833,0.18
169836,0.1
169859,0.11
169864,0.31
169872,0.12
169895,0.21
169911,0.09
169914,0.15
169960,0.16
169961,0.22
169964,0.13
169974,0.1
169988,0.09
169989,0.06
169995,0.12
170007,0.18
170026,0.14
170030,0.28
170033,0.23
170041,0.15
170043,0.15
170048,0.08
170050,0.19
170051,0.1
170056,0.1
170072,0.31
170076,0.17
170080,0.21
170101,0.2
170102,0.04
170107,0.19
170115,0.17
170119,0.06
170128,0.2
170129,0.06
170134,0.22
170136,0.2
170139,0.11
170140,0.1
170143,0.18
170148,0.29
170159,0.15
170163,0.15
170164,0.18
170173,0.13
170178,0.09
170179,0.11
170199,0.11
170203,0.06
170207,0.24
170211,0.15
170217,0.14
170224,0.08
170225,0.18
170255,0.18
170258,0.09
170259,0.05
170262,0.2
170278,0.14
170284,0.15
170285,0.21
170292,0.07
170293,0.1
170301,0.21
170302,0.31
170305,0.25
170309,0.15
170310,0.12
170326,0.23
170327,0.1
170328,0.19
170329,0.12
170330,0.16
170331,0.14
170337,0.1
170340,0.12
170341,0.08
170343,0.11
170361,0.16
170366,0.12
170376,0.18
170382,0.26
170396,0.1
170400,0.18
170403,0.11
170409,0.14
170410,0.12
170421,0.21
170425,0.13
170427,0.11
170428,0.06
170435,0.11
170438,0.1
170442,0.14
170446,0.22
170461,0.1
170473,0.31
170477,0.12
170516,0.06
170517,0.16
170522,0.14
170523,0.13
170534,0.16
170535,0.16
170538,0.18
170549,0.17
170556,0.13
170563,0.08
170570,0.23
170580,0.17
170582,0.1
170584,0.26
170585,0.05
170587,0.17
170590,0.15
170598,0.12
170599,0.16
170601,0.12
170612,0.09
170617,0.1
170620,0.1
170629,0.13
170647,0.19
170651,0.09
170654,0.09
170657,0.21
170662,0.08
170707,0.12
170719,0.08
170722,0.15
170723,0.17
170731,0.19
170735,0.11
170750,0.11
170769,0.11
170770,0.23
170776,0.16
170783,0.11
170789,0.21
170800,0.09
170809,0.2
170810,0.24
170811,0.27
170827,0.06
170842,0.09
170854,0.1
170857,0.19
170865,0.09
170867,0.02
170869,0.21
170870,0.12
170878,0.13
170881,0.19
170910,0.14
170913,0.24
170919,0.12
170932,0.12
170939,0.19
170947,0.13
170950,0.14
170953,0.29
170954,0.1
170970,0.11
170972,0.09
170973,0.14
170980,0.15
170981,0.19
170983,0.26
170998,0.16
171001,0.11
171004,0.1
171020,0.18
171023,0.13
171026,0.1
171060,0.2
171061,0.11
171065,0.09
171077,0.12
171081,0.07
171103,0.23
171110,0.12
171114,0.14
171118,0.05
171119,0.13
171120,0.12
171137,0.13
171147,0.15
171153,0.29
171156,0.16
171158,0.11
171163,0.13
171169,0.13
171170,0.15
171172,0.12
171173,0.14
171176,0.12
171181,0.16
171182,0.24
171191,0.07
171193,0.06
171195,0.12
171198,0.11
171205,0.09
171212,0.09
171237,0.17
171241,0.08
171262,0.1
171263,0.11
171266,0.14
171274,0.12
171290,0.09
171291,0.28
171297,0.14
171307,0.17
171311,0.2
171320,0.12
171322,0.11
171328,0.08
171337,0.1
171346,0.13
171348,0.13
171354,0.2
171358,0.13
171359,0.16
171360,0.16
171369,0.15
171379,0.14
171384,0.18
171388,0.08
171390,0.22
171394,0.11
171395,0.13
171399,0.15
171403,0.21
171422,0.12
171423,0.13
171469,0.12
171480,0.15
171487,0.13
171497,0.11
171502,0.22
171503,0.15
171506,0.12
171521,0.12
171530,0.14
171540,0.18
171541,0.08
171544,0.16
171551,0.16
171582,0.29
171587,0.1
171597,0.14
171603,0.12
171610,0.13
171614,0.2
171619,0.11
171621,0.1
171625,0.13
171626,0.11
171638,0.07
171642,0.07
171658,0.07
171674,0.3
171677,0.13
171684,0.16
171685,0.25
171686,0.13
171695,0.06
171702,0.1
171703,0.17
171704,0.08
171705,0.06
171706,0.1
171709,0.08
171712,0.11
171716,0.08
171730,0.12
171748,0.11
171757,0.2
171767,0.09
171768,0.31
171771,0.12
171775,0.13
171778,0.24
171780,0.3
171781,0.09
171785,0.05
171786,0.23
171789,0.1
171802,0.14
171803,0.08
171812,0.16
171862,0.12
171864,0.19
171891,0.29
171892,0.17
171913,0.1
171914,0.22
171922,0.13
171927,0.09
171933,0.15
171934,0.15
171943,0.1
171945,0.17
171960,0.13
171964,0.12
171975,0.13
171994,0.28
171996,0.17
171997,0.09
172000,0.05
172029,0.08
172038,0.14
172039,0.06
172043,0.15
172046,0.08
172048,0.14
172049,0.1
172053,0.17
172054,0.2
172058,0.1
172060,0.14
172061,0.12
172067,0.09
172072,0.11
172073,0.15
172098,0.11
172100,0.1
172101,0.16
172113,0.21
172144,0.08
172147,0.08
172149,0.11
172168,0.19
172169,0.16
172175,0.24
172197,0.13
172200,0.27
172205,0.25
172207,0.13
172210,0.05
172261,0.23
172279,0.12
172294,0.13
172300,0.05
172301,0.17
172310,0.11
172351,0.14
172353,0.1
172358,0.08
172374,0.14
172380,0.17
172384,0.12
172400,0.14
172403,0.19
172408,0.15
172411,0.09
172420,0.14
172426,0.33
172433,0.15
172434,0.17
172442,0.17
172443,0.2
172452,0.28
172454,0.18
172456,0.22
172460,0.16
172470,0.14
172479,0.12
172481,0.18
172483,0.14
172484,0.27
172485,0.12
172486,0.15
172493,0.08
172494,0.11
172497,0.19
172504,0.12
172518,0.17
172523,0.17
172527,0.15
172533,0.18
172536,0.14
172540,0.21
172541,0.17
172543,0.16
172545,0.16
172547,0.08
172551,0.17
172556,0.15
172562,0.12
172570,0.08
172574,0.13
172575,0.15
172599,0.13
172611,0.19
172612,0.07
172616,0.03
172623,0.13
172627,0.13
172635,0.2
172643,0.09
172644,0.09
172652,0.12
172656,0.18
172661,0.21
172664,0.15
172672,0.08
172678,0.08
172680,0.13
172683,0.1
172684,0.16
172690,0.08
172695,0.15
172696,0.14
172701,0.08
172713,0.21
172714,0.15
172731,0.12
172738,0.08
172761,0.1
172767,0.17
172770,0.15
172771,0.1
172799,0.07
172800,0.18
172804,0.21
172805,0.13
172820,0.16
172829,0.17
172831,0.21
172833,0.13
172843,0.09
172853,0.11
172855,0.1
172856,0.18
172857,0.13
172863,0.11
172877,0.14
172881,0.15
172895,0.08
172896,0.06
172910,0.09
172922,0.11
172939,0.13
172942,0.2
172945,0.09
172948,0.07
172949,0.16
172953,0.09
172967,0.18
172993,0.11
172995,0.15
172996,0.28
172997,0.21
172998,0.15
172999,0.07
173004,0.05
173006,0.26
173007,0.12
173013,0.19
173016,0.15
173020,0.15
173030,0.1
173048,0.1
173056,0.08
173066,0.08
173079,0.13
173107,0.11
173109,0.08
173127,0.16
173128,0.12
173130,0.22
173137,0.18
173157,0.07
173160,0.18
173168,0.17
173193,0.14
173197,0.2
173215,0.11
173216,0.14
173227,0.07
173236,0.16
173237,0.1
173247,0.08
173250,0.25
173259,0.17
173277,0.17
173285,0.13
173286,0.14
173299,0.09
173310,0.24
173312,0.15
173313,0.17
173320,0.11
173330,0.28
173333,0.14
173351,0.15
173370,0.24
173372,0.05
173381,0.13
173386,0.11
173387,0.11
173388,0.17
173393,0.12
173394,0.18
173403,0.05
173467,0.1
173469,0.22
173475,0.15
173476,0.12
173477,0.08
173484,0.2
173485,0.12
173488,0.36
173491,0.13
173520,0.16
173522,0.22
173535,0.15
173539,0.14
173549,0.06
173552,0.11
173565,0.3
173586,0.1
173587,0.07
173588,0.11
173595,0.12
173606,0.23
173620,0.17
173623,0.07
173629,0.18
173647,0.1
173649,0.15
173650,0.24
173652,0.1
173654,0.2
173665,0.13
173667,0.27
173685,0.12
173710,0.26
173711,0.15
173713,0.09
173718,0.19
173743,0.11
173744,0.17
173762,0.16
173768,0.19
173769,0.34
173770,0.11
173773,0.15
173779,0.14
173780,0.13
173781,0.19
173783,0.17
173795,0.1
173800,0.35
173812,0.12
173823,0.08
173834,0.19
173874,0.14
173891,0.12
173904,0.24
173909,0.18
173925,0.09
173941,0.07
173942,0.12
173944,0.12
173955,0.21
173959,0.13
174000,0.15
174004,0.18
174006,0.1
174008,0.15
174012,0.12
174017,0.12
174020,0.1
174044,0.13
174051,0.12
174052,0.08
174059,0.08
174060,0.12
174061,0.15
174063,0.13
174068,0.11
174069,0.14
174072,0.08
174074,0.12
174091,0.08
174092,0.21
174098,0.23
174105,0.17
174107,0.16
174110,0.09
174121,0.13
174126,0.11
174153,0.1
174156,0.21
174160,0.1
174173,0.17
174183,0.1
174185,0.09
174188,0.23
174198,0.11
174206,0.21
174207,0.1
174211,0.2
174239,0.15
174260,0.23
174261,0.04
174262,0.23
174264,0.09
174271,0.15
174275,0.3
174277,0.05
174286,0.15
174301,0.13
174312,0.15
174314,0.08
174322,0.13
174323,0.15
174325,0.23
174326,0.13
174327,0.15
174334,0.23
174360,0.12
174362,0.28
174367,0.11
174371,0.05
174372,0.08
174384,0.11
174390,0.14
174391,0.13
174396,0.05
174412,0.1
174423,0.23
174428,0.11
174429,0.15
174438,0.17
174481,0.14
174483,0.13
174484,0.11
174485,0.27
174488,0.12
174497,0.15
174509,0.14
174513,0.14
174514,0.26
174520,0.13
174526,0.2
174532,0.14
174536,0.14
174537,0.14
174538,0.25
174539,0.18
174540,0.03
174549,0.1
174551,0.15
174563,0.13
174574,0.16
174575,0.19
174586,0.09
174590,0.12
174606,0.26
174607,0.13
174609,0.06
174610,0.25
174630,0.21
174631,0.1
174661,0.12
174665,0.1
174666,0.13
174677,0.14
174690,0.22
174700,0.15
174702,0.1
174703,0.09
174713,0.18
174721,0.17
174726,0.11
174729,0.09
174741,0.07
174742,0.11
174754,0.06
174757,0.15
174782,0.36
174795,0.16
174805,0.13
174806,0.19
174809,0.24
174810,0.12
174829,0.12
174830,0.22
174832,0.11
174836,0.31
174839,0.13
174843,0.14
174854,0.16
174861,0.11
174863,0.14
174867,0.17
174871,0.08
174887,0.14
174890,0.15
174897,0.08
174901,0.21
174903,0.18
174912,0.16
174913,0.23
174920,0.17
174922,0.3
174924,0.18
174925,0.14
174928,0.11
174938,0.16
174939,0.14
174943,0.13
174950,0.11
174954,0.11
174955,0.13
174957,0.19
174965,0.11
174966,0.16
174967,0.1
174977,0.18
174983,0.06
174986,0.14
174987,0.13
175012,0.18
175015,0.16
175025,0.14
175027,0.07
175029,0.15
175056,0.39
175075,0.19
175081,0.18
175097,0.17
175128,0.12
175129,0.15
175138,0.16
175169,0.17
175183,0.23
175211,0.07
175212,0.14
175215,0.07
175223,0.18
175225,0.1
175233,0.1
175250,0.18
175253,0.13
175257,0.12
175260,0.08
175261,0.13
175264,0.12
175284,0.23
175288,0.06
175295,0.13
175309,0.12
175310,0.07
175313,0.15
175334,0.14
175337,0.18
175346,0.11
175347,0.14
175349,0.12
175350,0.12
175351,0.09
175367,0.23
175369,0.09
175371,0.16
175372,0.11
175392,0.13
175400,0.07
175402,0.09
175403,0.18
175407,0.19
175408,0.09
175414,0.13
175431,0.24
175435,0.16
175442,0.07
175454,0.18
175456,0.09
175457,0.19
175464,0.2
175465,0.13
175477,0.18
175488,0.22
175495,0.1
175499,0.21
175500,0.21
175515,0.18
175519,0.11
175520,0.13
175531,0.07
175534,0.05
175543,0.25
175566,0.12
175568,0.11
175573,0.13
175574,0.21
175576,0.1
175591,0.13
175593,0.12
175605,0.34
175609,0.12
175617,0.12
175624,0.3
175629,0.07
175633,0.07
175645,0.19
175649,0.04
175650,0.07
175653,0.12
175659,0.12
175660,0.07
175661,0.14
175664,0.17
175665,0.13
175677,0.12
175682,0.19
175684,0.2
175687,0.18
175690,0.16
175706,0.14
175722,0.23
175724,0.16
175730,0.25
175731,0.1
175737,0.31
175743,0.17
175745,0.24
175758,0.21
175768,0.14
175769,0.15
175773,0.07
175775,0.16
175794,0.14
175798,0.18
175809,0.24
175818,0.2
175830,0.1
175835,0.11
175840,0.24
175864,0.12
175875,0.17
175890,0.11
175892,0.1
175914,0.21
175930,0.27
175935,0.1
175955,0.08
175958,0.11
175959,0.14
175960,0.18
175964,0.11
175968,0.06
175986,0.25
175987,0.19
175997,0.06
175998,0.23
176003,0.03
176004,0.21
176021,0.11
176034,0.15
176035,0.1
176043,0.3
176045,0.16
176051,0.11
176052,0.12
176059,0.18
176067,0.15
176073,0.19
176076,0.05
176077,0.1
176085,0.12
176088,0.17
176095,0.16
176118,0.3
176129,0.14
176177,0.18
176183,0.09
176206,0.21
176218,0.14
176240,0.13
176253,0.09
176260,0.28
176275,0.16
176285,0.14
176288,0.25
176289,0.09
176290,0.2
176297,0.15
176300,0.24
176301,0.14
176319,0.13
176322,0.17
176337,0.09
176346,0.08
176347,0.16
176352,0.29
176358,0.12
176359,0.18
176365,0.16
176371,0.2
176403,0.1
176419,0.17
176428,0.15
176429,0.23
176430,0.16
176432,0.17
176437,0.19
176440,0.02
176441,0.22
176450,0.13
176454,0.1
176459,0.16
176460,0.19
176467,0.1
176472,0.4
176482,0.16
176483,0.42
176486,0.09
176487,0.14
176494,0.13
176497,0.07
176500,0.14
176509,0.27
176511,0.09
176512,0.14
176522,0.18
176525,0.1
176526,0.25
176537,0.06
176538,0.19
176572,0.15
176573,0.18
176574,0.28
176579,0.09
176580,0.08
176592,0.24
176601,0.12
176603,0.17
176605,0.16
176606,0.04
176615,0.16
176620,0.09
176634,0.12
176635,0.1
176638,0.14
176639,0.09
176641,0.16
176661,0.05
176668,0.15
176669,0.16
176683,0.21
176688,0.09
176700,0.17
176702,0.12
176705,0.11
176709,0.1
176710,0.16
176720,0.19
176726,0.15
176731,0.14
176732,0.09
176733,0.11
176734,0.1
176736,0.08
176741,0.09
176756,0.09
176785,0.11
176790,0.08
176793,0.16
176820,0.19
176827,0.14
176828,0.16
176839,0.13
176848,0.16
176850,0.14
176853,0.09
176866,0.1
176867,0.15
176875,0.08
176883,0.17
176888,0.19
176890,0.11
176898,0.16
176917,0.15
176925,0.16
176929,0.15
176934,0.15
176938,0.18
176953,0.11
176957,0.18
176970,0.1
176997,0.15
177029,0.15
177030,0.09
177031,0.13
177032,0.11
177047,0.1
177048,0.22
177051,0.1
177055,0.16
177060,0.09
177064,0.18
177065,0.17
177069,0.15
177076,0.18
177085,0.11
177087,0.15
177105,0.19
177126,0.19
177133,0.11
177141,0.16
177146,0.14
177156,0.26
177179,0.1
177187,0.24
177192,0.26
177203,0.12
177228,0.18
177229,0.19
177249,0.12
177250,0.23
177253,0.17
177260,0.17
177262,0.23
177270,0.17
177275,0.22
177284,0.12
177285,0.2
177314,0.26
177319,0.25
177325,0.14
177327,0.2
177339,0.14
177344,0.19
177378,0.14
177384,0.06
177385,0.1
177386,0.1
177387,0.16
177405,0.13
177423,0.17
177424,0.08
177425,0.11
177430,0.21
177435,0.18
177447,0.17
177448,0.12
177449,0.09
177451,0.13
177460,0.14
177479,0.11
177489,0.13
177504,0.07
177505,0.08
177511,0.2
177524,0.08
177526,0.14
177535,0.06
177558,0.11
177562,0.27
177569,0.15
177579,0.07
177580,0.19
177583,0.11
177584,0.12
177585,0.14
177605,0.14
177606,0.11
177618,0.13
177639,0.25
177649,0.1
177656,0.15
177657,0.09
177661,0.18
177665,0.13
177669,0.14
177680,0.22
177688,0.17
177689,0.11
177694,0.07
177696,0.16
177700,0.15
177705,0.12
177710,0.12
177720,0.12
177728,0.12
177729,0.08
177731,0.16
177733,0.21
177749,0.21
177751,0.12
177767,0.12
177776,0.14
177780,0.33
177783,0.13
177785,0.21
177791,0.1
177797,0.09
177798,0.16
177799,0.08
177802,0.12
177803,0.15
177805,0.15
177820,0.06
177824,0.12
177825,0.1
177829,0.12
177839,0.26
177861,0.17
177865,0.16
177867,0.12
177875,0.11
177876,0.28
177878,0.1
177883,0.11
177886,0.09
177891,0.22
177892,0.18
177902,0.1
177904,0.17
177931,0.16
177939,0.14
177944,0.32
177946,0.12
177959,0.09
177977,0.2
177992,0.15
177993,0.16
178005,0.09
178008,0.14
178009,0.03
178012,0.25
178015,0.12
178018,0.2
178037,0.18
178050,0.11
178058,0.22
178060,0.09
178064,0.28
178074,0.09
178077,0.19
178094,0.19
178095,0.16
178096,0.14
178107,0.09
178117,0.14
178146,0.15
178154,0.15
178160,0.13
178164,0.04
178172,0.15
178174,0.22
178182,0.17
178184,0.18
178196,0.14
178223,0.18
178225,0.13
178226,0.19
178240,0.13
178242,0.14
178250,0.21
178268,0.17
178282,0.15
178285,0.2
178288,0.11
178290,0.05
178295,0.05
178312,0.15
178317,0.09
178342,0.2
178343,0.2
178344,0.12
178346,0.08
178353,0.25
178356,0.29
178358,0.02
178359,0.07
178362,0.31
178380,0.18
178387,0.06
178391,0.23
178395,0.14
178408,0.14
178415,0.12
178421,0.12
178424,0.33
178428,0.16
178432,0.04
178433,0.1
178436,0.21
178442,0.16
178453,0.14
178459,0.13
178467,0.18
178472,0.15
178491,0.1
178499,0.15
178504,0.25
178506,0.16
178509,0.13
178517,0.06
178525,0.12
178530,0.15
178531,0.12
178537,0.08
178553,0.16
178557,0.15
178565,0.15
178566,0.12
178579,0.17
178586,0.18
178589,0.08
178592,0.18
178610,0.04
178620,0.15
178621,0.09
178622,0.19
178643,0.17
178665,0.1
178671,0.16
178675,0.13
178692,0.09
178722,0.09
178723,0.11
178726,0.1
178731,0.34
178737,0.2
178739,0.08
178745,0.1
178766,0.11
178771,0.19
178775,0.13
178785,0.23
178789,0.04
178790,0.11
178792,0.19
178804,0.11
178817,0.15
178821,0.17
178825,0.14
178830,0.15
178831,0.24
178832,0.12
178847,0.08
178853,0.13
178856,0.14
178867,0.16
178868,0.13
178881,0.13
178887,0.13
178888,0.24
178908,0.22
178909,0.19
178942,0.21
178943,0.29
178946,0.12
178947,0.32
178950,0.17
178958,0.19
178976,0.1
178986,0.15
178989,0.07
178995,0.15
178996,0.1
179006,0.14
179025,0.21
179034,0.16
179038,0.4
179043,0.09
179050,0.09
179051,0.15
179076,0.18
179077,0.08
179091,0.15
179092,0.16
179111,0.13
179128,0.18
179132,0.13
179137,0.11
179138,0.17
179146,0.25
179148,0.17
179149,0.11
179150,0.12
179155,0.09
179164,0.08
179177,0.16
179178,0.15
179182,0.23
179184,0.08
179186,0.17
179191,0.16
179194,0.06
179201,0.12
179210,0.08
179211,0.2
179212,0.14
179216,0.23
179229,0.11
179235,0.06
179236,0.19
179241,0.15
179244,0.13
179249,0.1
179256,0.2
179260,0.12
179262,0.17
179264,0.14
179268,0.11
179272,0.05
179280,0.1
179287,0.12
179288,0.07
179290,0.14
179295,0.13
179298,0.11
179306,0.1
179307,0.12
179310,0.21
179314,0.17
179317,0.18
179319,0.27
179327,0.06
179336,0.11
179342,0.11
179344,0.31
179347,0.15
179357,0.07
179368,0.17
179413,0.09
179425,0.12
179435,0.16
179447,0.08
179449,0.19
179458,0.04
179460,0.14
179475,0.2
179486,0.13
179493,0.08
179499,0.05
179501,0.13
179508,0.1
179511,0.08
179513,0.15
179519,0.23
179537,0.12
179550,0.17
179559,0.12
179560,0.08
179578,0.11
179583,0.11
179590,0.1
179597,0.15
179599,0.12
179602,0.22
179609,0.05
179621,0.14
179624,0.12
179625,0.1
179630,0.15
179640,0.11
179641,0.09
179644,0.15
179649,0.14
179650,0.29
179652,0.1
179653,0.16
179660,0.19
179662,0.21
179673,0.16
179678,0.08
179679,0.2
179686,0.14
179721,0.1
179733,0.14
179736,0.18
179737,0.06
179748,0.24
179750,0.22
179751,0.18
179752,0.2
179753,0.09
179765,0.07
179768,0.13
179798,0.09
179827,0.16
179837,0.17
179838,0.1
179851,0.21
179868,0.28
179875,0.17
179876,0.14
179882,0.09
179883,0.11
179894,0.11
179905,0.14
179907,0.12
179919,0.13
179926,0.23
179936,0.1
179941,0.15
179945,0.2
179951,0.14
179960,0.09
179967,0.09
179980,0.19
179985,0.3
179997,0.11
180001,0.15
180007,0.14
180011,0.12
180017,0.1
180027,0.12
180033,0.12
180036,0.35
180037,0.11
180041,0.29
180042,0.29
180050,0.27
180059,0.12
180066,0.11
180067,0.13
180085,0.1
180092,0.14
180099,0.1
180101,0.15
180115,0.12
180122,0.12
180126,0.11
180127,0.05
180140,0.15
180141,0.14
180158,0.19
180163,0.21
180178,0.12
180189,0.06
180198,0.14
180201,0.28
180202,0.13
180209,0.23
180239,0.39
180244,0.15
180270,0.09
180271,0.11
180286,0.17
180287,0.15
180291,0.23
180293,0.18
180296,0.17
180297,0.14
180305,0.11
180318,0.21
180319,0.24
180322,0.1
180323,0.07
180331,0.14
180365,0.05
180368,0.25
180369,0.07
180382,0.14
180387,0.14
180388,0.31
180389,0.07
180398,0.13
180399,0.14
180402,0.17
180406,0.11
180407,0.12
180408,0.13
180413,0.11
180416,0.13
180420,0.12
180429,0.36
180430,0.47
180431,0.1
180438,0.05
180441,0.13
180448,0.11
180453,0.1
180478,0.35
180480,0.15
180510,0.14
180524,0.17
180534,0.19
180537,0.44
180545,0.11
180550,0.18
180559,0.12
180583,0.16
180587,0.1
180594,0.15
180597,0.13
180598,0.21
180599,0.19
180601,0.19
180624,0.24
180625,0.39
180634,0.09
180647,0.12
180652,0.2
180656,0.22
180664,0.13
180666,0.17
180674,0.17
180679,0.18
180685,0.24
180692,0.15
180698,0.2
180699,0.09
180700,0.12
180702,0.09
180710,0.19
180736,0.05
180739,0.1
180741,0.1
180743,0.27
180747,0.14
180754,0.23
180755,0.16
180756,0.13
180768,0.12
180773,0.12
180775,0.09
180784,0.1
180787,0.11
180795,0.13
180796,0.14
180799,0.13
180811,0.11
180813,0.15
180827,0.21
180828,0.17
180833,0.2
180834,0.19
180847,0.08
180852,0.25
180853,0.12
180854,0.19
180855,0.13
180856,0.11
180858,0.08
180859,0.2
180867,0.21
180868,0.12
180872,0.09
180873,0.15
180874,0.22
180875,0.12
180878,0.08
180888,0.16
180889,0.12
180891,0.11
180902,0.12
180907,0.25
180913,0.09
180916,0.14
180954,0.16
180962,0.14
180963,0.12
180967,0.15
180971,0.26
180975,0.16
180985,0.15
180991,0.09
181009,0.17
181012,0.13
181015,0.1
181034,0.14
181064,0.23
181071,0.24
181083,0.23
181084,0.06
181085,0.12
181088,0.15
181098,0.16
181110,0.16
181111,0.14
181112,0.07
181114,0.11
181117,0.27
181157,0.12
181160,0.22
181161,0.13
181165,0.14
181179,0.24
181186,0.08
181196,0.19
181197,0.33
181204,0.15
181213,0.06
181214,0.31
181221,0.19
181224,0.1
181226,0.11
181236,0.12
181256,0.27
181257,0.06
181279,0.13
181282,0.19
181285,0.13
181288,0.14
181289,0.24
181290,0.08
181298,0.06
181299,0.19
181307,0.13
181312,0.25
181318,0.15
181322,0.13
181338,0.11
181340,0.13
181342,0.04
181344,0.12
181350,0.14
181373,0.12
181374,0.23
181375,0.14
181379,0.24
181381,0.1
181385,0.25
181388,0.11
181392,0.13
181393,0.19
181425,0.12
181465,0.18
181481,0.2
181484,0.17
181494,0.1
181501,0.14
181507,0.1
181521,0.15
181524,0.16
181538,0.2
181540,0.08
181547,0.22
181551,0.18
181555,0.17
181561,0.17
181564,0.11
181567,0.22
181599,0.11
181602,0.27
181612,0.09
181613,0.19
181615,0.17
181621,0.12
181622,0.15
181629,0.14
181630,0.14
181633,0.17
181635,0.17
181641,0.16
181643,0.25
181644,0.16
181649,0.09
181659,0.09
181660,0.16
181665,0.2
181666,0.26
181672,0.17
181682,0.21
181693,0.34
181697,0.2
181703,0.05
181704,0.1
181720,0.19
181722,0.03
181732,0.18
181733,0.14
181736,0.16
181737,0.08
181747,0.14
181758,0.29
181764,0.14
181770,0.12
181774,0.2
181783,0.18
181788,0.14
181789,0.12
181804,0.16
181809,0.08
181821,0.38
181836,0.16
181863,0.18
181867,0.1
181868,0.13
181871,0.08
181904,0.22
181931,0.11
181932,0.11
181941,0.15
181944,0.14
181958,0.19
181971,0.06
181986,0.15
182002,0.11
182007,0.18
182012,0.08
182022,0.06
182031,0.14
182050,0.14
182053,0.15
182071,0.15
182072,0.14
182073,0.08
182102,0.2
182106,0.09
182116,0.08
182117,0.13
182118,0.05
182124,0.26
182125,0.14
182145,0.17
182150,0.21
182154,0.14
182167,0.09
182179,0.26
182181,0.18
182183,0.13
182218,0.21
182225,0.08
182226,0.22
182266,0.14
182272,0.21
182275,0.17
182295,0.24
182305,0.07
182312,0.16
182313,0.16
182327,0.05
182337,0.11
182340,0.11
182341,0.16
182342,0.1
182345,0.12
182353,0.12
182355,0.07
182371,0.16
182376,0.11
182381,0.09
182382,0.12
182384,0.15
182387,0.14
182412,0.12
182419,0.15
182432,0.13
182438,0.16
182448,0.37
182450,0.21
182465,0.05
182468,0.05
182474,0.13
182483,0.12
182484,0.14
182485,0.09
182486,0.14
182489,0.16
182500,0.14
182501,0.17
182504,0.24
182514,0.11
182524,0.12
182525,0.17
182533,0.1
182536,0.18
182539,0.15
182550,0.13
182553,0.2
182568,0.15
182571,0.07
182573,0.14
182580,0.12
182615,0.1
182618,0.15
182624,0.1
182644,0.1
182686,0.24
182687,0.16
182695,0.24
182718,0.14
182726,0.08
182735,0.1
182742,0.18
182747,0.13
182748,0.09
182752,0.12
182761,0.12
182800,0.15
182802,0.23
182807,0.21
182816,0.09
182818,0.09
182826,0.1
182836,0.07
182840,0.33
182841,0.26
182846,0.09
182862,0.17
182864,0.06
182871,0.16
182878,0.09
182880,0.24
182885,0.12
182893,0.09
182894,0.26
182895,0.14
182901,0.18
182907,0.17
182921,0.08
182952,0.1
182964,0.19
182966,0.2
182980,0.08
182985,0.29
182989,0.22
182994,0.19
183035,0.39
183037,0.23
183042,0.15
183049,0.15
183050,0.13
183051,0.12
183062,0.17
183063,0.16
183064,0.05
183076,0.14
183078,0.28
183086,0.11
183089,0.13
183091,0.2
183097,0.11
183104,0.1
183118,0.22
183119,0.2
183134,0.09
183142,0.11
183157,0.2
183162,0.08
183180,0.19
183193,0.17
183213,0.15
183216,0.35
183223,0.19
183226,0.13
183264,0.11
183273,0.17
183278,0.1
183282,0.12
183283,0.19
183286,0.1
183288,0.19
183299,0.1
183310,0.11
183315,0.21
183332,0.16
183336,0.12
183341,0.13
183342,0.15
183345,0.11
183347,0.1
183360,0.16
183362,0.08
183370,0.04
183379,0.04
183386,0.15
183410,0.13
183417,0.06
183419,0.11
183421,0.09
183425,0.32
183427,0.24
183433,0.27
183434,0.12
183438,0.11
183439,0.14
183440,0.28
183450,0.13
183451,0.18
183453,0.14
183454,0.08
183455,0.1
183457,0.15
183463,0.14
183475,0.06
183478,0.17
183480,0.16
183490,0.08
183494,0.2
183503,0.18
183512,0.16
183517,0.17
183530,0.18
183532,0.08
183533,0.12
183536,0.07
183545,0.16
183549,0.11
183550,0.09
183551,0.14
183555,0.22
183560,0.08
183585,0.11
183591,0.1
183592,0.08
183603,0.3
183610,0.19
183628,0.18
183644,0.13
183646,0.16
183649,0.09
183656,0.18
183658,0.28
183688,0.09
183690,0.11
183691,0.17
183697,0.16
183709,0.16
183711,0.19
183714,0.36
183725,0.11
183736,0.16
183742,0.08
183772,0.15
183776,0.13
183787,0.1
183792,0.22
183793,0.26
183799,0.28
183816,0.21
183818,0.23
183832,0.16
183836,0.12
183839,0.16
183840,0.1
183855,0.09
183857,0.16
183863,0.14
183866,0.13
183876,0.16
183878,0.19
183897,0.08
183902,0.17
183915,0.09
183925,0.24
183936,0.15
183939,0.08
183951,0.18
183956,0.12
183957,0.09
183974,0.05
183982,0.23
183994,0.12
184008,0.15
184013,0.24
184016,0.21
184019,0.16
184024,0.12
184025,0.1
184038,0.08
184045,0.21
184056,0.13
184060,0.16
184071,0.1
184073,0.11
184074,0.08
184077,0.09
184105,0.08
184106,0.16
184133,0.21
184154,0.3
184163,0.08
184165,0.17
184193,0.13
184194,0.23
184195,0.14
184202,0.25
184226,0.42
184230,0.12
184231,0.19
184234,0.15
184238,0.12
184248,0.11
184257,0.04
184268,0.1
184282,0.1
184291,0.16
184294,0.1
184295,0.33
184304,0.13
184309,0.1
184318,0.29
184325,0.16
184329,0.08
184330,0.04
184333,0.32
184337,0.13
184338,0.1
184340,0.1
184341,0.17
184347,0.17
184354,0.09
184355,0.1
184372,0.15
184384,0.11
184385,0.11
184386,0.17
184389,0.25
184401,0.09
184405,0.16
184431,0.23
184450,0.13
184453,0.26
184470,0.16
184471,0.08
184486,0.15
184488,0.17
184489,0.12
184497,0.16
184508,0.12
184509,0.11
184516,0.14
184525,0.19
184526,0.18
184531,0.14
184557,0.1
184576,0.13
184589,0.11
184605,0.04
184613,0.21
184630,0.09
184635,0.1
184636,0.09
184643,0.13
184645,0.14
184653,0.11
184655,0.12
184656,0.09
184660,0.22
184716,0.27
184736,0.11
184758,0.19
184767,0.15
184770,0.19
184773,0.2
184776,0.17
184792,0.11
184812,0.11
184820,0.19
184829,0.14
184831,0.21
184832,0.13
184834,0.05
184847,0.24
184848,0.15
184858,0.05
184866,0.1
184869,0.12
184870,0.14
184873,0.07
184874,0.11
184876,0.14
184879,0.22
184880,0.06
184885,0.15
184896,0.07
184916,0.27
184918,0.22
184919,0.18
184921,0.17
184936,0.13
184944,0.24
184956,0.13
184963,0.15
184964,0.08
184965,0.14
184972,0.15
184977,0.12
184982,0.08
184988,0.27
184992,0.23
184994,0.09
184998,0.27
185017,0.17
185024,0.16
185032,0.19
185037,0.12
185040,0.17
185043,0.11
185048,0.19
185059,0.13
185076,0.16
185083,0.09
185090,0.19
185099,0.07
185101,0.18
185106,0.19
185121,0.12
185125,0.25
185126,0.15
185127,0.16
185153,0.13
185167,0.15
185171,0.21
185178,0.08
185180,0.18
185181,0.08
185183,0.23
185186,0.24
185187,0.1
185188,0.06
185189,0.14
185194,0.21
185207,0.13
185209,0.13
185210,0.14
185212,0.07
185220,0.09
185221,0.23
185230,0.17
185231,0.23
185245,0.15
185249,0.11
185262,0.16
185285,0.21
185286,0.17
185288,0.1
185296,0.15
185298,0.26
185299,0.15
185308,0.17
185311,0.05
185313,0.13
185314,0.24
185332,0.19
185337,0.13
185338,0.12
185339,0.19
185341,0.15
185342,0.11
185344,0.07
185349,0.2
185362,0.09
185363,0.18
185394,0.13
185410,0.23
185418,0.14
185423,0.16
185428,0.17
185442,0.17
185447,0.13
185450,0.11
185454,0.09
185475,0.25
185481,0.19
185483,0.14
185485,0.23
185496,0.12
185504,0.14
185505,0.02
185512,0.14
185515,0.1
185534,0.14
185536,0.13
185538,0.1
185552,0.11
185569,0.1
185576,0.07
185578,0.26
185581,0.3
185584,0.09
185585,0.07
185586,0.26
185592,0.15
185604,0.08
185606,0.11
185607,0.15
185618,0.17
185622,0.13
185628,0.27
185629,0.09
185634,0.07
185637,0.23
185638,0.02
185640,0.21
185641,0.12
185645,0.1
185646,0.2
185647,0.15
185662,0.14
185669,0.27
185675,0.1
185687,0.15
185688,0.09
185689,0.1
185690,0.16
185697,0.2
185710,0.09
185733,0.1
185740,0.17
185806,0.18
185812,0.24
185824,0.19
185825,0.14
185826,0.1
185827,0.27
185828,0.12
185837,0.11
185859,0.2
185861,0.1
185872,0.2
185874,0.11
185891,0.1
185893,0.16
185897,0.11
185900,0.06
185910,0.05
185919,0.09
185932,0.12
185937,0.14
185939,0.1
185965,0.12
185968,0.09
185971,0.12
185978,0.23
185980,0.09
185981,0.07
185982,0.14
185991,0.14
185997,0.09
185998,0.12
186014,0.13
186021,0.18
186025,0.16
186034,0.13
186054,0.11
186061,0.12
186065,0.23
186066,0.25
186070,0.15
186080,0.11
186085,0.12
186094,0.18
186110,0.2
186113,0.06
186116,0.12
186127,0.12
186129,0.12
186135,0.13
186139,0.33
186151,0.16
186153,0.16
186156,0.08
186158,0.19
186159,0.11
186166,0.16
186168,0.22
186169,0.14
186170,0.09
186179,0.15
186188,0.04
186210,0.11
186227,0.09
186229,0.12
186230,0.12
186249,0.09
186254,0.21
186264,0.13
186265,0.15
186273,0.21
186276,0.15
186289,0.26
186296,0.22
186308,0.08
186309,0.17
186310,0.06
186316,0.07
186321,0.09
186333,0.09
186346,0.07
186391,0.12
186398,0.34
186407,0.12
186411,0.17
186415,0.17
186426,0.19
186444,0.21
186448,0.34
186453,0.2
186456,0.08
186460,0.14
186461,0.11
186473,0.14
186489,0.24
186490,0.25
186491,0.13
186492,0.16
186493,0.13
186503,0.2
186505,0.23
186506,0.09
186508,0.11
186524,0.16
186526,0.09
186536,0.16
186539,0.17
186543,0.1
186558,0.25
186568,0.17
186573,0.22
186587,0.11
186599,0.09
186609,0.12
186610,0.16
186612,0.15
186632,0.26
186634,0.24
186649,0.19
186652,0.21
186660,0.14
186668,0.24
186674,0.16
186675,0.15
186679,0.21
186682,0.07
186683,0.13
186695,0.32
186696,0.12
186704,0.11
186709,0.29
186714,0.16
186723,0.08
186726,0.26
186728,0.18
186729,0.1
186731,0.23
186737,0.12
186742,0.09
186743,0.12
186745,0.27
186747,0.08
186750,0.18
186769,0.18
186771,0.28
186787,0.17
186796,0.26
186802,0.2
186811,0.08
186812,0.17
186815,0.17
186840,0.14
186842,0.34
186853,0.14
186859,0.17
186878,0.08
186885,0.1
186890,0.06
186906,0.25
186916,0.15
186927,0.09
186928,0.11
186931,0.24
186934,0.15
186938,0.26
186943,0.25
186944,0.14
186945,0.18
186947,0.14
186952,0.12
186953,0.16
186960,0.15
186962,0.12
186991,0.06
187001,0.22
187017,0.1
187019,0.16
187024,0.15
187035,0.11
187037,0.14
187056,0.14
187057,0.07
187058,0.2
187065,0.14
187066,0.17
187069,0.11
187070,0.1
187074,0.05
187085,0.1
187087,0.14
187100,0.23
187117,0.16
187158,0.18
187159,0.11
187162,0.21
187164,0.15
187167,0.11
187168,0.07
187171,0.11
187184,0.25
187194,0.21
187208,0.15
187211,0.16
187220,0.19
187224,0.12
187242,0.15
187259,0.08
187260,0.09
187267,0.22
187280,0.22
187287,0.12
187291,0.14
187296,0.12
187301,0.16
187315,0.22
187319,0.09
187326,0.16
187328,0.12
187329,0.07
187330,0.1
187335,0.16
187339,0.04
187340,0.19
187353,0.08
187356,0.15
187367,0.15
187383,0.18
187388,0.12
187401,0.16
187415,0.04
187422,0.09
187439,0.19
187440,0.17
187442,0.19
187447,0.09
187448,0.09
187451,0.12
187468,0.1
187475,0.1
187477,0.17
187480,0.09
187498,0.21
187499,0.13
187516,0.07
187524,0.05
187534,0.15
187552,0.14
187577,0.13
187584,0.14
187585,0.1
187603,0.1
187608,0.13
187625,0.09
187637,0.13
187639,0.32
187641,0.12
187652,0.12
187684,0.13
187689,0.18
187698,0.19
187708,0.1
187716,0.13
187717,0.16
187719,0.08
187720,0.3
187743,0.12
187749,0.11
187762,0.21
187763,0.19
187772,0.13
187786,0.14
187787,0.15
187809,0.15
187826,0.16
187828,0.12
187829,0.13
187833,0.09
187847,0.12
187852,0.08
187862,0.06
187867,0.19
187868,0.14
187870,0.12
187871,0.09
187879,0.26
187894,0.15
187895,0.21
187899,0.09
187903,0.18
187915,0.14
187919,0.23
187941,0.1
187942,0.19
187944,0.13
187947,0.25
187949,0.19
187950,0.11
187952,0.11
187964,0.24
187967,0.18
187977,0.13
187983,0.17
187987,0.16
187988,0.15
187990,0.13
187991,0.29
187998,0.21
188014,0.08
188017,0.06
188021,0.21
188032,0.16
188039,0.12
188040,0.1
188044,0.09
188045,0.06
188054,0.14
188069,0.09
188070,0.19
188081,0.12
188092,0.26
188106,0.12
188108,0.15
188117,0.14
188120,0.04
188130,0.13
188133,0.21
188136,0.07
188151,0.13
188153,0.12
188158,0.09
188171,0.18
188175,0.1
188192,0.17
188194,0.09
188198,0.11
188199,0.13
188228,0.15
188232,0.17
188233,0.15
188234,0.11
188245,0.13
188248,0.16
188254,0.2
188261,0.12
188262,0.15
188267,0.15
188276,0.1
188281,0.33
188282,0.13
188295,0.11
188309,0.07
188313,0.2
188324,0.14
188327,0.1
188328,0.09
188329,0.14
188336,0.18
188337,0.08
188350,0.15
188389,0.19
188399,0.09
188413,0.11
188415,0.18
188421,0.11
188438,0.27
188449,0.23
188466,0.15
188470,0.11
188486,0.12
188492,0.18
188507,0.16
188511,0.06
188521,0.2
188540,0.21
188542,0.09
188551,0.19
188557,0.09
188558,0.07
188561,0.21
188563,0.12
188565,0.12
188577,0.12
188586,0.23
188591,0.15
188594,0.27
188614,0.15
188622,0.11
188626,0.14
188632,0.25
188635,0.12
188639,0.09
188645,0.18
188646,0.13
188647,0.12
188653,0.08
188659,0.13
188677,0.27
188694,0.12
188695,0.08
188696,0.1
188707,0.07
188714,0.1
188715,0.14
188722,0.22
188724,0.09
188729,0.1
188734,0.11
188739,0.34
188746,0.13
188747,0.06
188768,0.13
188770,0.09
188772,0.03
188787,0.11
188792,0.15
188793,0.11
188808,0.14
188828,0.14
188848,0.11
188851,0.09
188856,0.22
188862,0.2
188875,0.31
188876,0.23
188878,0.06
188880,0.07
188890,0.16
188900,0.16
188914,0.06
188928,0.15
188936,0.16
188946,0.07
188947,0.17
188948,0.15
188949,0.11
188950,0.07
188980,0.06
188982,0.22
188988,0.2
188990,0.16
188992,0.05
188993,0.11
188994,0.14
188997,0.09
188998,0.22
189009,0.13
189018,0.19
189022,0.1
189034,0.17
189045,0.12
189059,0.11
189062,0.11
189075,0.2
189086,0.12
189087,0.16
189107,0.13
189113,0.17
189144,0.09
189148,0.11
189199,0.08
189201,0.16
189202,0.12
189207,0.2
189213,0.09
189214,0.14
189224,0.05
189230,0.04
189251,0.14
189252,0.14
189255,0.09
189256,0.07
189257,0.07
189260,0.13
189261,0.12
189262,0.12
189263,0.16
189272,0.12
189282,0.1
189284,0.19
189294,0.11
189304,0.26
189314,0.11
189317,0.21
189333,0.06
189337,0.12
189347,0.11
189355,0.23
189357,0.19
189366,0.31
189374,0.15
189379,0.16
189388,0.08
189397,0.14
189418,0.23
189453,0.1
189458,0.11
189460,0.12
189481,0.14
189482,0.17
189483,0.15
189490,0.13
189491,0.07
189492,0.2
189511,0.17
189512,0.1
189518,0.11
189519,0.16
189531,0.12
189541,0.35
189550,0.14
189551,0.15
189559,0.2
189564,0.11
189573,0.14
189585,0.09
189587,0.23
189605,0.16
189612,0.16
189633,0.16
189640,0.05
189641,0.16
189643,0.09
189650,0.11
189652,0.09
189656,0.18
189661,0.22
189663,0.2
189684,0.21
189688,0.15
189711,0.16
189729,0.12
189747,0.15
189761,0.14
189773,0.12
189774,0.1
189779,0.18
189780,0.08
189796,0.14
189799,0.18
189800,0.12
189807,0.16
189808,0.09
189826,0.18
189836,0.08
189843,0.17
189845,0.18
189852,0.2
189853,0.13
189855,0.11
189866,0.16
189886,0.18
189888,0.14
189902,0.11
189907,0.25
189910,0.07
189922,0.12
189924,0.11
189933,0.2
189935,0.12
189939,0.16
189951,0.36
189965,0.19
189966,0.18
189977,0.08
189989,0.12
189990,0.21
190002,0.1
190006,0.23
190008,0.11
190009,0.09
190021,0.12
190058,0.17
190061,0.11
190069,0.08
190072,0.22
190078,0.21
190109,0.14
190112,0.22
190117,0.19
190132,0.07
190133,0.16
190153,0.15
190164,0.11
190167,0.12
190169,0.29
190179,0.25
190184,0.12
190188,0.07
190199,0.1
190200,0.21
190201,0.09
190227,0.21
190229,0.12
190245,0.19
190272,0.24
190274,0.17
190281,0.12
190282,0.12
190290,0.11
190299,0.25
190301,0.13
190304,0.13
190306,0.14
190311,0.13
190341,0.09
190354,0.07
190364,0.03
190368,0.14
190375,0.28
190383,0.2
190384,0.16
190387,0.11
190388,0.17
190392,0.27
190394,0.21
190405,0.24
190406,0.2
190412,0.07
190413,0.18
190431,0.11
190452,0.09
190454,0.16
190461,0.17
190475,0.1
190489,0.15
190507,0.09
190513,0.15
190515,0.18
190516,0.05
190522,0.1
190523,0.22
190526,0.19
190533,0.08
190537,0.09
190542,0.09
190545,0.18
190548,0.07
190555,0.17
190561,0.14
190562,0.08
190566,0.11
190581,0.12
190590,0.14
190591,0.19
190593,0.11
190612,0.1
190617,0.17
190618,0.07
190619,0.12
190643,0.2
190647,0.23
190663,0.05
190664,0.03
190678,0.1
190691,0.07
190697,0.13
190698,0.09
190701,0.34
190702,0.19
190713,0.16
190739,0.08
190744,0.23
190756,0.12
190767,0.22
190777,0.19
190808,0.14
190825,0.12
190830,0.12
190844,0.24
190855,0.14
190860,0.06
190861,0.06
190865,0.13
190884,0.18
190886,0.13
190887,0.16
190893,0.18
190899,0.12
190900,0.1
190901,0.12
190903,0.1
190909,0.12
190911,0.25
190916,0.23
190922,0.05
190926,0.11
190927,0.1
190929,0.13
190931,0.17
190948,0.07
190954,0.11
190957,0.07
190965,0.15
190978,0.09
190986,0.12
190990,0.04
190993,0.12
190998,0.08
190999,0.1
191028,0.13
191033,0.13
191042,0.36
191076,0.1
191114,0.15
191137,0.22
191138,0.13
191140,0.15
191141,0.1
191143,0.13
191145,0.09
191161,0.17
191167,0.09
191192,0.11
191199,0.2
191200,0.13
191205,0.13
191206,0.09
191214,0.1
191217,0.14
191222,0.12
191224,0.06
191232,0.2
191238,0.14
191243,0.18
191247,0.15
191250,0.12
191266,0.14
191278,0.13
191279,0.1
191282,0.18
191287,0.11
191290,0.07
191291,0.13
191296,0.19
191301,0.16
191304,0.06
191305,0.13
191306,0.22
191324,0.19
191359,0.1
191360,0.13
191362,0.08
191371,0.14
191379,0.18
191394,0.11
191413,0.21
191430,0.09
191435,0.16
191449,0.11
191452,0.08
191464,0.2
191465,0.08
191466,0.18
191469,0.17
191490,0.11
191494,0.13
191498,0.37
191506,0.11
191508,0.14
191509,0.1
191515,0.34
191524,0.11
191548,0.09
191562,0.1
191568,0.13
191596,0.19
191609,0.15
191619,0.07
191624,0.12
191628,0.12
191630,0.18
191648,0.26
191649,0.18
191654,0.19
191655,0.1
191659,0.14
191674,0.14
191675,0.16
191680,0.14
191681,0.09
191684,0.09
191686,0.03
191721,0.09
191722,0.15
191726,0.15
191727,0.08
191732,0.1
191735,0.09
191738,0.37
191745,0.15
191746,0.12
191751,0.13
191761,0.17
191772,0.06
191785,0.21
191794,0.09
191799,0.15
191806,0.19
191807,0.09
191809,0.18
191824,0.14
191826,0.06
191834,0.11
191837,0.09
191841,0.13
191845,0.12
191847,0.2
191850,0.16
191869,0.13
191873,0.15
191876,0.14
191878,0.19
191880,0.08
191881,0.19
191883,0.13
191898,0.11
191907,0.14
191910,0.11
191918,0.16
191920,0.2
191923,0.11
191942,0.16
191943,0.19
191951,0.19
191952,0.16
191958,0.19
191963,0.24
191971,0.19
191992,0.15
192000,0.23
192001,0.15
192008,0.09
192018,0.13
192029,0.11
192030,0.07
192031,0.12
192043,0.17
192045,0.11
192052,0.23
192056,0.11
192071,0.18
192082,0.2
192088,0.1
192103,0.05
192105,0.2
192119,0.1
192144,0.08
192151,0.16
192158,0.06
192163,0.08
192172,0.31
192176,0.13
192177,0.15
192212,0.1
192221,0.27
192223,0.18
192224,0.09
192238,0.13
192239,0.12
192252,0.25
192259,0.18
192268,0.09
192274,0.11
192276,0.21
192277,0.11
192289,0.09
192296,0.13
192308,0.14
192309,0.07
192315,0.14
192322,0.21
192324,0.11
192343,0.2
192345,0.14
192367,0.16
192375,0.12
192382,0.23
192389,0.06
192390,0.16
192391,0.19
192423,0.15
192427,0.12
192431,0.12
192433,0.1
192451,0.09
192453,0.22
192455,0.15
192468,0.08
192469,0.17
192474,0.08
192481,0.1
192482,0.1
192483,0.08
192486,0.19
192490,0.13
192491,0.12
192494,0.14
192507,0.07
192508,0.09
192509,0.13
192525,0.15
192526,0.11
192528,0.13
192535,0.12
192545,0.22
192548,0.16
192572,0.23
192594,0.15
192607,0.13
192625,0.15
192626,0.19
192631,0.14
192632,0.16
192636,0.1
192637,0.11
192655,0.12
192657,0.07
192674,0.18
192675,0.14
192680,0.25
192682,0.2
192686,0.1
192698,0.21
192703,0.09
192705,0.06
192717,0.11
192720,0.14
192721,0.14
192722,0.11
192728,0.05
192734,0.09
192739,0.2
192740,0.18
192752,0.16
192761,0.1
192770,0.1
192780,0.09
192782,0.17
192783,0.21
192789,0.25
192796,0.13
192800,0.12
192802,0.11
192811,0.13
192812,0.13
192815,0.13
192838,0.23
192861,0.13
192868,0.09
192872,0.09
192876,0.15
192877,0.16
192897,0.24
192898,0.12
192903,0.11
192904,0.21
192905,0.11
192911,0.29
192920,0.06
192921,0.08
192922,0.13
192942,0.16
192946,0.19
192963,0.1
192978,0.14
192979,0.17
192981,0.22
192991,0.16
192995,0.14
192998,0.15
193019,0.15
193027,0.11
193028,0.19
193032,0.11
193036,0.1
193044,0.15
193046,0.19
193049,0.09
193050,0.12
193054,0.13
193057,0.22
193060,0.2
193075,0.11
193088,0.09
193091,0.19
193112,0.13
193122,0.05
193123,0.18
193128,0.12
193133,0.09
193143,0.15
193150,0.18
193151,0.09
193160,0.27
193180,0.21
193198,0.09
193204,0.13
193207,0.19
193210,0.35
193225,0.12
193232,0.17
193248,0.26
193249,0.19
193262,0.16
193270,0.12
193273,0.07
193275,0.08
193286,0.12
193289,0.26
193290,0.07
193311,0.25
193321,0.09
193322,0.09
193340,0.2
193349,0.06
193368,0.15
193369,0.15
193375,0.12
193385,0.3
193389,0.11
193394,0.13
193396,0.13
193398,0.14
193402,0.19
193409,0.19
193421,0.11
193426,0.1
193430,0.17
193436,0.21
193437,0.14
193440,0.09
193441,0.17
193449,0.11
193462,0.13
193464,0.05
193468,0.12
193474,0.12
193475,0.14
193479,0.17
193484,0.28
193488,0.09
193496,0.06
193507,0.17
193510,0.2
193512,0.13
193514,0.1
193515,0.1
193516,0.12
193520,0.11
193522,0.14
193541,0.09
193545,0.1
193549,0.1
193554,0.09
193558,0.19
193568,0.11
193569,0.23
193579,0.04
193587,0.19
193589,0.14
193613,0.15
193642,0.23
193643,0.09
193647,0.14
193648,0.2
193663,0.15
193664,0.2
193665,0.15
193672,0.14
193675,0.15
193686,0.32
193692,0.1
193706,0.13
193725,0.16
193726,0.17
193727,0.1
193733,0.15
193738,0.22
193739,0.08
193745,0.21
193759,0.16
193767,0.05
193774,0.25
193776,0.14
193777,0.49
193787,0.3
193789,0.17
193793,0.09
193805,0.1
193808,0.17
193816,0.13
193817,0.11
193821,0.19
193831,0.12
193832,0.1
193874,0.21
193879,0.07
193882,0.14
193910,0.1
193915,0.16
193916,0.12
193921,0.22
193924,0.26
193926,0.11
193927,0.12
193949,0.13
193954,0.2
193966,0.16
193970,0.18
193971,0.09
193975,0.11
193980,0.16
193982,0.21
193983,0.18
193987,0.13
193997,0.06
194000,0.13
194013,0.15
194014,0.28
194026,0.13
194039,0.12
194042,0.16
194054,0.14
194057,0.2
194058,0.18
194068,0.09
194071,0.26
194073,0.12
194075,0.18
194093,0.09
194098,0.17
194105,0.18
194106,0.16
194110,0.13
194128,0.09
194137,0.21
194149,0.18
194150,0.07
194155,0.12
194157,0.2
194158,0.13
194164,0.21
194165,0.17
194166,0.15
194170,0.15
194171,0.14
194177,0.06
194187,0.16
194188,0.09
194213,0.16
194229,0.27
194230,0.14
194241,0.07
194243,0.17
194244,0.12
194276,0.06
194279,0.08
194280,0.11
194281,0.21
194291,0.05
194293,0.18
194306,0.04
194307,0.09
194308,0.05
194310,0.15
194314,0.12
194326,0.26
194330,0.1
194338,0.12
194366,0.16
194370,0.13
194371,0.14
194379,0.13
194382,0.16
194383,0.15
194395,0.32
194402,0.18
194406,0.2
194408,0.3
194413,0.13
194414,0.1
194419,0.08
194423,0.21
194424,0.14
194429,0.12
194436,0.1
194468,0.08
194469,0.13
194478,0.08
194480,0.2
194484,0.16
194505,0.21
194514,0.12
194516,0.05
194523,0.29
194526,0.1
194533,0.11
194534,0.13
194536,0.07
194548,0.11
194552,0.14
194558,0.21
194561,0.21
194563,0.18
194569,0.37
194581,0.27
194586,0.08
194590,0.14
194598,0.15
194600,0.1
194603,0.09
194604,0.13
194605,0.2
194607,0.2
194610,0.17
194620,0.1
194627,0.23
194650,0.27
194652,0.11
194659,0.12
194660,0.15
194662,0.14
194665,0.17
194675,0.12
194677,0.12
194679,0.1
194691,0.41
194696,0.12
194713,0.08
194716,0.13
194717,0.09
194725,0.16
194732,0.14
194737,0.16
194738,0.15
194769,0.14
194791,0.09
194802,0.19
194806,0.18
194810,0.11
194812,0.1
194813,0.13
194816,0.15
194827,0.16
194844,0.12
194856,0.1
194860,0.15
194866,0.12
194867,0.11
194877,0.19
194879,0.18
194880,0.09
194881,0.13
194887,0.08
194900,0.07
194906,0.12
194907,0.15
194908,0.21
194914,0.12
194934,0.21
194955,0.13
194956,0.1
194965,0.14
194966,0.15
194980,0.14
194985,0.21
194986,0.13
194995,0.17
194999,0.08
195000,0.11
195010,0.13
195013,0.17
195044,0.1
195048,0.11
195050,0.45
195051,0.19
195055,0.16
195070,0.07
195074,0.32
195075,0.19
195077,0.24
195081,0.14
195088,0.15
195089,0.15
195091,0.15
195096,0.33
195100,0.1
195103,0.24
195116,0.16
195117,0.15
195129,0.1
195151,0.16
195158,0.12
195164,0.14
195176,0.18
195186,0.24
195187,0.27
195198,0.11
195201,0.11
195207,0.12
195214,0.15
195215,0.07
195234,0.08
195235,0.17
195239,0.1
195240,0.13
195253,0.06
195255,0.1
195280,0.15
195291,0.12
195293,0.14
195300,0.16
195306,0.13
195307,0.12
195322,0.18
195326,0.3
195330,0.12
195341,0.18
195343,0.1
195367,0.07
195369,0.13
195371,0.09
195372,0.15
195389,0.09
195415,0.07
195435,0.19
195439,0.19
195440,0.22
195444,0.06
195447,0.15
195450,0.1
195451,0.09
195456,0.16
195457,0.18
195461,0.18
195462,0.16
195463,0.07
195466,0.11
195468,0.1
195469,0.12
195489,0.07
195495,0.2
195496,0.24
195504,0.11
195505,0.18
195506,0.19
195511,0.11
195518,0.1
195519,0.17
195529,0.14
195531,0.12
195546,0.11
195547,0.09
195552,0.06
195577,0.18
195579,0.14
195588,0.12
195597,0.12
195607,0.09
195617,0.19
195626,0.12
195632,0.17
195634,0.22
195635,0.12
195645,0.08
195648,0.12
195674,0.3
195691,0.11
195695,0.18
195703,0.15
195710,0.2
195711,0.12
195727,0.16
195729,0.13
195734,0.2
195739,0.16
195740,0.09
195746,0.26
195750,0.27
195769,0.22
195772,0.15
195785,0.1
195789,0.11
195793,0.14
195801,0.04
195803,0.18
195810,0.18
195818,0.13
195819,0.29
195823,0.1
195828,0.14
195836,0.06
195843,0.17
195858,0.12
195876,0.1
195890,0.23
195891,0.15
195900,0.13
195905,0.14
195910,0.11
195911,0.17
195912,0.08
195917,0.23
195918,0.22
195923,0.31
195937,0.15
195940,0.35
195945,0.08
195946,0.16
195948,0.19
195955,0.07
195957,0.17
195958,0.08
195959,0.26
195970,0.11
195974,0.17
195979,0.12
195990,0.14
196004,0.15
196007,0.26
196012,0.17
196019,0.11
196029,0.21
196034,0.08
196042,0.16
196066,0.24
196067,0.15
196071,0.08
196074,0.22
196075,0.16
196079,0.1
196080,0.24
196082,0.1
196083,0.09
196085,0.17
196115,0.1
196118,0.18
196128,0.14
196149,0.11
196150,0.16
196162,0.15
196194,0.17
196198,0.16
196204,0.11
196206,0.09
196210,0.25
196220,0.19
196221,0.1
196230,0.15
196236,0.16
196242,0.15
196256,0.28
196261,0.17
196274,0.2
196281,0.15
196303,0.13
196305,0.17
196322,0.05
196343,0.05
196346,0.17
196354,0.08
196357,0.14
196359,0.11
196360,0.3
196361,0.1
196364,0.2
196371,0.09
196375,0.13
196377,0.1
196378,0.17
196381,0.09
196384,0.11
196385,0.19
196388,0.24
196394,0.12
196400,0.2
196401,0.19
196404,0.19
196411,0.32
196436,0.13
196443,0.16
196444,0.13
196446,0.09
196475,0.11
196476,0.27
196486,0.15
196489,0.19
196492,0.1
196498,0.11
196500,0.13
196505,0.22
196507,0.08
196510,0.09
196514,0.14
196530,0.08
196544,0.05
196551,0.05
196578,0.07
196585,0.22
196587,0.08
196588,0.24
196594,0.19
196598,0.14
196605,0.04
196618,0.18
196619,0.16
196623,0.1
196624,0.15
196643,0.11
196649,0.11
196650,0.09
196656,0.08
196663,0.35
196667,0.16
196669,0.11
196681,0.13
196717,0.23
196726,0.22
196728,0.09
196729,0.08
196731,0.08
196736,0.11
196738,0.11
196745,0.11
196747,0.11
196748,0.05
196753,0.1
196757,0.09
196760,0.17
196777,0.26
196788,0.14
196799,0.15
196808,0.05
196819,0.11
196825,0.09
196826,0.09
196834,0.17
196841,0.26
196847,0.06
196849,0.1
196851,0.09
196867,0.14
196884,0.08
196889,0.11
196898,0.11
196901,0.1
196917,0.17
196930,0.16
196936,0.12
196956,0.08
196959,0.11
196962,0.12
196963,0.13
196971,0.16
196972,0.16
196977,0.15
196984,0.13
196985,0.2
197010,0.21
197029,0.18
197040,0.12
197058,0.18
197060,0.07
197064,0.38
197075,0.1
197083,0.25
197102,0.21
197103,0.23
197107,0.22
197129,0.16
197135,0.16
197140,0.08
197150,0.14
197152,0.12
197153,0.15
197154,0.17
197156,0.15
197166,0.13
197167,0.15
197177,0.08
197178,0.13
197187,0.24
197191,0.06
197205,0.22
197206,0.23
197219,0.14
197224,0.15
197245,0.12
197246,0.15
197273,0.33
197275,0.04
197278,0.1
197288,0.17
197290,0.19
197294,0.12
197295,0.13
197311,0.04
197314,0.19
197320,0.16
197321,0.24
197324,0.21
197327,0.14
197332,0.12
197333,0.23
197335,0.13
197348,0.11
197362,0.08
197363,0.22
197368,0.1
197378,0.16
197381,0.12
197384,0.06
197386,0.2
197393,0.27
197396,0.08
197400,0.09
197408,0.09
197412,0.14
197413,0.26
197415,0.1
197418,0.24
197427,0.08
197443,0.16
197448,0.28
197449,0.11
197470,0.18
197478,0.24
197482,0.16
197488,0.13
197491,0.14
197495,0.08
197498,0.23
197502,0.19
197507,0.15
197509,0.13
197510,0.21
197512,0.12
197513,0.08
197524,0.15
197525,0.1
197529,0.22
197533,0.06
197534,0.26
197540,0.12
197541,0.08
197559,0.1
197566,0.09
197582,0.08
197585,0.21
197587,0.11
197595,0.13
197598,0.11
197601,0.11
197603,0.11
197607,0.15
197611,0.16
197625,0.23
197631,0.1
197633,0.08
197638,0.16
197640,0.14
197644,0.07
197645,0.14
197646,0.11
197650,0.18
197657,0.23
197664,0.12
197668,0.08
197681,0.1
197682,0.16
197693,0.08
197695,0.11
197699,0.15
197709,0.13
197711,0.18
197715,0.1
197716,0.31
197722,0.17
197728,0.18
197729,0.12
197730,0.19
197744,0.1
197768,0.06
197770,0.14
197775,0.2
197788,0.16
197795,0.05
197806,0.19
197808,0.1
197812,0.26
197813,0.13
197822,0.16
197827,0.09
197828,0.13
197836,0.25
197857,0.11
197862,0.28
197872,0.08
197892,0.19
197903,0.09
197907,0.13
197908,0.18
197916,0.09
197921,0.05
197924,0.1
197930,0.13
197934,0.12
197942,0.1
197945,0.28
197958,0.08
197959,0.11
197967,0.13
197969,0.17
197978,0.22
197999,0.12
198001,0.16
198004,0.09
198007,0.12
198019,0.14
198020,0.11
198024,0.14
198026,0.21
198038,0.19
198044,0.07
198050,0.23
198054,0.33
198055,0.18
198082,0.13
198094,0.18
198095,0.06
198099,0.17
198101,0.18
198102,0.11
198114,0.25
198125,0.19
198127,0.07
198128,0.13
198137,0.16
198141,0.17
198142,0.19
198155,0.15
198179,0.1
198181,0.14
198184,0.08
198185,0.1
198186,0.2
198187,0.14
198193,0.06
198197,0.18
198209,0.08
198221,0.2
198225,0.19
198229,0.23
198237,0.26
198239,0.3
198247,0.1
198253,0.15
198272,0.07
198279,0.12
198282,0.11
198284,0.13
198285,0.07
198287,0.1
198294,0.08
198309,0.06
198312,0.18
198315,0.13
198323,0.09
198331,0.05
198333,0.22
198359,0.08
198370,0.14
198378,0.12
198379,0.14
198381,0.08
198383,0.13
198384,0.11
198385,0.11
198420,0.17
198421,0.22
198425,0.14
198427,0.17
198429,0.07
198437,0.07
198445,0.04
198452,0.13
198454,0.08
198487,0.14
198523,0.22
198528,0.21
198530,0.17
198539,0.17
198540,0.1
198547,0.11
198566,0.1
198568,0.11
198569,0.2
198595,0.1
198600,0.1
198614,0.09
198617,0.12
198619,0.26
198627,0.1
198640,0.13
198655,0.14
198664,0.17
198665,0.08
198666,0.21
198670,0.19
198673,0.25
198680,0.26
198689,0.09
198690,0.2
198702,0.07
198703,0.08
198704,0.26
198714,0.23
198715,0.18
198717,0.11
198718,0.15
198720,0.29
198721,0.11
198730,0.14
198739,0.18
198754,0.05
198761,0.16
198772,0.11
198774,0.14
198775,0.21
198779,0.14
198783,0.05
198790,0.21
198794,0.29
198798,0.19
198799,0.18
198802,0.15
198806,0.11
198847,0.09
198854,0.26
198858,0.16
198859,0.16
198865,0.18
198872,0.15
198874,0.12
198878,0.16
198883,0.16
198884,0.13
198891,0.15
198899,0.13
198907,0.2
198916,0.11
198917,0.24
198934,0.09
198937,0.13
198938,0.11
198941,0.18
198957,0.09
198966,0.15
198984,0.1
198997,0.09
199001,0.23
199003,0.15
199009,0.13
199011,0.1
199013,0.09
199015,0.13
199024,0.07
199026,0.18
199027,0.25
199029,0.12
199030,0.18
199041,0.14
199048,0.21
199057,0.14
199058,0.06
199062,0.15
199067,0.08
199070,0.12
199075,0.13
199076,0.09
199092,0.18
199096,0.13
199104,0.17
199114,0.17
199115,0.07
199117,0.31
199126,0.16
199131,0.07
199141,0.08
199145,0.07
199150,0.13
199151,0.08
199153,0.13
199166,0.08
199167,0.1
199177,0.24
199182,0.14
199183,0.26
199185,0.06
199212,0.13
199213,0.18
199222,0.14
199229,0.14
199230,0.16
199242,0.24
199243,0.09
199246,0.24
199247,0.13
199249,0.12
199262,0.19
199263,0.17
199275,0.12
199276,0.1
199287,0.16
199298,0.19
199304,0.2
199307,0.08
199311,0.13
199316,0.07
199320,0.3
199321,0.09
199325,0.08
199326,0.29
199327,0.12
199334,0.13
199344,0.25
199345,0.14
199352,0.2
199364,0.17
199378,0.12
199379,0.15
199387,0.1
199405,0.22
199418,0.15
199424,0.18
199425,0.15
199432,0.13
199433,0.18
199442,0.12
199446,0.15
199457,0.13
199458,0.09
199477,0.09
199522,0.23
199525,0.17
199533,0.19
199536,0.23
199537,0.08
199550,0.2
199560,0.14
199564,0.33
199575,0.17
199580,0.09
199586,0.03
199597,0.17
199598,0.24
199604,0.16
199608,0.23
199609,0.09
199616,0.09
199625,0.24
199648,0.23
199650,0.12
199655,0.07
199663,0.07
199670,0.15
199673,0.17
199685,0.12
199696,0.14
199703,0.16
199704,0.14
199706,0.13
199727,0.09
199740,0.1
199746,0.14
199764,0.12
199766,0.19
199785,0.1
199786,0.13
199795,0.15
199797,0.14
199803,0.24
199804,0.22
199810,0.1
199815,0.12
199822,0.06
199824,0.13
199828,0.2
199833,0.11
199840,0.18
199844,0.12
199846,0.08
199858,0.19
199862,0.15
199865,0.14
199866,0.13
199869,0.16
199870,0.13
199871,0.14
199878,0.14
199889,0.12
199891,0.12
199898,0.13
199903,0.17
199904,0.16
199924,0.16
199950,0.12
199954,0.14
199956,0.09
199962,0.18
199965,0.19
199971,0.11
199972,0.1
199988,0.28
199995,0.09
199997,0.1
199998,0.1
199999,0.14
200011,0.1
200012,0.01
200016,0.09
200019,0.1
200030,0.1
200031,0.16
200032,0.14
200038,0.23
200043,0.08
200044,0.27
200045,0.24
200053,0.24
200057,0.1
200061,0.13
200064,0.16
200071,0.23
200084,0.1
200085,0.11
200086,0.22
200093,0.15
200095,0.26
200105,0.07
200111,0.11
200116,0.35
200125,0.29
200126,0.13
200157,0.14
200173,0.21
200181,0.17
200185,0.07
200187,0.13
200193,0.15
200200,0.16
200202,0.1
200206,0.16
200207,0.07
200216,0.11
200229,0.18
200234,0.09
200241,0.22
200244,0.11
200258,0.16
200262,0.24
200268,0.3
200277,0.17
200286,0.15
200293,0.16
200299,0.16
200306,0.1
200335,0.1
200358,0.12
200366,0.12
200367,0.03
200370,0.14
200373,0.15
200374,0.15
200383,0.13
200387,0.21
200390,0.2
200391,0.05
200421,0.18
200437,0.16
200442,0.09
200447,0.09
200460,0.04
200463,0.19
200467,0.1
200487,0.13
200488,0.11
200490,0.12
200493,0.1
200494,0.09
200501,0.14
200506,0.16
200516,0.1
200518,0.2
200520,0.16
200523,0.13
200524,0.11
200525,0.16
200534,0.14
200538,0.13
200552,0.14
200556,0.12
200557,0.14
200567,0.08
200568,0.18
200570,0.06
200572,0.18
200576,0.06
200585,0.22
200587,0.25
200588,0.16
200593,0.17
200594,0.1
200595,0.14
200603,0.29
200615,0.1
200624,0.24
200631,0.32
200632,0.12
200636,0.04
200638,0.14
200641,0.12
200650,0.14
200653,0.19
200657,0.19
200668,0.07
200669,0.12
200670,0.14
200676,0.18
200697,0.06
200710,0.12
200720,0.08
200729,0.17
200749,0.12
200753,0.21
200755,0.27
200756,0.19
200757,0.17
200768,0.16
200776,0.11
200799,0.18
200801,0.04
200810,0.15
200823,0.13
200832,0.28
200836,0.12
200838,0.08
200864,0.18
200867,0.09
200869,0.13
200873,0.16
200876,0.15
200881,0.1
200883,0.08
200890,0.15
200895,0.17
200897,0.12
200899,0.14
200900,0.08
200907,0.07
200912,0.07
200926,0.12
200930,0.15
200971,0.1
200974,0.13
200979,0.12
200998,0.09
201008,0.1
201018,0.2
201026,0.06
201043,0.09
201049,0.07
201050,0.21
201061,0.16
201062,0.13
201072,0.15
201076,0.2
201077,0.11
201081,0.12
201084,0.09
201089,0.09
201092,0.07
201109,0.14
201110,0.08
201116,0.13
201122,0.19
201135,0.23
201143,0.11
201153,0.04
201159,0.14
201165,0.1
201187,0.11
201197,0.12
201218,0.26
201219,0.16
201231,0.08
201234,0.1
201243,0.08
201246,0.15
201254,0.25
201256,0.08
201262,0.35
201263,0.15
201272,0.19
201273,0.17
201281,0.14
201290,0.1
201294,0.08
201296,0.07
201320,0.06
201332,0.17
201342,0.14
201343,0.17
201347,0.1
201350,0.15
201351,0.17
201362,0.26
201363,0.13
201368,0.17
201373,0.08
201375,0.16
201378,0.1
201386,0.17
201387,0.07
201390,0.23
201393,0.13
201409,0.12
201442,0.13
201444,0.22
201447,0.29
201451,0.06
201474,0.15
201481,0.07
201491,0.12
201498,0.08
201499,0.11
201501,0.22
201502,0.08
201516,0.14
201517,0.14
201524,0.13
201526,0.26
201528,0.09
201532,0.11
201543,0.17
201544,0.14
201546,0.12
201552,0.13
201554,0.18
201556,0.14
201557,0.15
201559,0.18
201575,0.11
201592,0.13
201593,0.2
201600,0.12
201630,0.18
201631,0.23
201635,0.05
201638,0.18
201642,0.15
201645,0.1
201660,0.12
201663,0.14
201665,0.08
201674,0.1
201675,0.12
201677,0.18
201688,0.1
201698,0.16
201706,0.12
201709,0.09
201710,0.23
201718,0.11
201720,0.27
201727,0.23
201730,0.15
201732,0.11
201733,0.12
201736,0.17
201738,0.07
201744,0.2
201747,0.1
201751,0.17
201766,0.14
201777,0.13
201778,0.15
201785,0.24
201804,0.16
201808,0.23
201813,0.16
201815,0.04
201820,0.13
201825,0.17
201830,0.04
201838,0.08
201839,0.24
201845,0.14
201849,0.04
201850,0.15
201853,0.12
201856,0.2
201873,0.21
201875,0.17
201906,0.13
201907,0.17
201908,0.18
201909,0.12
201911,0.13
201927,0.17
201928,0.14
201937,0.12
201943,0.11
201946,0.12
201948,0.16
201949,0.15
201955,0.15
201962,0.15
201977,0.16
201996,0.12
201997,0.25
202004,0.08
202005,0.13
202006,0.2
202010,0.14
202020,0.15
202029,0.4
202033,0.11
202034,0.07
202040,0.19
202045,0.15
202048,0.13
202055,0.09
202058,0.2
202062,0.15
202073,0.17
202078,0.07
202079,0.15
202080,0.1
202085,0.19
202090,0.07
202092,0.24
202114,0.17
202124,0.05
202133,0.18
202136,0.1
202150,0.06
202156,0.14
202159,0.17
202165,0.11
202167,0.24
202168,0.12
202169,0.22
202170,0.08
202204,0.1
202209,0.11
202216,0.11
202220,0.09
202228,0.12
202229,0.07
202231,0.21
202232,0.11
202234,0.21
202252,0.18
202253,0.1
202272,0.09
202273,0.18
202292,0.05
202300,0.2
202302,0.18
202311,0.1
202316,0.1
202318,0.16
202324,0.1
202343,0.13
202344,0.11
202349,0.09
202351,0.24
202355,0.1
202379,0.33
202407,0.05
202409,0.12
202410,0.14
202422,0.17
202423,0.15
202435,0.14
202437,0.22
202438,0.14
202439,0.16
202441,0.17
202444,0.07
202446,0.11
202450,0.07
202455,0.09
202457,0.16
202461,0.18
202463,0.24
202473,0.15
202478,0.12
202484,0.27
202490,0.11
202491,0.08
202492,0.25
202497,0.07
202508,0.1
202509,0.13
202510,0.09
202511,0.18
202514,0.11
202524,0.07
202527,0.11
202547,0.11
202554,0.11
202557,0.14
202568,0.2
202573,0.2
202587,0.16
202599,0.1
202610,0.12
202613,0.18
202618,0.13
202621,0.12
202645,0.12
202646,0.07
202649,0.04
202653,0.08
202655,0.13
202656,0.21
202659,0.17
202661,0.04
202681,0.12
202688,0.14
202691,0.08
202692,0.05
202697,0.33
202698,0.14
202717,0.1
202720,0.12
202724,0.12
202725,0.17
202734,0.17
202740,0.1
202743,0.17
202746,0.06
202760,0.16
202761,0.1
202765,0.23
202769,0.17
202785,0.09
202793,0.11
202796,0.19
202805,0.09
202816,0.14
202823,0.3
202825,0.16
202829,0.08
202830,0.23
202848,0.11
202861,0.22
202862,0.19
202863,0.26
202879,0.24
202889,0.14
202894,0.2
202895,0.08
202897,0.09
202899,0.05
202900,0.16
202907,0.15
202927,0.18
202945,0.17
202951,0.14
202955,0.12
202960,0.1
202967,0.18
202972,0.08
202982,0.15
202993,0.09
202996,0.15
202998,0.08
203008,0.08
203026,0.21
203038,0.22
203044,0.09
203054,0.22
203070,0.29
203075,0.16
203082,0.14
203089,0.17
203090,0.1
203098,0.23
203108,0.24
203109,0.11
203113,0.19
203123,0.07
203124,0.09
203128,0.1
203129,0.31
203131,0.3
203142,0.12
203154,0.15
203175,0.1
203176,0.14
203183,0.17
203185,0.1
203195,0.1
203201,0.14
203205,0.14
203218,0.15
203241,0.12
203244,0.17
203245,0.1
203253,0.45
203259,0.13
203264,0.28
203276,0.08
203283,0.09
203286,0.14
203288,0.15
203290,0.12
203298,0.2
203300,0.09
203312,0.18
203318,0.18
203331,0.09
203337,0.08
203339,0.08
203344,0.03
203348,0.11
203349,0.21
203350,0.11
203358,0.12
203366,0.15
203371,0.08
203377,0.21
203399,0.15
203402,0.16
203407,0.31
203410,0.09
203421,0.17
203428,0.12
203431,0.25
203433,0.26
203459,0.13
203460,0.2
203462,0.14
203470,0.14
203475,0.29
203476,0.06
203496,0.18
203518,0.06
203547,0.16
203549,0.09
203550,0.09
203552,0.2
203561,0.09
203564,0.16
203567,0.09
203575,0.2
203590,0.12
203591,0.09
203605,0.2
203606,0.05
203640,0.11
203643,0.35
203647,0.16
203648,0.1
203669,0.12
203671,0.1
203692,0.11
203695,0.13
203706,0.06
203713,0.11
203730,0.14
203736,0.11
203745,0.17
203751,0.13
203753,0.08
203755,0.08
203762,0.15
203769,0.1
203774,0.15
203796,0.11
203799,0.06
203806,0.16
203807,0.19
203810,0.14
203816,0.15
203821,0.3
203822,0.13
203850,0.21
203854,0.11
203862,0.11
203868,0.1
203869,0.15
203870,0.14
203876,0.15
203878,0.12
203889,0.1
203897,0.09
203905,0.22
203914,0.18
203915,0.2
203950,0.18
203956,0.1
203957,0.08
203973,0.12
203975,0.1
203980,0.16
203997,0.17
204001,0.27
204008,0.08
204017,0.08
204020,0.14
204021,0.11
204026,0.19
204027,0.07
204043,0.09
204047,0.13
204055,0.11
204059,0.07
204060,0.27
204061,0.07
204073,0.1
204076,0.12
204086,0.15
204088,0.24
204102,0.12
204116,0.15
204117,0.16
204121,0.19
204129,0.13
204139,0.2
204148,0.04
204149,0.2
204175,0.16
204181,0.17
204183,0.06
204187,0.21
204193,0.27
204194,0.19
204195,0.11
204196,0.14
204202,0.13
204206,0.09
204207,0.14
204214,0.08
204222,0.19
204226,0.1
204227,0.19
204228,0.1
204231,0.08
204232,0.14
204235,0.22
204237,0.08
204239,0.08
204242,0.11
204254,0.09
204255,0.11
204259,0.17
204268,0.13
204280,0.07
204282,0.15
204307,0.07
204314,0.16
204318,0.17
204321,0.14
204330,0.06
204335,0.16
204339,0.34
204344,0.07
204350,0.16
204371,0.06
204372,0.14
204374,0.15
204383,0.12
204392,0.22
204403,0.07
204409,0.13
204416,0.11
204417,0.1
204437,0.18
204440,0.03
204445,0.1
204446,0.13
204449,0.23
204468,0.14
204504,0.04
204506,0.14
204536,0.13
204539,0.21
204601,0.09
204614,0.2
204616,0.29
204618,0.09
204623,0.13
204630,0.18
204636,0.13
204639,0.13
204642,0.2
204644,0.14
204648,0.13
204662,0.16
204673,0.1
204674,0.29
204681,0.06
204682,0.11
204683,0.15
204689,0.19
204690,0.18
204707,0.06
204728,0.15
204736,0.21
204740,0.13
204749,0.14
204756,0.09
204771,0.11
204778,0.11
204808,0.16
204822,0.12
204827,0.18
204831,0.12
204836,0.06
204837,0.12
204843,0.12
204846,0.14
204847,0.13
204850,0.24
204852,0.09
204854,0.16
204856,0.24
204857,0.15
204863,0.2
204870,0.09
204885,0.13
204895,0.1
204905,0.09
204911,0.18
204927,0.12
204929,0.11
204941,0.11
204959,0.12
204962,0.23
204965,0.33
204970,0.23
204971,0.12
204972,0.16
205000,0.2
205011,0.14
205013,0.09
205014,0.42
205019,0.08
205043,0.1
205045,0.15
205054,0.1
205066,0.17
205069,0.14
205070,0.13
205071,0.12
205073,0.17
205077,0.2
205078,0.09
205088,0.15
205104,0.19
205107,0.15
205117,0.1
205118,0.11
205128,0.23
205134,0.19
205140,0.16
205141,0.2
205142,0.09
205153,0.29
205158,0.13
205169,0.08
205170,0.25
205183,0.08
205184,0.14
205197,0.09
205199,0.12
205204,0.11
205208,0.08
205209,0.15
205210,0.12
205216,0.13
205219,0.18
205222,0.16
205225,0.1
205235,0.18
205236,0.06
205241,0.08
205244,0.1
205251,0.11
205252,0.19
205258,0.05
205262,0.13
205264,0.08
205274,0.18
205277,0.12
205281,0.14
205306,0.12
205307,0.2
205323,0.11
205336,0.28
205337,0.25
205360,0.21
205363,0.13
205365,0.12
205367,0.23
205368,0.08
205375,0.11
205403,0.1
205411,0.08
205415,0.08
205429,0.16
205434,0.29
205445,0.14
205463,0.13
205471,0.12
205472,0.18
205479,0.19
205480,0.17
205493,0.2
205503,0.1
205508,0.16
205524,0.1
205525,0.08
205526,0.05
205533,0.12
205542,0.06
205545,0.15
205552,0.1
205561,0.11
205563,0.09
205564,0.18
205565,0.18
205566,0.11
205569,0.15
205579,0.14
205585,0.1
205587,0.08
205588,0.18
205591,0.07
205594,0.15
205600,0.11
205608,0.12
205613,0.1
205618,0.12
205619,0.03
205623,0.16
205627,0.18
205628,0.25
205635,0.12
205638,0.07
205640,0.17
205641,0.31
205642,0.25
205643,0.13
205646,0.12
205655,0.18
205672,0.17
205678,0.15
205681,0.07
205682,0.08
205690,0.05
205693,0.18
205695,0.12
205724,0.05
205738,0.04
205741,0.11
205744,0.14
205750,0.18
205751,0.28
205752,0.15
205766,0.18
205773,0.07
205775,0.18
205776,0.1
205789,0.24
205793,0.14
205797,0.06
205798,0.07
205802,0.04
205806,0.11
205807,0.21
205815,0.23
205819,0.14
205821,0.13
205822,0.12
205831,0.2
205832,0.11
205836,0.13
205843,0.13
205862,0.07
205863,0.14
205866,0.18
205873,0.19
205877,0.11
205879,0.17
205880,0.07
205886,0.17
205898,0.14
205903,0.13
205907,0.19
205908,0.08
205909,0.09
205930,0.11
205931,0.12
205932,0.09
205951,0.05
205957,0.21
205960,0.14
205987,0.15
205994,0.24
205995,0.1
206006,0.14
206007,0.12
206013,0.12
206020,0.1
206030,0.08
206035,0.14
206038,0.13
206039,0.13
206061,0.08
206066,0.11
206068,0.1
206071,0.18
206076,0.17
206077,0.2
206091,0.09
206097,0.23
206101,0.23
206145,0.14
206147,0.11
206163,0.14
206171,0.09
206173,0.17
206174,0.26
206197,0.18
206198,0.11
206209,0.06
206211,0.14
206213,0.15
206246,0.3
206252,0.19
206253,0.15
206254,0.15
206257,0.15
206270,0.07
206283,0.12
206290,0.14
206291,0.1
206292,0.16
206307,0.17
206315,0.08
206319,0.24
206324,0.13
206326,0.2
206338,0.15
206339,0.07
206354,0.09
206359,0.15
206374,0.25
206377,0.1
206395,0.22
206403,0.1
206410,0.25
206413,0.1
206414,0.07
206418,0.16
206424,0.14
206427,0.14
206428,0.13
206429,0.09
206430,0.21
206447,0.14
206451,0.11
206465,0.12
206477,0.19
206484,0.11
206497,0.1
206517,0.1
206533,0.11
206542,0.19
206557,0.11
206563,0.08
206564,0.17
206565,0.06
206582,0.12
206593,0.25
206605,0.38
206606,0.11
206621,0.08
206639,0.17
206640,0.15
206641,0.15
206645,0.18
206656,0.13
206666,0.14
206679,0.17
206681,0.13
206684,0.1
206686,0.07
206687,0.13
206697,0.15
206700,0.07
206702,0.17
206703,0.14
206708,0.12
206710,0.1
206721,0.19
206723,0.17
206735,0.14
206739,0.19
206742,0.14
206744,0.23
206747,0.31
206752,0.06
206774,0.11
206776,0.15
206792,0.15
206799,0.23
206805,0.11
206806,0.3
206809,0.14
206812,0.17
206814,0.13
206830,0.1
206831,0.1
206878,0.3
206905,0.08
206908,0.21
206910,0.06
206917,0.09
206920,0.21
206927,0.09
206933,0.07
206945,0.12
206968,0.16
206987,0.09
206989,0.11
207017,0.16
207027,0.17
207029,0.19
207030,0.21
207035,0.19
207040,0.13
207043,0.17
207054,0.25
207055,0.17
207059,0.09
207060,0.11
207062,0.32
207071,0.22
207073,0.22
207079,0.15
207100,0.15
207107,0.11
207129,0.13
207132,0.13
207139,0.13
207148,0.19
207153,0.04
207163,0.31
207164,0.13
207168,0.11
207171,0.11
207173,0.26
207174,0.08
207181,0.09
207182,0.1
207198,0.15
207201,0.12
207213,0.27
207234,0.21
207238,0.19
207256,0.18
207257,0.13
207264,0.21
207268,0.28
207275,0.22
207291,0.15
207296,0.09
207304,0.22
207308,0.15
207314,0.07
207324,0.18
207332,0.1
207333,0.15
207339,0.12
207349,0.12
207351,0.18
207359,0.17
207361,0.14
207365,0.21
207369,0.1
207372,0.2
207377,0.12
207380,0.08
207394,0.11
207412,0.16
207423,0.22
207426,0.05
207427,0.29
207428,0.11
207430,0.33
207437,0.12
207440,0.14
207455,0.07
207456,0.18
207471,0.2
207476,0.11
207483,0.1
207497,0.14
207506,0.09
207515,0.16
207529,0.19
207533,0.13
207534,0.13
207541,0.15
207560,0.07
207561,0.23
207570,0.12
207600,0.11
207630,0.18
207633,0.13
207634,0.07
207635,0.13
207660,0.13
207682,0.06
207684,0.08
207687,0.16
207706,0.24
207708,0.09
207713,0.19
207714,0.13
207718,0.08
207721,0.13
207724,0.15
207727,0.09
207731,0.09
207732,0.12
207734,0.18
207739,0.17
207744,0.12
207787,0.2
207792,0.08
207801,0.13
207811,0.13
207817,0.28
207818,0.12
207819,0.12
207830,0.13
207834,0.14
207841,0.23
207844,0.15
207849,0.18
207856,0.12
207865,0.11
207867,0.13
207873,0.22
207882,0.21
207887,0.09
207888,0.22
207889,0.06
207907,0.13
207921,0.2
207922,0.05
207928,0.2
207930,0.29
207940,0.1
207941,0.17
207956,0.09
207960,0.12
207961,0.13
207968,0.13
207971,0.15
207972,0.15
207975,0.12
207976,0.07
207979,0.21
207997,0.07
207999,0.28
208008,0.22
208027,0.24
208030,0.05
208033,0.21
208035,0.2
208040,0.15
208052,0.16
208067,0.15
208090,0.09
208100,0.15
208102,0.09
208110,0.16
208117,0.09
208119,0.15
208123,0.1
208127,0.44
208136,0.12
208139,0.04
208140,0.13
208144,0.15
208149,0.17
208156,0.12
208166,0.14
208168,0.12
208170,0.23
208172,0.21
208178,0.21
208193,0.12
208195,0.07
208211,0.12
208213,0.13
208229,0.14
208231,0.24
208235,0.14
208238,0.12
208240,0.18
208249,0.1
208262,0.11
208263,0.13
208270,0.12
208288,0.17
208292,0.16
208302,0.11
208303,0.2
208312,0.08
208317,0.09
208322,0.11
208331,0.19
208336,0.07
208337,0.12
208339,0.13
208346,0.18
208353,0.09
208358,0.08
208359,0.19
208360,0.06
208370,0.07
208373,0.06
208390,0.04
208391,0.16
208394,0.11
208396,0.09
208397,0.11
208398,0.18
208400,0.14
208410,0.09
208420,0.14
208421,0.16
208431,0.1
208450,0.12
208451,0.3
208455,0.22
208478,0.13
208479,0.1
208482,0.18
208502,0.25
208516,0.09
208518,0.15
208534,0.21
208550,0.15
208551,0.11
208566,0.12
208567,0.15
208575,0.09
208576,0.13
208588,0.19
208590,0.2
208595,0.12
208619,0.14
208620,0.13
208627,0.21
208629,0.17
208642,0.21
208645,0.08
208661,0.08
208662,0.1
208679,0.1
208681,0.14
208689,0.19
208696,0.19
208701,0.09
208707,0.28
208719,0.09
208720,0.14
208730,0.13
208748,0.11
208753,0.14
208755,0.04
208769,0.12
208775,0.09
208785,0.09
208796,0.17
208806,0.15
208815,0.19
208830,0.14
208833,0.12
208837,0.11
208842,0.05
208860,0.04
208874,0.13
208886,0.15
208897,0.12
208898,0.31
208905,0.23
208907,0.13
208924,0.21
208925,0.1
208933,0.16
208941,0.21
208948,0.04
208960,0.07
208962,0.15
208963,0.08
208965,0.19
208973,0.12
208974,0.14
208986,0.16
208992,0.09
208995,0.17
209001,0.13
209006,0.2
209012,0.13
209022,0.18
209055,0.43
209056,0.16
209057,0.18
209060,0.13
209067,0.05
209071,0.17
209078,0.14
209080,0.12
209094,0.06
209097,0.08
209098,0.16
209101,0.21
209108,0.12
209109,0.07
209111,0.11
209116,0.13
209117,0.31
209121,0.14
209126,0.11
209127,0.14
209141,0.13
209142,0.09
209159,0.13
209164,0.2
209168,0.24
209177,0.11
209197,0.2
209202,0.13
209209,0.09
209211,0.1
209233,0.22
209234,0.13
209253,0.21
209260,0.13
209263,0.17
209268,0.15
209275,0.12
209288,0.23
209298,0.16
209305,0.08
209326,0.18
209340,0.1
209352,0.19
209362,0.14
209367,0.11
209369,0.12
209377,0.19
209387,0.06
209392,0.12
209393,0.15
209420,0.09
209423,0.24
209457,0.12
209458,0.16
209470,0.28
209479,0.21
209483,0.23
209488,0.27
209489,0.11
209497,0.04
209504,0.14
209510,0.22
209513,0.08
209547,0.09
209549,0.12
209556,0.13
209561,0.22
209565,0.11
209591,0.08
209595,0.13
209596,0.13
209608,0.17
209628,0.1
209643,0.12
209645,0.16
209651,0.13
209659,0.18
209660,0.16
209661,0.19
209665,0.16
209682,0.11
209687,0.17
209689,0.21
209699,0.07
209705,0.15
209707,0.16
209713,0.08
209717,0.11
209718,0.21
209723,0.23
209727,0.1
209729,0.11
209739,0.18
209741,0.18
209744,0.26
209748,0.19
209749,0.16
209758,0.14
209761,0.08
209764,0.21
209772,0.09
209773,0.1
209794,0.11
209795,0.15
209814,0.09
209828,0.15
209838,0.13
209839,0.19
209845,0.18
209855,0.1
209862,0.09
209869,0.15
209872,0.12
209879,0.11
209881,0.15
209882,0.21
209893,0.14
209913,0.08
209918,0.11
209920,0.2
209921,0.11
209929,0.04
209943,0.11
209957,0.11
209960,0.13
209962,0.13
209969,0.14
209980,0.14
209986,0.1
209989,0.11
209990,0.13
209991,0.12
210007,0.09
210016,0.06
210018,0.09
210019,0.09
210020,0.09
210036,0.23
210050,0.14
210080,0.06
210084,0.12
210089,0.19
210104,0.05
210129,0.1
210135,0.13
210137,0.18
210140,0.17
210145,0.08
210146,0.23
210147,0.1
210152,0.04
210157,0.08
210158,0.24
210164,0.2
210170,0.13
210171,0.1
210173,0.21
210174,0.16
210176,0.09
210190,0.12
210191,0.12
210195,0.21
210196,0.12
210201,0.06
210211,0.11
210231,0.05
210239,0.16
210241,0.11
210242,0.12
210255,0.14
210278,0.13
210283,0.11
210284,0.15
210304,0.05
210307,0.15
210330,0.26
210332,0.11
210350,0.19
210379,0.06
210385,0.09
210401,0.12
210405,0.11
210413,0.27
210414,0.24
210415,0.14
210419,0.1
210429,0.1
210467,0.34
210481,0.12
210482,0.05
210492,0.1
210502,0.3
210523,0.14
210525,0.22
210529,0.21
210538,0.14
210543,0.17
210549,0.13
210551,0.16
210555,0.12
210558,0.24
210591,0.05
210597,0.17
210599,0.13
210610,0.07
210616,0.24
210618,0.17
210622,0.19
210639,0.26
210645,0.03
210650,0.09
210672,0.08
210676,0.22
210683,0.1
210697,0.17
210701,0.04
210706,0.23
210712,0.09
210717,0.17
210728,0.18
210729,0.16
210730,0.11
210731,0.09
210733,0.18
210735,0.09
210742,0.18
210748,0.1
210749,0.24
210758,0.13
210767,0.23
210769,0.18
210777,0.16
210789,0.07
210791,0.11
210794,0.09
210811,0.13
210814,0.11
210821,0.23
210833,0.17
210835,0.11
210859,0.15
210862,0.07
210870,0.16
210886,0.13
210893,0.08
210901,0.17
210906,0.2
210913,0.14
210953,0.09
210961,0.09
210962,0.15
210966,0.15
210983,0.18
211000,0.1
211025,0.11
211036,0.1
211043,0.18
211062,0.36
211076,0.12
211085,0.18
211096,0.02
211097,0.34
211098,0.17
211103,0.09
211108,0.25
211131,0.2
211135,0.18
211139,0.04
211146,0.11
211150,0.07
211158,0.12
211170,0.2
211177,0.13
211183,0.17
211187,0.17
211191,0.13
211194,0.22
211196,0.2
211203,0.11
211209,0.18
211210,0.2
211211,0.19
211232,0.15
211244,0.21
211263,0.16
211264,0.1
211270,0.17
211278,0.1
211292,0.1
211293,0.13
211295,0.19
211296,0.21
211308,0.14
211310,0.12
211312,0.16
211325,0.19
211326,0.1
211330,0.11
211333,0.18
211341,0.16
211342,0.11
211350,0.17
211355,0.1
211357,0.21
211358,0.13
211362,0.14
211377,0.1
211378,0.11
211379,0.17
211384,0.19
211395,0.28
211398,0.08
211399,0.16
211417,0.12
211419,0.22
211420,0.11
211439,0.22
211442,0.13
211451,0.07
211457,0.09
211469,0.2
211483,0.09
211505,0.13
211508,0.09
211509,0.14
211510,0.16
211526,0.12
211547,0.12
211548,0.22
211550,0.1
211551,0.13
211553,0.19
211562,0.17
211563,0.12
211564,0.18
211565,0.15
211571,0.33
211572,0.23
211577,0.13
211580,0.17
211609,0.23
211625,0.14
211635,0.28
211646,0.24
211660,0.18
211670,0.1
211672,0.1
211688,0.13
211694,0.15
211696,0.12
211711,0.25
211718,0.14
211732,0.12
211735,0.12
211736,0.13
211740,0.17
211741,0.11
211746,0.09
211751,0.21
211754,0.13
211770,0.11
211771,0.06
211787,0.25
211788,0.08
211802,0.12
211804,0.15
211810,0.13
211832,0.2
211839,0.1
211860,0.19
211863,0.17
211866,0.16
211869,0.21
211872,0.1
211894,0.12
211901,0.14
211902,0.17
211903,0.19
211946,0.14
211950,0.18
211959,0.12
211964,0.13
211965,0.12
211979,0.14
211983,0.15
211986,0.15
211987,0.16
211988,0.11
211999,0.06
212002,0.09
212004,0.15
212009,0.13
212015,0.24
212023,0.15
212048,0.05
212055,0.07
212067,0.11
212079,0.15
212080,0.1
212083,0.09
212085,0.19
212088,0.08
212089,0.15
212092,0.09
212097,0.18
212124,0.12
212132,0.07
212136,0.15
212144,0.13
212145,0.11
212167,0.11
212174,0.33
212175,0.16
212187,0.38
212191,0.04
212194,0.16
212238,0.15
212242,0.11
212245,0.1
212258,0.13
212262,0.11
212277,0.13
212283,0.1
212287,0.11
212288,0.1
212289,0.13
212293,0.27
212296,0.23
212300,0.24
212303,0.13
212326,0.18
212327,0.23
212328,0.14
212329,0.07
212339,0.12
212340,0.09
212343,0.06
212360,0.17
212389,0.2
212401,0.13
212407,0.13
212409,0.14
212422,0.09
212424,0.22
212440,0.1
212441,0.24
212443,0.07
212448,0.14
212472,0.16
212478,0.13
212481,0.09
212493,0.1
212508,0.07
212511,0.08
212525,0.16
212531,0.13
212533,0.13
212555,0.12
212592,0.31
212610,0.12
212621,0.13
212629,0.14
212635,0.09
212636,0.18
212637,0.17
212643,0.13
212648,0.21
212654,0.3
212655,0.13
212660,0.11
212661,0.16
212664,0.11
212669,0.18
212670,0.09
212674,0.15
212676,0.24
212690,0.12
212691,0.08
212696,0.14
212710,0.25
212712,0.08
212716,0.12
212718,0.15
212720,0.14
212723,0.11
212730,0.08
212740,0.11
212747,0.15
212763,0.12
212773,0.06
212775,0.08
212776,0.16
212777,0.19
212781,0.2
212782,0.26
212785,0.09
212786,0.19
212795,0.04
212800,0.26
212818,0.16
212834,0.18
212837,0.18
212841,0.12
212842,0.12
212847,0.18
212848,0.1
212851,0.12
212865,0.16
212866,0.15
212874,0.09
212880,0.08
212894,0.16
212897,0.12
212912,0.14
212913,0.09
212916,0.1
212917,0.1
212933,0.13
212935,0.1
212936,0.13
212950,0.18
212957,0.1
212958,0.14
212961,0.23
212962,0.11
212963,0.19
212964,0.28
212968,0.11
212969,0.11
212976,0.11
212978,0.13
212983,0.12
212993,0.29
213004,0.12
213008,0.15
213014,0.07
213018,0.13
213021,0.12
213024,0.17
213045,0.14
213054,0.09
213059,0.16
213076,0.19
213095,0.1
213096,0.08
213100,0.02
213101,0.1
213109,0.2
213111,0.1
213116,0.12
213133,0.22
213140,0.16
213141,0.07
213143,0.23
213150,0.03
213152,0.07
213158,0.19
213159,0.12
213166,0.24
213167,0.31
213170,0.22
213178,0.2
213179,0.16
213189,0.18
213196,0.18
213201,0.06
213203,0.19
213204,0.1
213205,0.15
213206,0.18
213207,0.15
213208,0.13
213212,0.12
213214,0.16
213220,0.1
213240,0.05
213244,0.13
213263,0.31
213264,0.13
213265,0.08
213270,0.1
213283,0.14
213287,0.08
213292,0.15
213295,0.18
213299,0.17
213303,0.14
213307,0.18
213308,0.09
213312,0.25
213313,0.11
213316,0.13
213317,0.17
213338,0.17
213357,0.14
213368,0.23
213374,0.11
213375,0.14
213386,0.22
213390,0.09
213393,0.11
213401,0.2
213423,0.14
213430,0.1
213431,0.23
213447,0.1
213465,0.17
213468,0.12
213473,0.21
213475,0.14
213476,0.16
213482,0.1
213493,0.16
213531,0.14
213534,0.09
213542,0.09
213546,0.07
213569,0.14
213570,0.11
213588,0.08
213591,0.12
213595,0.09
213597,0.14
213598,0.16
213604,0.15
213622,0.14
213623,0.21
213633,0.05
213639,0.13
213641,0.14
213649,0.1
213671,0.13
213675,0.09
213679,0.11
213680,0.09
213684,0.17
213685,0.11
213689,0.12
213691,0.17
213693,0.05
213712,0.09
213717,0.08
213734,0.14
213739,0.32
213765,0.27
213775,0.09
213776,0.11
213804,0.25
213808,0.04
213818,0.28
213821,0.09
213829,0.14
213836,0.15
213838,0.13
213843,0.14
213854,0.12
213859,0.17
213862,0.29
213874,0.12
213878,0.26
213886,0.07
213888,0.13
213892,0.09
213910,0.12
213921,0.13
213926,0.06
213928,0.09
213935,0.09
213949,0.09
213957,0.3
213959,0.11
213967,0.14
213974,0.11
213975,0.18
213983,0.13
213984,0.11
213998,0.17
214004,0.11
214006,0.13
214008,0.12
214014,0.12
214015,0.15
214034,0.15
214059,0.13
214067,0.08
214077,0.16
214078,0.17
214079,0.12
214085,0.1
214088,0.17
214099,0.12
214138,0.18
214141,0.08
214152,0.18
214154,0.15
214155,0.15
214177,0.15
214188,0.08
214192,0.07
214207,0.1
214217,0.1
214219,0.25
214228,0.25
214229,0.19
214233,0.08
214236,0.13
214242,0.1
214249,0.09
214263,0.1
214264,0.1
214265,0.16
214268,0.16
214281,0.13
214282,0.14
214295,0.13
214311,0.11
214315,0.16
214325,0.07
214334,0.18
214336,0.12
214337,0.15
214342,0.24
214344,0.13
214349,0.12
214355,0.12
214356,0.07
214358,0.15
214363,0.12
214364,0.05
214371,0.17
214377,0.39
214379,0.06
214383,0.24
214406,0.07
214407,0.19
214411,0.12
214415,0.18
214418,0.2
214419,0.1
214421,0.09
214430,0.06
214436,0.12
214463,0.17
214472,0.21
214474,0.23
214476,0.19
214478,0.13
214481,0.11
214484,0.06
214488,0.08
214491,0.13
214505,0.17
214507,0.17
214510,0.16
214518,0.13
214523,0.27
214539,0.08
214542,0.12
214544,0.18
214553,0.06
214554,0.12
214561,0.06
214563,0.15
214566,0.17
214581,0.14
214587,0.1
214588,0.13
214589,0.12
214593,0.13
214620,0.22
214630,0.14
214643,0.13
214644,0.19
214647,0.28
214654,0.15
214657,0.25
214658,0.07
214662,0.14
214666,0.16
214680,0.12
214685,0.09
214693,0.09
214701,0.06
214705,0.09
214706,0.14
214719,0.17
214721,0.28
214724,0.12
214741,0.13
214769,0.18
214777,0.09
214780,0.14
214786,0.1
214789,0.18
214797,0.17
214804,0.1
214808,0.2
214810,0.15
214828,0.27
214830,0.1
214835,0.19
214844,0.1
214859,0.28
214861,0.12
214863,0.08
214887,0.15
214898,0.14
214906,0.16
214913,0.09
214915,0.18
214937,0.12
214944,0.11
214948,0.19
214970,0.19
214976,0.18
214999,0.16
215000,0.18
215016,0.16
215024,0.07
215029,0.23
215033,0.33
215037,0.32
215054,0.11
215057,0.22
215064,0.05
215074,0.13
215077,0.2
215082,0.17
215096,0.1
215101,0.21
215103,0.11
215109,0.05
215124,0.15
215142,0.14
215143,0.09
215145,0.15
215157,0.1
215159,0.05
215161,0.12
215166,0.11
215177,0.19
215186,0.12
215194,0.18
215196,0.11
215204,0.2
215211,0.12
215230,0.26
215241,0.12
215256,0.15
215257,0.22
215266,0.19
215267,0.08
215268,0.09
215278,0.16
215280,0.26
215318,0.21
215326,0.04
215331,0.16
215337,0.06
215344,0.12
215346,0.18
215348,0.17
215351,0.06
215358,0.18
215360,0.16
215367,0.1
215369,0.15
215383,0.07
215395,0.21
215407,0.13
215408,0.18
215412,0.19
215433,0.04
215454,0.11
215463,0.1
215488,0.12
215508,0.19
215512,0.1
215516,0.14
215525,0.19
215531,0.17
215534,0.22
215537,0.1
215539,0.08
215548,0.16
215554,0.1
215556,0.09
215559,0.14
215560,0.1
215563,0.08
215564,0.08
215569,0.17
215574,0.33
215586,0.16
215594,0.15
215608,0.12
215614,0.14
215623,0.14
215628,0.15
215637,0.3
215638,0.24
215649,0.16
215651,0.11
215653,0.18
215678,0.14
215708,0.16
215711,0.13
215733,0.11
215739,0.06
215742,0.05
215756,0.09
215772,0.14
215775,0.16
215791,0.1
215796,0.23
215803,0.12
215805,0.11
215807,0.12
215829,0.11
215855,0.08
215856,0.29
215860,0.09
215861,0.11
215877,0.09
215883,0.09
215889,0.17
215897,0.07
215898,0.07
215901,0.09
215908,0.16
215910,0.44
215911,0.11
215923,0.13
215928,0.18
215934,0.16
215936,0.16
215947,0.11
215951,0.04
215958,0.07
215959,0.13
215963,0.06
215968,0.21
215972,0.16
215976,0.12
215978,0.17
215981,0.11
215999,0.1
216001,0.28
216012,0.13
216020,0.25
216035,0.06
216038,0.24
216041,0.15
216049,0.18
216065,0.08
216096,0.23
216110,0.12
216115,0.2
216121,0.13
216122,0.26
216129,0.14
216131,0.18
216138,0.13
216142,0.21
216143,0.09
216150,0.13
216180,0.24
216184,0.12
216189,0.08
216190,0.22
216197,0.12
216218,0.29
216219,0.1
216221,0.11
216231,0.09
216240,0.18
216272,0.07
216281,0.16
216284,0.1
216290,0.22
216297,0.16
216305,0.16
216306,0.1
216317,0.18
216333,0.08
216338,0.12
216339,0.1
216346,0.13
216349,0.17
216350,0.12
216351,0.12
216353,0.09
216355,0.09
216364,0.13
216387,0.17
216392,0.09
216393,0.16
216399,0.06
216416,0.09
216433,0.15
216435,0.16
216442,0.12
216458,0.13
216461,0.15
216468,0.15
216469,0.11
216471,0.24
216473,0.22
216475,0.13
216496,0.13
216510,0.11
216511,0.13
216515,0.06
216516,0.13
216521,0.15
216532,0.12
216548,0.08
216551,0.21
216560,0.12
216562,0.21
216563,0.17
216565,0.08
216582,0.04
216587,0.14
216589,0.08
216597,0.08
216606,0.17
216607,0.1
216608,0.38
216621,0.12
216622,0.11
216627,0.12
216636,0.14
216647,0.11
216655,0.15
216659,0.22
216666,0.24
216676,0.2
216677,0.11
216679,0.19
216681,0.1
216686,0.13
216687,0.21
216694,0.09
216697,0.13
216714,0.09
216719,0.08
216720,0.11
216721,0.16
216723,0.16
216740,0.07
216746,0.1
216747,0.12
216751,0.17
216758,0.15
216768,0.1
216778,0.19
216786,0.21
216801,0.11
216802,0.26
216807,0.15
216808,0.13
216810,0.19
216818,0.09
216823,0.05
216826,0.24
216827,0.09
216828,0.09
216840,0.26
216844,0.1
216845,0.16
216851,0.15
216857,0.06
216858,0.14
216862,0.16
216874,0.13
216880,0.15
216900,0.18
216902,0.09
216903,0.06
216904,0.1
216931,0.09
216936,0.1
216938,0.29
216952,0.2
216954,0.11
216955,0.1
216961,0.14
216981,0.19
216985,0.1
216992,0.09
216995,0.15
216997,0.07
216998,0.12
216999,0.1
217022,0.16
217034,0.13
217038,0.08
217050,0.13
217055,0.13
217064,0.11
217071,0.16
217078,0.09
217083,0.15
217084,0.1
217086,0.25
217096,0.15
217101,0.28
217109,0.07
217118,0.15
217121,0.27
217125,0.17
217130,0.19
217136,0.26
217137,0.09
217143,0.12
217148,0.18
217155,0.13
217162,0.12
217172,0.15
217174,0.14
217175,0.19
217177,0.12
217178,0.15
217192,0.14
217220,0.09
217221,0.15
217223,0.08
217232,0.12
217243,0.2
217248,0.18
217250,0.13
217271,0.16
217283,0.13
217297,0.32
217323,0.19
217326,0.09
217334,0.15
217338,0.15
217341,0.16
217342,0.18
217355,0.03
217362,0.12
217366,0.22
217367,0.08
217371,0.16
217383,0.18
217401,0.14
217404,0.12
217419,0.12
217422,0.16
217423,0.07
217427,0.2
217429,0.15
217430,0.08
217441,0.18
217444,0.16
217465,0.12
217471,0.08
217488,0.15
217493,0.12
217509,0.27
217510,0.12
217511,0.19
217519,0.07
217522,0.23
217562,0.12
217574,0.14
217577,0.06
217579,0.14
217596,0.14
217602,0.08
217612,0.1
217632,0.1
217635,0.11
217636,0.19
217638,0.21
217639,0.13
217651,0.13
217652,0.11
217663,0.41
217669,0.08
217686,0.15
217699,0.12
217700,0.27
217703,0.13
217706,0.13
217714,0.13
217732,0.11
217736,0.18
217749,0.4
217763,0.11
217770,0.1
217771,0.08
217772,0.25
217776,0.08
217777,0.11
217778,0.16
217782,0.12
217790,0.22
217792,0.08
217793,0.18
217795,0.25
217796,0.06
217800,0.08
217804,0.15
217807,0.1
217846,0.16
217847,0.23
217853,0.09
217856,0.11
217864,0.14
217867,0.19
217868,0.29
217885,0.17
217887,0.12
217889,0.11
217900,0.17
217903,0.09
217905,0.15
217909,0.14
217913,0.08
217944,0.16
217946,0.15
217954,0.09
217956,0.17
217957,0.14
217961,0.39
217962,0.17
217976,0.06
217980,0.16
217981,0.07
218006,0.14
218009,0.12
218032,0.27
218049,0.08
218053,0.16
218078,0.09
218080,0.2
218081,0.07
218094,0.17
218098,0.2
218099,0.19
218100,0.13
218113,0.09
218117,0.17
218118,0.1
218119,0.12
218125,0.15
218133,0.08
218153,0.18
218165,0.06
218166,0.12
218177,0.19
218178,0.12
218202,0.16
218203,0.16
218207,0.31
218209,0.13
218236,0.16
218244,0.13
218247,0.14
218250,0.09
218266,0.15
218275,0.16
218276,0.06
218287,0.11
218292,0.16
218298,0.14
218300,0.02
218320,0.1
218321,0.16
218333,0.12
218347,0.06
218353,0.13
218366,0.13
218368,0.16
218369,0.11
218372,0.16
218376,0.1
218378,0.14
218403,0.13
218413,0.21
218418,0.13
218449,0.25
218450,0.24
218458,0.03
218464,0.12
218475,0.08
218476,0.21
218478,0.08
218515,0.11
218517,0.13
218518,0.16
218538,0.13
218539,0.24
218550,0.22
218551,0.05
218565,0.21
218580,0.03
218591,0.12
218598,0.09
218600,0.11
218602,0.12
218607,0.12
218651,0.1
218652,0.06
218656,0.35
218658,0.06
218669,0.12
218670,0.14
218671,0.14
218677,0.16
218680,0.17
218685,0.12
218686,0.23
218692,0.11
218693,0.16
218699,0.27
218709,0.02
218729,0.17
218734,0.12
218742,0.08
218743,0.1
218756,0.14
218772,0.24
218782,0.11
218786,0.12
218788,0.19
218796,0.16
218801,0.1
218812,0.2
218832,0.18
218834,0.11
218846,0.25
218847,0.24
218848,0.06
218853,0.17
218865,0.17
218870,0.17
218873,0.11
218884,0.06
218893,0.18
218898,0.08
218911,0.07
218933,0.24
218934,0.13
218939,0.11
218948,0.15
218957,0.18
218962,0.23
218973,0.12
218975,0.19
219000,0.12
219001,0.13
219006,0.12
219027,0.12
219036,0.11
219043,0.21
219047,0.19
219057,0.07
219059,0.37
219062,0.15
219074,0.1
219085,0.07
219087,0.2
219095,0.14
219114,0.1
219115,0.14
219119,0.14
219140,0.1
219147,0.11
219170,0.06
219171,0.22
219174,0.22
219177,0.08
219180,0.08
219195,0.13
219203,0.16
219207,0.15
219223,0.15
219229,0.14
219236,0.08
219238,0.18
219243,0.17
219245,0.08
219247,0.23
219273,0.12
219278,0.09
219279,0.11
219284,0.11
219319,0.04
219326,0.14
219336,0.23
219344,0.14
219359,0.16
219360,0.12
219364,0.12
219368,0.2
219376,0.11
219382,0.07
219388,0.24
219396,0.21
219398,0.17
219403,0.05
219405,0.14
219406,0.1
219410,0.3
219424,0.09
219446,0.12
219450,0.06
219451,0.15
219464,0.12
219465,0.14
219469,0.18
219472,0.26
219482,0.17
219506,0.1
219507,0.15
219516,0.08
219521,0.24
219564,0.3
219565,0.1
219568,0.08
219570,0.09
219578,0.02
219579,0.25
219588,0.04
219593,0.11
219594,0.12
219601,0.1
219608,0.16
219616,0.15
219620,0.17
219621,0.15
219628,0.07
219632,0.28
219637,0.09
219670,0.13
219688,0.08
219704,0.17
219717,0.11
219723,0.18
219741,0.17
219772,0.21
219774,0.1
219775,0.14
219778,0.12
219787,0.17
219788,0.12
219806,0.17
219811,0.1
219815,0.17
219817,0.07
219835,0.14
219845,0.09
219848,0.12
219864,0.1
219866,0.13
219868,0.14
219870,0.06
219886,0.15
219908,0.13
219910,0.19
219914,0.17
219925,0.17
219935,0.24
219940,0.21
219959,0.22
219962,0.18
219975,0.12
219981,0.22
219998,0.08
219999,0.17
220006,0.1
220010,0.23
220012,0.15
220014,0.14
220018,0.14
220019,0.21
220021,0.12
220058,0.07
220060,0.19
220061,0.13
220063,0.12
220066,0.17
220070,0.19
220071,0.12
220082,0.17
220094,0.12
220107,0.11
220114,0.11
220120,0.1
220126,0.13
220143,0.05
220147,0.12
220157,0.14
220160,0.22
220169,0.11
220177,0.07
220181,0.06
220186,0.14
220189,0.12
220206,0.32
220221,0.09
220227,0.13
220228,0.12
220248,0.15
220277,0.27
220304,0.29
220311,0.07
220315,0.15
220316,0.11
220323,0.1
220325,0.16
220358,0.13
220363,0.21
220369,0.15
220370,0.14
220380,0.11
220386,0.2
220387,0.14
220393,0.13
220394,0.13
220412,0.2
220415,0.18
220416,0.21
220417,0.14
220418,0.17
220422,0.11
220431,0.12
220439,0.17
220456,0.12
220458,0.07
220468,0.08
220474,0.05
220479,0.11
220494,0.09
220501,0.23
220503,0.1
220511,0.11
220514,0.13
220516,0.25
220521,0.22
220530,0.11
220562,0.14
220565,0.09
220582,0.18
220594,0.13
220600,0.35
220614,0.1
220621,0.14
220624,0.1
220629,0.07
220632,0.08
220639,0.06
220655,0.14
220664,0.05
220670,0.13
220686,0.12
220699,0.06
220714,0.22
220729,0.21
220732,0.2
220733,0.11
220735,0.13
220740,0.14
220741,0.16
220747,0.22
220748,0.14
220749,0.14
220755,0.13
220764,0.12
220767,0.23
220772,0.1
220779,0.14
220781,0.11
220790,0.11
220806,0.17
220811,0.15
220816,0.13
220822,0.07
220827,0.16
220828,0.14
220829,0.18
220832,0.12
220833,0.16
220841,0.18
220842,0.26
220856,0.16
220874,0.14
220881,0.13
220882,0.2
220887,0.1
220893,0.08
220909,0.1
220916,0.12
220917,0.2
220918,0.08
220924,0.14
220931,0.13
220932,0.15
220949,0.09
220950,0.16
220956,0.07
220972,0.07
220994,0.13
221004,0.23
221008,0.17
221011,0.1
221030,0.03
221032,0.04
221035,0.08
221058,0.24
221059,0.1
221075,0.13
221079,0.13
221080,0.16
221107,0.11
221116,0.29
221129,0.24
221148,0.13
221158,0.13
221165,0.17
221169,0.22
221171,0.11
221198,0.25
221202,0.16
221205,0.18
221223,0.17
221227,0.19
221228,0.19
221234,0.08
221242,0.14
221252,0.16
221256,0.14
221260,0.1
221261,0.17
221264,0.08
221267,0.13
221272,0.13
221284,0.13
221292,0.21
221311,0.13
221322,0.13
221327,0.15
221339,0.14
221371,0.08
221372,0.16
221404,0.11
221411,0.13
221438,0.09
221451,0.17
221465,0.22
221477,0.17
221483,0.11
221493,0.29
221495,0.13
221498,0.11
221500,0.15
221506,0.12
221513,0.12
221523,0.22
221528,0.14
221529,0.18
221530,0.19
221531,0.17
221549,0.08
221550,0.17
221565,0.23
221570,0.11
221573,0.08
221575,0.12
221576,0.24
221604,0.21
221615,0.09
221626,0.12
221629,0.27
221630,0.11
221636,0.21
221656,0.11
221659,0.19
221663,0.14
221665,0.13
221675,0.15
221676,0.21
221677,0.1
221679,0.15
221707,0.07
221712,0.15
221717,0.07
221725,0.14
221733,0.19
221741,0.07
221747,0.06
221762,0.13
221763,0.15
221770,0.12
221771,0.06
221787,0.03
221793,0.12
221804,0.21
221805,0.04
221825,0.15
221827,0.26
221828,0.2
221829,0.15
221845,0.09
221859,0.13
221860,0.11
221867,0.13
221868,0.11
221870,0.15
221876,0.12
221884,0.24
221895,0.15
221911,0.18
221921,0.09
221931,0.2
221935,0.16
221955,0.13
221959,0.08
221966,0.23
221974,0.18
221981,0.11
222002,0.19
222010,0.13
222012,0.09
222013,0.24
222023,0.15
222034,0.13
222048,0.18
222052,0.21
222059,0.15
222060,0.17
222061,0.1
222067,0.1
222076,0.2
222081,0.19
222120,0.13
222121,0.13
222133,0.12
222149,0.13
222150,0.13
222153,0.16
222154,0.11
222159,0.11
222165,0.15
222167,0.08
222170,0.16
222178,0.3
222179,0.15
222188,0.13
222189,0.1
222195,0.15
222198,0.23
222224,0.07
222234,0.09
222254,0.14
222256,0.19
222264,0.14
222281,0.18
222296,0.28
222303,0.21
222309,0.12
222310,0.07
222313,0.22
222321,0.21
222322,0.11
222328,0.25
222333,0.17
222334,0.12
222338,0.12
222347,0.16
222349,0.11
222351,0.13
222352,0.19
222357,0.11
222362,0.1
222381,0.28
222392,0.09
222401,0.17
222413,0.17
222422,0.15
222423,0.22
222430,0.07
222432,0.22
222452,0.15
222459,0.19
222473,0.11
222475,0.06
222481,0.23
222482,0.18
222489,0.1
222496,0.16
222505,0.11
222516,0.15
222537,0.11
222555,0.15
222566,0.26
222572,0.09
222577,0.17
222618,0.13
222619,0.05
222624,0.12
222625,0.11
222626,0.12
222629,0.16
222634,0.08
222636,0.26
222637,0.09
222641,0.09
222646,0.16
222648,0.17
222659,0.14
222663,0.05
222665,0.16
222671,0.14
222674,0.13
222675,0.13
222707,0.13
222709,0.16
222711,0.14
222717,0.14
222728,0.12
222752,0.24
222753,0.1
222755,0.05
222765,0.13
222768,0.2
222769,0.24
222783,0.17
222799,0.16
222821,0.12
222825,0.16
222837,0.24
222862,0.17
222863,0.18
222869,0.15
222876,0.12
222892,0.13
222898,0.11
222912,0.06
222920,0.13
222926,0.15
222934,0.17
222938,0.13
222945,0.15
222947,0.07
222966,0.18
222971,0.13
222994,0.15
223008,0.16
223019,0.11
223040,0.18
223042,0.18
223049,0.1
223051,0.1
223056,0.11
223058,0.12
223064,0.12
223067,0.11
223073,0.24
223075,0.09
223078,0.15
223079,0.12
223082,0.2
223098,0.29
223112,0.14
223116,0.2
223121,0.07
223128,0.24
223135,0.11
223136,0.11
223144,0.13
223151,0.13
223157,0.23
223181,0.07
223190,0.21
223197,0.08
223205,0.17
223209,0.12
223221,0.24
223235,0.17
223238,0.1
223244,0.19
223258,0.15
223262,0.07
223272,0.22
223288,0.12
223298,0.12
223310,0.16
223320,0.07
223357,0.25
223365,0.14
223369,0.12
223375,0.15
223384,0.07
223393,0.05
223412,0.13
223428,0.11
223440,0.25
223456,0.24
223470,0.18
223471,0.15
223484,0.1
223488,0.17
223489,0.12
223490,0.15
223492,0.12
223496,0.13
223503,0.07
223507,0.15
223518,0.18
223519,0.08
223521,0.13
223524,0.05
223526,0.08
223527,0.23
223529,0.11
223534,0.16
223538,0.21
223547,0.14
223549,0.06
223551,0.22
223552,0.1
223567,0.09
223571,0.25
223582,0.08
223584,0.19
223585,0.24
223586,0.08
223588,0.07
223592,0.12
223594,0.05
223607,0.19
223608,0.12
223609,0.19
223610,0.07
223611,0.09
223635,0.08
223636,0.11
223638,0.15
223649,0.06
223670,0.21
223688,0.12
223698,0.12
223699,0.22
223716,0.19
223718,0.15
223720,0.09
223727,0.07
223729,0.07
223739,0.12
223740,0.15
223741,0.09
223750,0.05
223752,0.14
223764,0.19
223781,0.1
223783,0.16
223794,0.07
223808,0.17
223810,0.26
223814,0.15
223817,0.19
223830,0.15
223839,0.09
223849,0.18
223851,0.37
223854,0.16
223888,0.33
223914,0.11
223923,0.12
223925,0.12
223939,0.12
223949,0.1
223951,0.24
223952,0.17
223967,0.06
223971,0.31
223974,0.09
223978,0.19
223991,0.2
224008,0.12
224016,0.17
224024,0.1
224039,0.11
224040,0.13
224044,0.17
224047,0.12
224055,0.07
224061,0.17
224065,0.14
224079,0.2
224080,0.06
224089,0.17
224094,0.21
224095,0.18
224109,0.1
224111,0.18
224112,0.14
224134,0.22
224135,0.24
224138,0.2
224139,0.07
224158,0.13
224161,0.2
224171,0.24
224182,0.17
224191,0.1
224194,0.11
224195,0.14
224205,0.12
224206,0.26
224211,0.03
224213,0.11
224214,0.14
224236,0.11
224239,0.18
224241,0.09
224251,0.16
224259,0.22
224262,0.13
224263,0.11
224268,0.11
224270,0.13
224282,0.19
224300,0.08
224315,0.11
224319,0.09
224325,0.1
224337,0.16
224339,0.12
224343,0.13
224344,0.23
224347,0.27
224353,0.15
224363,0.15
224370,0.1
224379,0.12
224380,0.07
224393,0.18
224395,0.16
224407,0.14
224408,0.15
224426,0.11
224427,0.12
224428,0.1
224437,0.33
224444,0.08
224445,0.12
224459,0.08
224473,0.2
224488,0.3
224490,0.35
224493,0.21
224494,0.14
224495,0.09
224499,0.1
224524,0.11
224528,0.13
224538,0.34
224553,0.13
224554,0.1
224575,0.12
224586,0.11
224593,0.08
224599,0.2
224614,0.11
224625,0.08
224626,0.13
224627,0.13
224628,0.27
224631,0.05
224651,0.2
224658,0.14
224664,0.18
224668,0.04
224673,0.14
224674,0.19
224683,0.14
224708,0.18
224748,0.18
224756,0.06
224757,0.08
224760,0.09
224771,0.22
224772,0.11
224797,0.21
224823,0.17
224831,0.11
224841,0.11
224843,0.16
224844,0.11
224849,0.11
224855,0.15
224856,0.14
224864,0.13
224871,0.12
224876,0.1
224889,0.08
224896,0.2
224899,0.14
224912,0.13
224916,0.19
224918,0.14
224925,0.09
224929,0.11
224934,0.08
224950,0.25
224953,0.14
224956,0.13
224958,0.11
224960,0.1
224971,0.13
224975,0.15
224978,0.15
224986,0.14
224987,0.17
224990,0.1
225010,0.13
225041,0.11
225044,0.09
225045,0.13
225048,0.09
225053,0.27
225058,0.13
225075,0.11
225085,0.12
225103,0.1
225107,0.06
225114,0.09
225122,0.16
225130,0.14
225131,0.18
225132,0.14
225134,0.1
225136,0.09
225141,0.16
225145,0.13
225146,0.14
225156,0.13
225158,0.22
225165,0.13
225185,0.14
225194,0.17
225195,0.15
225223,0.23
225224,0.21
225231,0.16
225233,0.12
225246,0.13
225281,0.2
225286,0.14
225301,0.22
225302,0.14
225336,0.1
225347,0.17
225351,0.08
225362,0.11
225363,0.04
225364,0.17
225370,0.12
225374,0.15
225375,0.14
225380,0.07
225381,0.15
225382,0.13
225392,0.1
225410,0.12
225425,0.25
225431,0.08
225456,0.07
225460,0.21
225475,0.17
225478,0.14
225483,0.13
225499,0.18
225514,0.23
225517,0.15
225524,0.24
225532,0.08
225545,0.2
225546,0.1
225550,0.06
225580,0.15
225581,0.2
225582,0.11
225585,0.19
225601,0.13
225612,0.15
225621,0.07
225636,0.14
225639,0.11
225650,0.13
225654,0.12
225664,0.14
225665,0.21
225666,0.06
225686,0.08
225689,0.1
225691,0.07
225721,0.16
225733,0.11
225739,0.11
225741,0.2
225766,0.07
225776,0.13
225788,0.1
225792,0.13
225803,0.08
225804,0.13
225805,0.28
225808,0.11
225819,0.11
225826,0.09
225832,0.17
225850,0.09
225851,0.11
225854,0.1
225858,0.2
225875,0.09
225884,0.14
225890,0.05
225906,0.11
225908,0.14
225910,0.26
225920,0.27
225950,0.19
225990,0.15
225991,0.12
226010,0.16
226011,0.18
226018,0.1
226029,0.19
226030,0.12
226041,0.14
226044,0.09
226051,0.17
226054,0.1
226085,0.18
226105,0.14
226116,0.39
226130,0.2
226131,0.16
226170,0.13
226171,0.13
226176,0.2
226177,0.11
226183,0.05
226187,0.18
226188,0.18
226190,0.26
226206,0.12
226213,0.19
226214,0.16
226226,0.16
226244,0.12
226245,0.08
226251,0.11
226258,0.1
226259,0.1
226265,0.12
226291,0.27
226294,0.14
226299,0.1
226300,0.21
226301,0.24
226302,0.15
226308,0.12
226309,0.1
226318,0.1
226319,0.25
226320,0.14
226325,0.17
226334,0.17
226337,0.19
226348,0.18
226353,0.05
226361,0.12
226387,0.09
226395,0.16
226413,0.08
226416,0.1
226427,0.06
226433,0.15
226447,0.14
226487,0.12
226495,0.2
226496,0.1
226499,0.17
226501,0.13
226505,0.2
226506,0.07
226507,0.11
226516,0.07
226523,0.22
226527,0.17
226533,0.1
226537,0.12
226539,0.18
226551,0.18
226556,0.15
226557,0.11
226561,0.24
226565,0.12
226567,0.09
226590,0.16
226599,0.14
226639,0.2
226654,0.18
226664,0.14
226668,0.18
226677,0.13
226682,0.18
226689,0.1
226691,0.07
226698,0.16
226713,0.06
226720,0.13
226734,0.1
226735,0.15
226738,0.15
226742,0.11
226763,0.07
226766,0.18
226772,0.09
226779,0.16
226780,0.16
226787,0.29
226790,0.41
226792,0.15
226797,0.14
226803,0.16
226807,0.16
226827,0.04
226828,0.08
226836,0.07
226837,0.06
226838,0.17
226847,0.19
226881,0.15
226882,0.09
226884,0.1
226917,0.16
226921,0.21
226933,0.19
226938,0.35
226948,0.06
226952,0.21
226954,0.15
226965,0.14
226970,0.1
226977,0.29
226986,0.07
227005,0.11
227009,0.1
227010,0.08
227013,0.15
227019,0.11
227025,0.17
227026,0.11
227027,0.09
227029,0.1
227049,0.15
227053,0.06
227054,0.14
227058,0.22
227074,0.15
227099,0.07
227100,0.16
227109,0.09
227111,0.2
227112,0.13
227125,0.16
227145,0.19
227148,0.24
227151,0.13
227160,0.1
227165,0.16
227200,0.16
227210,0.14
227213,0.2
227235,0.08
227242,0.12
227245,0.22
227246,0.11
227248,0.17
227251,0.18
227252,0.14
227258,0.12
227264,0.16
227270,0.18
227272,0.08
227274,0.15
227281,0.18
227290,0.15
227293,0.11
227299,0.16
227306,0.08
227323,0.1
227325,0.1
227326,0.07
227332,0.09
227336,0.12
227343,0.15
227344,0.1
227345,0.2
227348,0.15
227360,0.14
227376,0.07
227386,0.16
227392,0.15
227393,0.16
227401,0.09
227404,0.2
227413,0.13
227420,0.21
227459,0.08
227460,0.13
227462,0.12
227463,0.13
227481,0.21
227482,0.05
227485,0.25
227486,0.14
227493,0.1
227500,0.09
227501,0.11
227502,0.17
227506,0.13
227523,0.17
227525,0.14
227531,0.07
227532,0.22
227535,0.16
227542,0.13
227545,0.17
227566,0.12
227578,0.22
227585,0.25
227586,0.12
227587,0.13
227590,0.11
227595,0.16
227596,0.06
227597,0.18
227600,0.12
227621,0.23
227637,0.22
227640,0.27
227649,0.12
227653,0.14
227674,0.18
227675,0.1
227680,0.14
227696,0.08
227701,0.4
227707,0.21
227713,0.14
227715,0.22
227728,0.16
227730,0.1
227731,0.09
227732,0.11
227736,0.08
227739,0.19
227740,0.48
227741,0.15
227742,0.3
227745,0.16
227749,0.35
227752,0.04
227756,0.32
227769,0.14
227779,0.14
227783,0.12
227799,0.1
227803,0.07
227818,0.24
227822,0.18
227823,0.17
227824,0.14
227825,0.16
227826,0.11
227833,0.11
227834,0.1
227837,0.11
227839,0.06
227856,0.17
227872,0.06
227876,0.14
227905,0.15
227908,0.15
227909,0.32
227912,0.09
227917,0.14
227931,0.19
227936,0.16
227939,0.14
227941,0.13
227942,0.08
227944,0.12
227945,0.16
227952,0.18
227954,0.15
227968,0.1
227975,0.12
227989,0.18
227992,0.13
227993,0.2
227996,0.11
227997,0.15
227998,0.15
228040,0.18
228044,0.17
228045,0.08
228046,0.12
228051,0.16
228052,0.18
228053,0.25
228059,0.15
228062,0.07
228070,0.09
228074,0.08
228077,0.13
228078,0.17
228097,0.17
228099,0.21
228100,0.16
228102,0.27
228103,0.16
228104,0.2
228107,0.14
228117,0.13
228123,0.22
228125,0.08
228130,0.14
228134,0.09
228141,0.2
228153,0.25
228163,0.17
228164,0.06
228166,0.13
228168,0.14
228169,0.17
228183,0.27
228198,0.12
228199,0.12
228201,0.12
228207,0.23
228209,0.1
228219,0.13
228239,0.15
228248,0.11
228260,0.11
228268,0.25
228280,0.13
228282,0.16
228288,0.08
228289,0.03
228295,0.09
228296,0.08
228297,0.1
228298,0.08
228299,0.14
228301,0.08
228322,0.2
228324,0.13
228332,0.06
228334,0.12
228342,0.15
228351,0.11
228354,0.13
228355,0.08
228362,0.11
228375,0.12
228383,0.08
228389,0.08
228392,0.17
228411,0.12
228414,0.15
228420,0.1
228424,0.15
228426,0.1
228429,0.09
228447,0.17
228455,0.08
228458,0.15
228467,0.33
228472,0.15
228479,0.06
228482,0.19
228488,0.15
228489,0.23
228499,0.12
228501,0.09
228502,0.15
228503,0.18
228509,0.09
228512,0.13
228514,0.11
228519,0.14
228530,0.08
228534,0.27
228536,0.08
228537,0.12
228538,0.18
228539,0.13
228557,0.14
228591,0.16
228592,0.11
228608,0.2
228609,0.14
228636,0.16
228647,0.18
228656,0.21
228657,0.12
228661,0.17
228663,0.1
228671,0.11
228682,0.17
228697,0.1
228698,0.1
228712,0.1
228713,0.13
228729,0.13
228730,0.12
228737,0.23
228744,0.2
228752,0.16
228761,0.33
228763,0.31
228764,0.04
228770,0.1
228774,0.14
228781,0.14
228792,0.12
228794,0.35
228796,0.11
228799,0.2
228808,0.25
228809,0.16
228810,0.15
228813,0.05
228821,0.29
228826,0.15
228830,0.17
228831,0.12
228835,0.17
228854,0.12
228855,0.03
228863,0.13
228869,0.13
228872,0.19
228885,0.26
228888,0.15
228889,0.12
228890,0.15
228891,0.1
228894,0.21
228902,0.19
228907,0.08
228915,0.12
228918,0.26
228919,0.12
228933,0.14
228946,0.08
228947,0.22
228954,0.12
228956,0.17
228958,0.09
228969,0.19
228973,0.13
228978,0.09
228979,0.25
228988,0.06
228995,0.19
229019,0.22
229037,0.12
229041,0.09
229042,0.11
229046,0.13
229048,0.12
229053,0.07
229064,0.33
229073,0.14
229074,0.08
229077,0.16
229095,0.22
229100,0.14
229103,0.16
229104,0.1
229105,0.09
229107,0.09
229115,0.11
229117,0.2
229118,0.08
229124,0.19
229125,0.07
229130,0.2
229157,0.12
229162,0.08
229185,0.2
229195,0.12
229201,0.18
229202,0.1
229219,0.06
229220,0.11
229223,0.21
229224,0.18
229229,0.11
229233,0.15
229255,0.09
229261,0.13
229262,0.14
229271,0.19
229276,0.14
229277,0.1
229278,0.21
229280,0.17
229298,0.03
229301,0.08
229316,0.17
229325,0.11
229329,0.11
229334,0.13
229336,0.14
229337,0.19
229342,0.08
229349,0.14
229357,0.1
229369,0.18
229374,0.11
229402,0.1
229427,0.05
229452,0.26
229455,0.19
229459,0.25
229462,0.08
229482,0.15
229488,0.09
229496,0.27
229507,0.2
229508,0.13
229531,0.17
229576,0.14
229595,0.11
229602,0.18
229609,0.15
229610,0.25
229614,0.17
229615,0.18
229631,0.15
229632,0.22
229638,0.1
229647,0.16
229651,0.06
229659,0.09
229663,0.22
229671,0.09
229672,0.08
229675,0.11
229684,0.15
229687,0.11
229705,0.14
229711,0.1
229713,0.13
229714,0.16
229731,0.15
229738,0.16
229742,0.13
229745,0.07
229746,0.12
229749,0.21
229765,0.27
229767,0.08
229779,0.2
229782,0.09
229802,0.25
229805,0.13
229810,0.46
229816,0.1
229828,0.28
229838,0.16
229850,0.29
229858,0.08
229860,0.09
229877,0.17
229888,0.15
229894,0.14
229898,0.23
229905,0.16
229912,0.31
229913,0.08
229921,0.26
229923,0.13
229930,0.08
229962,0.05
229963,0.19
229977,0.2
229984,0.24
229998,0.12
230012,0.15
230016,0.23
230020,0.16
230024,0.33
230037,0.07
230038,0.11
230040,0.11
230042,0.13
230044,0.15
230050,0.17
230056,0.13
230067,0.15
230076,0.14
230077,0.23
230084,0.24
230098,0.11
230107,0.17
230116,0.08
230119,0.07
230121,0.14
230122,0.04
230135,0.24
230139,0.1
230179,0.11
230180,0.13
230185,0.09
230192,0.09
230203,0.2
230216,0.22
230226,0.23
230260,0.28
230268,0.16
230289,0.26
230296,0.14
230317,0.09
230328,0.24
230329,0.35
230330,0.06
230332,0.1
230338,0.13
230343,0.21
230344,0.21
230349,0.11
230369,0.14
230379,0.12
230391,0.12
230393,0.23
230394,0.11
230402,0.12
230404,0.18
230416,0.13
230417,0.25
230423,0.2
230427,0.16
230448,0.18
230449,0.05
230451,0.07
230453,0.12
230454,0.13
230457,0.08
230458,0.18
230459,0.23
230461,0.14
230464,0.2
230494,0.14
230517,0.12
230520,0.2
230521,0.14
230534,0.12
230553,0.1
230581,0.16
230585,0.14
230590,0.1
230592,0.12
230605,0.1
230610,0.09
230623,0.09
230628,0.17
230629,0.08
230640,0.09
230641,0.16
230642,0.06
230655,0.12
230656,0.1
230662,0.12
230675,0.12
230677,0.09
230688,0.04
230709,0.19
230716,0.18
230742,0.11
230748,0.14
230763,0.13
230779,0.19
230780,0.2
230781,0.21
230783,0.14
230788,0.21
230789,0.16
230792,0.11
230817,0.13
230820,0.08
230827,0.24
230828,0.15
230860,0.15
230864,0.22
230875,0.11
230878,0.04
230880,0.2
230929,0.12
230931,0.17
230934,0.15
230939,0.07
230940,0.14
230941,0.15
230942,0.21
230982,0.1
231028,0.14
231031,0.15
231039,0.16
231048,0.13
231065,0.17
231076,0.15
231079,0.08
231082,0.16
231086,0.2
231107,0.14
231118,0.14
231127,0.12
231134,0.09
231136,0.05
231137,0.09
231156,0.19
231160,0.1
231175,0.1
231177,0.04
231189,0.16
231191,0.15
231194,0.17
231198,0.19
231203,0.25
231211,0.2
231226,0.18
231245,0.16
231257,0.23
231268,0.17
231279,0.05
231290,0.18
231298,0.13
231299,0.14
231301,0.11
231306,0.16
231312,0.17
231314,0.1
231326,0.36
231343,0.11
231353,0.14
231359,0.19
231364,0.09
231387,0.12
231392,0.09
231409,0.14
231423,0.12
231427,0.11
231429,0.26
231433,0.11
231437,0.1
231448,0.11
231454,0.24
231460,0.15
231480,0.1
231496,0.07
231504,0.2
231513,0.09
231516,0.08
231523,0.11
231529,0.09
231532,0.11
231533,0.3
231542,0.1
231546,0.14
231554,0.14
231556,0.2
231561,0.11
231562,0.14
231563,0.11
231568,0.12
231589,0.07
231598,0.2
231616,0.19
231628,0.07
231637,0.23
231641,0.13
231656,0.24
231679,0.1
231682,0.24
231689,0.08
231690,0.08
231713,0.18
231716,0.08
231726,0.11
231734,0.15
231736,0.12
231742,0.13
231754,0.14
231757,0.13
231758,0.1
231761,0.19
231771,0.14
231773,0.14
231782,0.13
231785,0.22
231786,0.03
231789,0.09
231790,0.13
231791,0.18
231804,0.14
231835,0.03
231837,0.09
231840,0.14
231845,0.2
231863,0.22
231867,0.16
231874,0.25
231877,0.13
231887,0.25
231892,0.13
231899,0.12
231912,0.37
231914,0.19
231924,0.17
231927,0.18
231935,0.11
231938,0.16
231940,0.19
231947,0.16
231954,0.07
231955,0.15
231956,0.19
231969,0.16
231982,0.1
231983,0.11
231984,0.1
231987,0.14
232006,0.09
232012,0.11
232022,0.12
232023,0.19
232028,0.13
232034,0.12
232047,0.22
232050,0.15
232054,0.11
232063,0.21
232066,0.14
232081,0.23
232083,0.12
232094,0.15
232103,0.13
232108,0.08
232110,0.08
232122,0.17
232123,0.14
232132,0.13
232148,0.28
232149,0.13
232152,0.19
232157,0.22
232164,0.18
232170,0.2
232172,0.16
232174,0.07
232177,0.16
232227,0.09
232228,0.11
232237,0.09
232256,0.18
232275,0.07
232278,0.08
232279,0.12
232282,0.16
232285,0.12
232288,0.15
232301,0.21
232303,0.07
232309,0.12
232325,0.17
232329,0.14
232331,0.08
232335,0.24
232370,0.24
232371,0.09
232372,0.15
232390,0.23
232391,0.08
232392,0.11
232410,0.07
232423,0.1
232426,0.11
232428,0.28
232450,0.24
232466,0.13
232478,0.22
232493,0.16
232506,0.25
232516,0.17
232518,0.13
232530,0.13
232534,0.07
232535,0.19
232541,0.08
232547,0.07
232552,0.15
232558,0.16
232559,0.09
232560,0.11
232566,0.09
232570,0.08
232575,0.15
232578,0.09
232590,0.13
232615,0.13
232640,0.41
232643,0.08
232664,0.21
232676,0.18
232699,0.16
232702,0.14
232720,0.1
232733,0.2
232736,0.07
232738,0.1
232752,0.08
232758,0.09
232779,0.12
232784,0.17
232790,0.16
232799,0.16
232823,0.04
232824,0.12
232842,0.09
232849,0.08
232853,0.1
232859,0.15
232862,0.11
232864,0.09
232866,0.09
232869,0.1
232871,0.08
232876,0.23
232881,0.14
232898,0.09
232899,0.16
232914,0.25
232917,0.2
232923,0.1
232925,0.13
232942,0.18
232943,0.16
232965,0.11
232968,0.2
232972,0.17
232980,0.26
232999,0.05
233013,0.16
233021,0.36
233022,0.1
233054,0.14
233059,0.22
233065,0.15
233071,0.13
233074,0.08
233093,0.09
233095,0.13
233102,0.06
233104,0.14
233107,0.1
233108,0.14
233109,0.26
233112,0.22
233113,0.18
233122,0.14
233125,0.11
233126,0.17
233170,0.11
233171,0.11
233172,0.3
233175,0.06
233179,0.09
233189,0.2
233223,0.15
233224,0.13
233228,0.09
233247,0.18
233249,0.27
233263,0.13
233271,0.17
233273,0.09
233301,0.1
233305,0.18
233310,0.23
233311,0.21
233312,0.1
233324,0.13
233326,0.25
233327,0.1
233335,0.14
233349,0.16
233352,0.18
233362,0.14
233373,0.15
233390,0.27
233393,0.24
233400,0.08
233401,0.16
233404,0.15
233405,0.16
233406,0.14
233411,0.17
233421,0.11
233423,0.09
233424,0.09
233427,0.29
233429,0.25
233431,0.1
233432,0.13
233438,0.1
233448,0.08
233450,0.17
233451,0.09
233453,0.12
233480,0.11
233482,0.13
233483,0.22
233489,0.31
233490,0.19
233496,0.23
233497,0.21
233508,0.26
233509,0.24
233512,0.14
233517,0.16
233526,0.17
233528,0.11
233544,0.1
233554,0.19
233566,0.24
233572,0.06
233575,0.18
233578,0.06
233582,0.4
233583,0.16
233589,0.21
233594,0.16
233603,0.18
233627,0.07
233632,0.18
233639,0.11
233651,0.15
233652,0.2
233658,0.16
233675,0.07
233677,0.2
233682,0.17
233688,0.25
233689,0.29
233692,0.15
233697,0.12
233704,0.18
233709,0.1
233711,0.15
233721,0.09
233729,0.1
233734,0.17
233744,0.15
233764,0.14
233775,0.17
233783,0.26
233792,0.22
233796,0.1
233797,0.13
233798,0.2
233810,0.18
233818,0.11
233819,0.1
233830,0.08
233831,0.15
233838,0.13
233852,0.18
233854,0.17
233856,0.11
233858,0.14
233883,0.1
233888,0.14
233889,0.09
233892,0.11
233893,0.13
233894,0.1
233895,0.17
233901,0.12
233927,0.11
233928,0.08
233929,0.24
233960,0.13
233965,0.17
233970,0.13
233975,0.17
233981,0.2
233991,0.31
234012,0.11
234016,0.09
234024,0.08
234025,0.11
234027,0.28
234034,0.08
234035,0.08
234048,0.13
234069,0.12
234077,0.17
234086,0.21
234103,0.15
234110,0.12
234115,0.08
234126,0.11
234135,0.22
234136,0.07
234147,0.16
234151,0.11
234159,0.08
234163,0.1
234174,0.13
234186,0.1
234187,0.29
234192,0.1
234198,0.09
234205,0.1
234215,0.16
234220,0.14
234225,0.21
234227,0.07
234228,0.12
234231,0.19
234232,0.17
234236,0.19
234239,0.1
234240,0.17
234242,0.08
234262,0.17
234267,0.24
234283,0.11
234284,0.11
234286,0.13
234291,0.1
234302,0.12
234303,0.23
234308,0.08
234320,0.11
234326,0.12
234336,0.08
234340,0.19
234362,0.06
234365,0.1
234371,0.1
234373,0.15
234395,0.13
234400,0.18
234404,0.11
234412,0.19
234431,0.15
234433,0.23
234440,0.13
234453,0.14
234454,0.15
234460,0.09
234470,0.23
234473,0.1
234502,0.17
234503,0.18
234507,0.25
234529,0.1
234531,0.12
234543,0.15
234550,0.33
234556,0.11
234560,0.1
234567,0.12
234580,0.14
234582,0.07
234594,0.13
234599,0.2
234604,0.09
234605,0.14
234611,0.09
234617,0.13
234648,0.13
234660,0.14
234661,0.09
234663,0.13
234664,0.08
234670,0.12
234671,0.11
234673,0.17
234687,0.22
234688,0.12
234690,0.22
234694,0.11
234695,0.16
234704,0.25
234705,0.08
234710,0.17
234718,0.08
234719,0.2
234732,0.1
234739,0.18
234755,0.17
234760,0.19
234778,0.08
234781,0.14
234786,0.1
234788,0.15
234789,0.1
234802,0.1
234809,0.38
234814,0.17
234823,0.13
234825,0.18
234829,0.11
234838,0.22
234847,0.1
234876,0.14
234908,0.27
234914,0.12
234917,0.16
234935,0.19
234936,0.06
234941,0.14
234942,0.15
234943,0.14
234946,0.13
234947,0.09
234960,0.14
234967,0.12
234980,0.23
234990,0.31
234996,0.1
234999,0.07
235002,0.23
235021,0.15
235025,0.19
235034,0.12
235037,0.2
235046,0.11
235051,0.15
235052,0.08
235054,0.1
235061,0.13
235066,0.15
235076,0.12
235087,0.06
235089,0.28
235091,0.32
235107,0.16
235118,0.05
235123,0.15
235134,0.13
235137,0.24
235146,0.16
235147,0.06
235153,0.09
235166,0.26
235168,0.12
235183,0.05
235187,0.12
235189,0.11
235202,0.15
235214,0.13
235215,0.06
235216,0.3
235219,0.16
235223,0.12
235231,0.13
235240,0.14
235252,0.19
235253,0.1
235254,0.15
235259,0.22
235270,0.12
235275,0.26
235283,0.18
235291,0.05
235306,0.11
235327,0.15
235337,0.29
235342,0.13
235356,0.12
235357,0.09
235372,0.09
235378,0.2
235386,0.11
235401,0.07
235403,0.03
235423,0.04
235424,0.13
235434,0.13
235435,0.19
235438,0.11
235451,0.12
235452,0.11
235454,0.18
235456,0.14
235459,0.13
235460,0.12
235463,0.19
235491,0.13
235492,0.2
235501,0.05
235505,0.11
235512,0.16
235519,0.31
235549,0.18
235592,0.18
235597,0.08
235601,0.17
235602,0.12
235612,0.12
235617,0.18
235622,0.07
235636,0.12
235641,0.16
235644,0.09
235645,0.11
235651,0.23
235664,0.07
235668,0.31
235677,0.11
235692,0.11
235693,0.04
235698,0.16
235722,0.14
235741,0.11
235743,0.3
235752,0.1
235757,0.15
235766,0.09
235768,0.12
235769,0.16
235775,0.06
235778,0.23
235782,0.31
235791,0.15
235792,0.12
235796,0.11
235797,0.13
235799,0.2
235803,0.2
235804,0.29
235809,0.12
235811,0.2
235812,0.1
235827,0.16
235837,0.06
235839,0.12
235850,0.32
235852,0.13
235854,0.1
235860,0.09
235862,0.14
235869,0.16
235877,0.12
235889,0.1
235890,0.15
235891,0.09
235893,0.07
235900,0.06
235901,0.12
235914,0.09
235915,0.23
235924,0.18
235950,0.1
235968,0.15
235977,0.14
235978,0.14
235980,0.13
235990,0.08
235999,0.19
236002,0.12
236022,0.09
236033,0.16
236034,0.15
236037,0.25
236038,0.18
236039,0.1
236040,0.11
236053,0.26
236064,0.18
236068,0.1
236069,0.15
236094,0.09
236107,0.22
236123,0.06
236143,0.09
236214,0.06
236215,0.11
236221,0.25
236229,0.14
236234,0.13
236236,0.15
236237,0.13
236239,0.13
236266,0.37
236271,0.07
236283,0.14
236286,0.08
236287,0.25
236289,0.15
236293,0.1
236302,0.11
236303,0.18
236313,0.1
236324,0.12
236330,0.15
236332,0.15
236345,0.23
236350,0.12
236352,0.16
236359,0.14
236362,0.23
236373,0.2
236378,0.2
236391,0.09
236395,0.28
236412,0.21
236418,0.08
236421,0.09
236451,0.16
236454,0.11
236457,0.06
236463,0.12
236469,0.09
236476,0.08
236485,0.14
236508,0.09
236509,0.13
236525,0.11
236527,0.15
236529,0.17
236555,0.21
236562,0.21
236568,0.17
236569,0.14
236580,0.15
236581,0.15
236583,0.19
236586,0.1
236594,0.11
236631,0.11
236632,0.11
236634,0.17
236638,0.09
236643,0.12
236648,0.22
236655,0.23
236656,0.22
236657,0.07
236663,0.19
236681,0.07
236683,0.07
236691,0.19
236698,0.36
236713,0.12
236727,0.27
236732,0.13
236733,0.22
236735,0.17
236737,0.05
236749,0.1
236750,0.14
236752,0.14
236765,0.06
236766,0.07
236769,0.1
236771,0.18
236774,0.22
236775,0.06
236790,0.18
236793,0.15
236797,0.19
236798,0.04
236809,0.26
236821,0.15
236831,0.17
236836,0.15
236838,0.1
236849,0.09
236852,0.17
236860,0.21
236862,0.07
236865,0.07
236873,0.08
236885,0.09
236891,0.14
236894,0.21
236904,0.21
236905,0.06
236911,0.06
236939,0.14
236948,0.06
236950,0.12
236957,0.1
236965,0.09
236974,0.1
236975,0.05
236981,0.09
236985,0.09
236995,0.19
237023,0.11
237025,0.12
237038,0.11
237058,0.05
237060,0.22
237078,0.19
237079,0.11
237080,0.24
237084,0.11
237086,0.07
237087,0.05
237091,0.16
237092,0.1
237093,0.18
237094,0.13
237103,0.14
237116,0.07
237118,0.11
237126,0.13
237136,0.08
237144,0.16
237149,0.17
237150,0.14
237157,0.14
237158,0.13
237170,0.11
237171,0.06
237193,0.07
237196,0.13
237200,0.13
237248,0.17
237254,0.21
237256,0.16
237257,0.13
237267,0.14
237268,0.1
237269,0.08
237271,0.13
237280,0.13
237301,0.14
237304,0.22
237308,0.08
237311,0.12
237334,0.15
237338,0.11
237344,0.12
237361,0.11
237362,0.06
237368,0.21
237369,0.17
237371,0.12
237373,0.11
237377,0.17
237378,0.17
237383,0.1
237386,0.06
237392,0.15
237399,0.1
237408,0.08
237411,0.12
237414,0.12
237417,0.11
237424,0.2
237439,0.11
237457,0.09
237458,0.12
237459,0.05
237471,0.2
237474,0.13
237475,0.16
237476,0.14
237490,0.14
237491,0.17
237495,0.11
237501,0.15
237512,0.11
237516,0.12
237518,0.12
237528,0.18
237529,0.17
237537,0.28
237543,0.13
237547,0.13
237552,0.14
237563,0.18
237585,0.23
237598,0.1
237606,0.06
237624,0.21
237632,0.03
237635,0.1
237640,0.09
237642,0.11
237647,0.11
237648,0.07
237651,0.19
237657,0.07
237663,0.14
237692,0.09
237701,0.16
237715,0.13
237726,0.1
237728,0.25
237731,0.08
237732,0.18
237746,0.1
237759,0.1
237768,0.09
237772,0.49
237780,0.17
237787,0.14
237792,0.11
237804,0.11
237812,0.11
237815,0.14
237821,0.16
237827,0.13
237845,0.17
237862,0.19
237869,0.14
237872,0.19
237900,0.21
237909,0.07
237917,0.06
237921,0.12
237951,0.2
237952,0.22
237957,0.05
237960,0.16
237963,0.14
237973,0.05
237984,0.09
237990,0.24
237997,0.15
237998,0.21
238025,0.21
238027,0.15
238052,0.07
238053,0.12
238054,0.28
238065,0.08
238066,0.09
238075,0.12
238082,0.05
238087,0.11
238114,0.08
238117,0.24
238127,0.2
238129,0.25
238133,0.08
238135,0.06
238152,0.12
238157,0.16
238163,0.1
238170,0.05
238176,0.1
238180,0.16
238195,0.12
238198,0.1
238199,0.08
238206,0.27
238218,0.13
238219,0.15
238222,0.18
238224,0.07
238230,0.18
238237,0.14
238238,0.17
238247,0.1
238254,0.12
238256,0.05
238257,0.15
238270,0.25
238278,0.17
238279,0.28
238282,0.08
238286,0.14
238293,0.13
238298,0.1
238299,0.09
238306,0.14
238307,0.1
238308,0.09
238322,0.07
238327,0.25
238328,0.16
238330,0.04
238335,0.12
238347,0.23
238355,0.17
238356,0.22
238361,0.11
238367,0.09
238377,0.11
238413,0.08
238419,0.13
238436,0.07
238437,0.24
238443,0.11
238450,0.11
238452,0.13
238453,0.18
238454,0.29
238457,0.16
238467,0.15
238469,0.14
238470,0.05
238474,0.28
238478,0.12
238480,0.09
238492,0.19
238496,0.19
238500,0.09
238508,0.29
238512,0.11
238520,0.1
238540,0.14
238548,0.14
238549,0.1
238550,0.1
238563,0.07
238586,0.14
238607,0.09
238608,0.06
238615,0.19
238623,0.16
238627,0.06
238630,0.34
238635,0.1
238638,0.16
238642,0.09
238646,0.09
238656,0.12
238665,0.21
238674,0.12
238687,0.13
238702,0.17
238703,0.11
238705,0.2
238712,0.17
238716,0.18
238717,0.18
238718,0.14
238747,0.11
238754,0.13
238767,0.14
238793,0.05
238794,0.24
238796,0.14
238806,0.12
238832,0.21
238833,0.11
238840,0.14
238850,0.1
238853,0.18
238855,0.13
238858,0.1
238867,0.39
238868,0.21
238869,0.33
238873,0.07
238879,0.19
238893,0.19
238903,0.15
238904,0.29
238906,0.2
238928,0.17
238933,0.2
238941,0.19
238945,0.05
238947,0.15
238954,0.14
238963,0.1
238986,0.21
239003,0.25
239018,0.08
239019,0.16
239020,0.15
239021,0.23
239031,0.15
239042,0.17
239051,0.11
239056,0.14
239058,0.1
239075,0.09
239078,0.09
239079,0.08
239081,0.05
239082,0.04
239085,0.11
239100,0.1
239104,0.17
239120,0.14
239123,0.09
239140,0.28
239144,0.2
239145,0.14
239146,0.07
239153,0.06
239155,0.12
239161,0.17
239168,0.11
239177,0.14
239180,0.1
239193,0.1
239199,0.11
239206,0.18
239207,0.17
239209,0.11
239221,0.1
239225,0.09
239227,0.14
239237,0.13
239249,0.19
239273,0.38
239282,0.13
239290,0.2
239298,0.04
239302,0.17
239307,0.14
239309,0.16
239314,0.16
239319,0.21
239328,0.12
239334,0.17
239343,0.13
239344,0.13
239356,0.09
239357,0.2
239428,0.12
239429,0.23
239453,0.18
239471,0.19
239479,0.13
239480,0.19
239485,0.09
239489,0.22
239518,0.26
239522,0.1
239525,0.19
239540,0.18
239567,0.11
239573,0.19
239574,0.15
239578,0.07
239587,0.1
239588,0.19
239597,0.09
239603,0.08
239612,0.17
239616,0.22
239617,0.16
239618,0.19
239631,0.18
239639,0.24
239644,0.06
239672,0.15
239680,0.22
239685,0.15
239687,0.1
239715,0.16
239722,0.13
239733,0.08
239746,0.09
239748,0.1
239760,0.2
239765,0.28
239766,0.19
239774,0.19
239775,0.12
239788,0.19
239795,0.11
239796,0.05
239801,0.18
239808,0.09
239816,0.11
239819,0.04
239825,0.14
239832,0.1
239840,0.13
239845,0.09
239853,0.07
239862,0.14
239867,0.14
239873,0.17
239884,0.15
239920,0.18
239924,0.17
239937,0.12
239938,0.02
239948,0.1
239951,0.12
239952,0.12
239996,0.18
239998,0.23
240013,0.16
240027,0.14
240028,0.12
240036,0.29
240041,0.2
240046,0.12
240063,0.09
240076,0.11
240082,0.2
240086,0.19
240087,0.11
240089,0.26
240090,0.1
240093,0.19
240110,0.18
240111,0.18
240113,0.03
240117,0.05
240118,0.16
240120,0.07
240125,0.12
240130,0.17
240131,0.4
240133,0.06
240138,0.29
240149,0.16
240161,0.12
240177,0.3
240188,0.26
240197,0.06
240204,0.36
240215,0.09
240257,0.08
240266,0.1
240284,0.1
240296,0.15
240300,0.16
240312,0.07
240314,0.23
240320,0.03
240321,0.18
240337,0.14
240339,0.11
240341,0.19
240342,0.12
240346,0.12
240348,0.09
240364,0.24
240378,0.13
240382,0.1
240387,0.11
240404,0.06
240409,0.16
240412,0.09
240413,0.17
240414,0.09
240415,0.06
240416,0.16
240427,0.11
240428,0.15
240438,0.25
240447,0.08
240489,0.25
240494,0.11
240495,0.17
240507,0.14
240526,0.13
240530,0.11
240531,0.26
240554,0.13
240559,0.09
240561,0.08
240577,0.22
240578,0.11
240585,0.21
240587,0.07
240594,0.17
240603,0.09
240615,0.09
240629,0.07
240631,0.11
240637,0.12
240646,0.24
240649,0.16
240657,0.1
240664,0.17
240665,0.32
240668,0.14
240670,0.16
240685,0.19
240689,0.09
240702,0.1
240707,0.18
240709,0.21
240712,0.18
240716,0.12
240717,0.14
240725,0.12
240733,0.07
240742,0.37
240744,0.04
240819,0.14
240820,0.08
240826,0.17
240836,0.29
240839,0.06
240847,0.13
240859,0.3
240866,0.33
240868,0.06
240875,0.1
240878,0.17
240888,0.08
240896,0.13
240897,0.23
240898,0.18
240899,0.28
240900,0.19
240901,0.23
240902,0.19
240903,0.27
240904,0.09
240910,0.14
240916,0.15
240921,0.17
240923,0.17
240929,0.21
240930,0.13
240931,0.11
240932,0.13
240938,0.21
240943,0.03
240948,0.07
240954,0.08
240972,0.1
240992,0.15
240993,0.12
240994,0.13
241018,0.07
241026,0.16
241031,0.08
241052,0.05
241060,0.1
241076,0.25
241113,0.09
241116,0.23
241118,0.11
241121,0.11
241130,0.14
241142,0.07
241146,0.09
241159,0.1
241160,0.07
241161,0.21
241163,0.33
241176,0.19
241187,0.17
241188,0.18
241191,0.2
241192,0.14
241198,0.21
241208,0.23
241210,0.16
241226,0.15
241244,0.14
241252,0.14
241254,0.1
241256,0.16
241264,0.19
241266,0.19
241267,0.15
241274,0.14
241279,0.08
241281,0.22
241284,0.14
241293,0.12
241330,0.14
241333,0.08
241344,0.34
241348,0.23
241359,0.16
241362,0.33
241372,0.14
241377,0.17
241381,0.18
241390,0.07
241395,0.08
241397,0.11
241401,0.15
241402,0.19
241415,0.1
241417,0.09
241426,0.28
241432,0.1
241436,0.08
241444,0.11
241447,0.26
241456,0.14
241457,0.13
241464,0.08
241465,0.14
241469,0.08
241479,0.12
241482,0.13
241488,0.14
241489,0.15
241507,0.23
241509,0.09
241511,0.07
241520,0.12
241523,0.06
241536,0.09
241545,0.17
241574,0.18
241577,0.27
241599,0.2
241608,0.12
241627,0.13
241631,0.07
241640,0.13
241642,0.12
241645,0.18
241647,0.17
241649,0.24
241654,0.18
241655,0.11
241657,0.19
241665,0.12
241671,0.09
241678,0.17
241683,0.08
241686,0.15
241699,0.13
241704,0.3
241706,0.2
241709,0.1
241718,0.1
241723,0.15
241729,0.09
241739,0.25
241741,0.09
241752,0.12
241756,0.18
241763,0.08
241779,0.11
241793,0.1
241797,0.16
241804,0.1
241813,0.08
241816,0.13
241817,0.14
241821,0.09
241838,0.3
241839,0.17
241855,0.2
241857,0.11
241887,0.16
241888,0.12
241899,0.35
241903,0.15
241908,0.2
241914,0.17
241919,0.16
241933,0.21
241943,0.1
241947,0.16
241957,0.15
241960,0.05
241961,0.1
241965,0.09
241971,0.12
241982,0.11
241990,0.16
242011,0.16
242022,0.11
242023,0.06
242025,0.2
242035,0.16
242037,0.15
242043,0.12
242067,0.13
242075,0.12
242077,0.1
242088,0.16
242103,0.08
242125,0.16
242134,0.33
242143,0.12
242144,0.19
242148,0.1
242155,0.07
242163,0.03
242171,0.17
242182,0.2
242185,0.14
242188,0.37
242201,0.27
242203,0.09
242204,0.07
242208,0.18
242210,0.18
242217,0.17
242219,0.12
242222,0.18
242224,0.3
242229,0.19
242231,0.31
242236,0.21
242256,0.08
242264,0.11
242269,0.08
242280,0.16
242281,0.11
242285,0.09
242295,0.05
242302,0.19
242314,0.18
242319,0.06
242332,0.18
242338,0.12
242342,0.29
242343,0.13
242345,0.1
242354,0.11
242361,0.12
242365,0.34
242373,0.11
242378,0.15
242383,0.1
242385,0.22
242389,0.13
242397,0.22
242404,0.24
242406,0.11
242410,0.13
242436,0.09
242439,0.21
242440,0.33
242444,0.1
242445,0.22
242455,0.13
242477,0.19
242479,0.13
242484,0.16
242491,0.18
242492,0.12
242497,0.05
242498,0.06
242499,0.24
242500,0.15
242501,0.14
242502,0.13
242516,0.13
242518,0.18
242523,0.14
242525,0.17
242537,0.18
242549,0.17
242550,0.07
242553,0.08
242554,0.11
242561,0.11
242566,0.24
242567,0.24
242587,0.17
242598,0.16
242609,0.25
242611,0.15
242614,0.16
242617,0.29
242622,0.13
242623,0.24
242629,0.07
242633,0.14
242636,0.26
242637,0.19
242642,0.18
242651,0.13
242655,0.05
242667,0.13
242668,0.07
242670,0.12
242681,0.11
242689,0.1
242690,0.21
242692,0.16
242693,0.09
242699,0.07
242706,0.03
242712,0.19
242714,0.26
242715,0.08
242721,0.19
242725,0.11
242728,0.12
242740,0.08
242741,0.09
242762,0.21
242766,0.17
242772,0.07
242779,0.07
242782,0.14
242795,0.18
242796,0.12
242800,0.14
242810,0.13
242816,0.18
242824,0.19
242829,0.28
242833,0.08
242837,0.14
242851,0.17
242857,0.14
242858,0.2
242860,0.14
242874,0.13
242876,0.13
242877,0.09
242879,0.09
242890,0.13
242897,0.14
242898,0.12
242904,0.14
242916,0.14
242920,0.17
242924,0.19
242930,0.25
242936,0.13
242938,0.13
242951,0.17
242952,0.1
242956,0.1
242970,0.22
242972,0.17
242973,0.16
242975,0.09
242979,0.28
242985,0.08
242989,0.04
242994,0.24
242996,0.17
243004,0.16
243013,0.15
243015,0.15
243017,0.09
243022,0.04
243075,0.31
243077,0.1
243089,0.07
243096,0.09
243099,0.09
243109,0.11
243110,0.07
243111,0.01
243112,0.14
243114,0.13
243124,0.15
243128,0.21
243136,0.07
243143,0.15
243148,0.1
243151,0.1
243152,0.08
243163,0.15
243170,0.05
243173,0.12
243184,0.14
243187,0.1
243193,0.2
243206,0.16
243208,0.13
243236,0.14
243237,0.13
243241,0.1
243244,0.08
243251,0.11
243256,0.06
243257,0.08
243263,0.15
243265,0.15
243276,0.14
243283,0.08
243287,0.14
243289,0.24
243291,0.05
243294,0.14
243299,0.18
243301,0.23
243302,0.1
243310,0.14
243313,0.16
243334,0.19
243335,0.17
243345,0.17
243353,0.1
243369,0.12
243371,0.19
243375,0.1
243383,0.2
243387,0.07
243390,0.25
243398,0.09
243399,0.19
243401,0.09
243412,0.1
243430,0.17
243433,0.17
243440,0.14
243445,0.19
243475,0.13
243481,0.12
243501,0.17
243518,0.16
243528,0.1
243544,0.14
243550,0.18
243555,0.08
243558,0.18
243559,0.26
243569,0.32
243580,0.08
243581,0.12
243590,0.11
243611,0.13
243619,0.15
243643,0.12
243659,0.14
243664,0.13
243665,0.27
243679,0.13
243680,0.22
243681,0.1
243689,0.21
243699,0.08
243700,0.12
243703,0.16
243714,0.32
243734,0.13
243741,0.29
243747,0.18
243757,0.16
243764,0.23
243766,0.15
243770,0.15
243774,0.11
243777,0.11
243778,0.12
243783,0.14
243788,0.11
243801,0.14
243802,0.19
243805,0.25
243821,0.11
243828,0.04
243831,0.1
243838,0.21
243850,0.11
243861,0.11
243871,0.28
243873,0.11
243874,0.18
243875,0.14
243891,0.1
243893,0.11
243900,0.15
243907,0.17
243908,0.18
243916,0.23
243921,0.09
243943,0.12
243958,0.27
243963,0.16
243965,0.16
243968,0.13
243978,0.16
243993,0.13
243996,0.11
244004,0.12
244006,0.18
244045,0.14
244046,0.05
244047,0.12
244049,0.07
244051,0.14
244058,0.2
244093,0.19
244100,0.09
244102,0.25
244104,0.1
244108,0.12
244112,0.18
244114,0.13
244134,0.2
244136,0.12
244140,0.1
244151,0.15
244152,0.21
244164,0.21
244168,0.13
244173,0.05
244176,0.09
244179,0.07
244189,0.12
244201,0.13
244205,0.17
244212,0.26
244216,0.23
244226,0.1
244228,0.06
244238,0.2
244246,0.09
244252,0.2
244257,0.07
244266,0.16
244268,0.16
244280,0.16
244290,0.06
244294,0.18
244295,0.2
244296,0.37
244298,0.23
244307,0.16
244321,0.1
244322,0.11
244324,0.12
244335,0.16
244346,0.12
244364,0.11
244372,0.17
244377,0.12
244387,0.22
244388,0.12
244395,0.16
244396,0.09
244403,0.19
244416,0.22
244417,0.12
244420,0.13
244421,0.07
244428,0.22
244429,0.2
244432,0.2
244456,0.11
244460,0.12
244461,0.17
244464,0.13
244470,0.05
244475,0.18
244484,0.18
244487,0.13
244489,0.22
244498,0.18
244526,0.1
244529,0.31
244534,0.09
244536,0.23
244543,0.25
244545,0.18
244555,0.12
244560,0.18
244562,0.23
244570,0.13
244572,0.21
244574,0.21
244605,0.11
244612,0.06
244624,0.15
244631,0.09
244632,0.25
244643,0.07
244652,0.24
244666,0.14
244671,0.11
244672,0.12
244683,0.08
244690,0.08
244696,0.1
244703,0.08
244710,0.11
244713,0.17
244719,0.1
244724,0.2
244736,0.21
244763,0.3
244764,0.23
244765,0.34
244767,0.13
244772,0.12
244786,0.19
244789,0.12
244794,0.11
244799,0.06
244810,0.16
244815,0.13
244830,0.12
244848,0.09
244852,0.04
244866,0.15
244867,0.23
244874,0.04
244887,0.13
244891,0.13
244897,0.39
244898,0.05
244909,0.16
244910,0.23
244913,0.22
244925,0.17
244928,0.16
244932,0.11
244942,0.11
244943,0.23
244949,0.16
244954,0.06
244971,0.11
244973,0.3
244989,0.22
245001,0.07
245012,0.11
245026,0.18
245030,0.12
245036,0.1
245049,0.29
245057,0.13
245062,0.18
245063,0.11
245074,0.14
245076,0.15
245105,0.2
245106,0.12
245121,0.08
245124,0.19
245129,0.1
245133,0.2
245138,0.11
245150,0.16
245156,0.22
245157,0.15
245168,0.09
245170,0.07
245177,0.12
245178,0.12
245182,0.12
245208,0.09
245219,0.16
245221,0.07
245222,0.13
245224,0.07
245225,0.11
245233,0.2
245234,0.26
245244,0.17
245253,0.26
245260,0.12
245272,0.09
245281,0.11
245296,0.18
245297,0.26
245303,0.05
245309,0.2
245313,0.16
245316,0.13
245328,0.18
245344,0.15
245351,0.13
245357,0.16
245367,0.12
245369,0.22
245376,0.16
245381,0.09
245411,0.23
245426,0.17
245428,0.11
245430,0.1
245437,0.24
245443,0.11
245450,0.15
245452,0.1
245468,0.15
245481,0.12
245486,0.08
245496,0.1
245501,0.18
245502,0.06
245503,0.06
245564,0.3
245567,0.16
245568,0.23
245576,0.27
245577,0.07
245578,0.1
245595,0.12
245598,0.08
245604,0.06
245611,0.18
245615,0.2
245617,0.13
245627,0.13
245659,0.12
245661,0.24
245681,0.04
245687,0.2
245697,0.09
245708,0.11
245713,0.12
245717,0.11
245720,0.11
245721,0.15
245724,0.21
245728,0.1
245738,0.14
245746,0.09
245747,0.2
245748,0.13
245766,0.1
245767,0.21
245784,0.1
245792,0.14
245802,0.14
245804,0.13
245815,0.09
245820,0.16
245830,0.07
245834,0.08
245836,0.13
245844,0.16
245853,0.18
245862,0.17
245863,0.14
245882,0.13
245892,0.09
245906,0.22
245913,0.15
245926,0.09
245932,0.13
245933,0.16
245934,0.13
245939,0.19
245948,0.17
245955,0.11
245957,0.09
245967,0.11
245979,0.18
245980,0.16
245989,0.1
245992,0.15
245994,0.14
246006,0.1
246010,0.1
246017,0.12
246041,0.1
246045,0.08
246053,0.09
246057,0.15
246059,0.08
246061,0.16
246079,0.11
246082,0.1
246089,0.1
246091,0.13
246102,0.21
246127,0.2
246134,0.21
246135,0.15
246138,0.27
246143,0.14
246146,0.22
246148,0.1
246152,0.24
246155,0.19
246164,0.09
246171,0.16
246185,0.03
246192,0.32
246200,0.2
246208,0.1
246210,0.11
246213,0.09
246214,0.23
246229,0.12
246242,0.16
246250,0.1
246258,0.13
246267,0.29
246273,0.14
246287,0.09
246289,0.09
246290,0.14
246302,0.12
246303,0.09
246304,0.14
246312,0.14
246319,0.32
246321,0.12
246335,0.14
246337,0.09
246348,0.1
246358,0.13
246362,0.32
246369,0.13
246374,0.08
246382,0.22
246384,0.17
246386,0.26
246390,0.22
246396,0.14
246400,0.11
246401,0.11
246405,0.12
246415,0.15
246416,0.06
246418,0.24
246422,0.07
246423,0.06
246426,0.1
246429,0.2
246432,0.2
246444,0.23
246448,0.16
246455,0.16
246469,0.14
246482,0.08
246488,0.08
246489,0.29
246491,0.21
246502,0.16
246516,0.2
246524,0.15
246525,0.22
246543,0.14
246550,0.1
246554,0.18
246558,0.09
246559,0.24
246560,0.1
246561,0.19
246562,0.14
246564,0.15
246585,0.19
246615,0.16
246618,0.15
246619,0.17
246621,0.27
246624,0.09
246625,0.07
246627,0.23
246628,0.07
246631,0.14
246633,0.09
246654,0.15
246660,0.21
246665,0.17
246669,0.15
246681,0.05
246700,0.14
246705,0.1
246708,0.27
246711,0.13
246724,0.2
246740,0.1
246744,0.06
246745,0.31
246746,0.13
246748,0.12
246752,0.37
246758,0.1
246762,0.09
246765,0.11
246786,0.08
246798,0.08
246807,0.16
246816,0.22
246820,0.08
246833,0.1
246835,0.36
246836,0.17
246845,0.2
246849,0.11
246857,0.23
246861,0.09
246871,0.15
246872,0.18
246877,0.1
246879,0.12
246894,0.24
246896,0.11
246905,0.13
246907,0.25
246928,0.03
246935,0.11
246939,0.16
246947,0.11
246951,0.1
246956,0.14
246972,0.16
246979,0.14
247003,0.15
247005,0.23
247006,0.08
247008,0.1
247014,0.17
247027,0.1
247032,0.22
247036,0.21
247080,0.14
247083,0.15
247086,0.15
247092,0.14
247098,0.11
247103,0.13
247105,0.14
247108,0.07
247118,0.14
247123,0.19
247129,0.19
247139,0.1
247147,0.08
247153,0.15
247157,0.14
247179,0.2
247190,0.2
247213,0.22
247220,0.09
247234,0.05
247260,0.11
247265,0.16
247269,0.13
247272,0.12
247277,0.07
247278,0.28
247280,0.18
247290,0.12
247296,0.14
247314,0.18
247316,0.16
247328,0.27
247332,0.22
247336,0.22
247340,0.21
247342,0.12
247347,0.15
247350,0.18
247351,0.06
247353,0.27
247354,0.11
247360,0.06
247371,0.18
247378,0.12
247394,0.25
247402,0.11
247406,0.16
247409,0.17
247446,0.2
247453,0.08
247455,0.19
247463,0.08
247484,0.1
247485,0.23
247492,0.13
247497,0.2
247510,0.13
247521,0.13
247527,0.26
247534,0.17
247537,0.16
247558,0.09
247559,0.2
247560,0.21
247567,0.2
247572,0.19
247582,0.13
247583,0.08
247594,0.07
247595,0.11
247597,0.09
247598,0.12
247607,0.17
247619,0.17
247632,0.22
247638,0.15
247639,0.24
247646,0.14
247655,0.09
247660,0.15
247672,0.12
247677,0.06
247682,0.08
247685,0.2
247690,0.1
247701,0.03
247708,0.33
247715,0.13
247734,0.15
247758,0.07
247761,0.24
247763,0.13
247766,0.05
247774,0.08
247775,0.14
247779,0.11
247781,0.17
247783,0.13
247785,0.14
247787,0.08
247793,0.15
247798,0.13
247802,0.16
247805,0.13
247814,0.12
247816,0.13
247834,0.09
247836,0.05
247844,0.25
247849,0.29
247852,0.04
247859,0.11
247861,0.19
247867,0.15
247868,0.1
247883,0.25
247890,0.11
247892,0.3
247896,0.08
247897,0.07
247902,0.17
247904,0.16
247909,0.07
247910,0.16
247911,0.12
247929,0.11
247930,0.09
247935,0.08
247942,0.21
247950,0.07
247951,0.06
247972,0.18
247989,0.08
247993,0.13
247995,0.11
248012,0.14
248018,0.15
248019,0.21
248036,0.03
248037,0.09
248039,0.12
248040,0.13
248043,0.14
248054,0.1
248056,0.17
248068,0.18
248075,0.15
248085,0.15
248087,0.12
248089,0.13
248095,0.09
248105,0.1
248109,0.13
248115,0.15
248131,0.22
248135,0.1
248148,0.14
248154,0.24
248156,0.16
248165,0.19
248169,0.12
248173,0.17
248179,0.15
248187,0.09
248204,0.17
248207,0.2
248210,0.24
248212,0.15
248214,0.07
248229,0.11
248236,0.14
248239,0.15
248240,0.22
248246,0.05
248249,0.1
248261,0.17
248267,0.14
248268,0.2
248272,0.08
248276,0.1
248293,0.18
248303,0.14
248307,0.12
248308,0.25
248327,0.16
248330,0.12
248345,0.18
248355,0.07
248364,0.1
248368,0.28
248373,0.19
248375,0.22
248378,0.22
248390,0.12
248394,0.14
248405,0.17
248409,0.12
248411,0.11
248415,0.16
248416,0.13
248419,0.15
248421,0.09
248422,0.15
248424,0.16
248427,0.19
248429,0.29
248435,0.12
248452,0.21
248461,0.19
248467,0.18
248472,0.26
248473,0.14
248476,0.19
248488,0.2
248489,0.22
248505,0.08
248509,0.16
248510,0.15
248512,0.15
248524,0.31
248526,0.22
248528,0.15
248533,0.08
248546,0.12
248568,0.12
248570,0.13
248579,0.1
248583,0.14
248585,0.16
248586,0.14
248596,0.09
248597,0.28
248601,0.19
248605,0.25
248613,0.18
248618,0.13
248622,0.12
248626,0.12
248627,0.08
248628,0.11
248635,0.09
248636,0.12
248644,0.17
248667,0.21
248675,0.13
248677,0.14
248693,0.23
248694,0.08
248699,0.15
248706,0.24
248726,0.22
248728,0.08
248731,0.14
248736,0.25
248738,0.27
248739,0.14
248744,0.09
248745,0.16
248756,0.13
248760,0.19
248767,0.29
248770,0.1
248772,0.18
248773,0.13
248785,0.1
248789,0.08
248791,0.16
248797,0.06
248826,0.14
248853,0.11
248854,0.13
248856,0.16
248861,0.16
248869,0.28
248871,0.23
248877,0.12
248883,0.21
248891,0.05
248892,0.19
248905,0.11
248910,0.21
248914,0.08
248921,0.13
248931,0.23
248934,0.11
248951,0.1
248954,0.18
248961,0.14
248966,0.14
248968,0.11
248977,0.13
248978,0.09
248986,0.24
249000,0.06
249005,0.12
249025,0.16
249040,0.25
249045,0.22
249056,0.08
249057,0.1
249075,0.14
249084,0.14
249089,0.12
249095,0.29
249101,0.19
249113,0.08
249116,0.15
249118,0.1
249137,0.18
249140,0.15
249149,0.12
249151,0.06
249154,0.16
249155,0.14
249171,0.16
249173,0.32
249190,0.09
249191,0.11
249197,0.13
249205,0.19
249212,0.25
249228,0.15
249235,0.14
249266,0.09
249269,0.14
249277,0.09
249298,0.12
249305,0.11
249310,0.14
249313,0.15
249320,0.18
249321,0.1
249332,0.1
249333,0.17
249339,0.11
249343,0.18
249345,0.18
249347,0.12
249348,0.15
249358,0.15
249370,0.32
249382,0.14
249397,0.13
249398,0.14
249400,0.17
249403,0.31
249412,0.18
249421,0.16
249422,0.14
249426,0.18
249445,0.26
249460,0.13
249465,0.06
249467,0.08
249481,0.18
249495,0.09
249496,0.21
249505,0.1
249507,0.21
249523,0.1
249528,0.12
249532,0.22
249534,0.15
249540,0.1
249542,0.09
249557,0.11
249559,0.19
249578,0.11
249581,0.15
249588,0.14
249595,0.12
249603,0.17
249615,0.09
249630,0.09
249636,0.08
249640,0.06
249648,0.1
249657,0.13
249661,0.14
249664,0.12
249668,0.12
249677,0.15
249681,0.18
249687,0.17
249688,0.16
249695,0.4
249703,0.16
249705,0.13
249718,0.14
249719,0.15
249720,0.05
249726,0.15
249728,0.16
249742,0.17
249764,0.17
249768,0.09
249770,0.11
249774,0.12
249779,0.19
249783,0.11
249801,0.3
249808,0.12
249818,0.1
249820,0.27
249832,0.23
249839,0.13
249843,0.22
249845,0.15
249847,0.19
249878,0.18
249883,0.1
249895,0.15
249898,0.1
249906,0.03
249909,0.08
249913,0.15
249920,0.23
249921,0.09
249928,0.34
249941,0.16
249951,0.11
249955,0.15
250020,0.06
250022,0.23
250026,0.15
250038,0.14
250045,0.22
250048,0.18
250049,0.2
250051,0.14
250056,0.19
250073,0.09
250085,0.13
250088,0.23
250091,0.17
250092,0.15
250093,0.08
250095,0.1
250098,0.13
250105,0.2
250114,0.26
250127,0.2
250134,0.17
250137,0.13
250153,0.17
250156,0.19
250176,0.22
250188,0.15
250189,0.14
250211,0.16
250212,0.19
250217,0.21
250226,0.17
250236,0.41
250237,0.16
250246,0.11
250270,0.21
250276,0.23
250299,0.18
250311,0.06
250312,0.24
250319,0.1
250324,0.04
250331,0.1
250340,0.09
250347,0.15
250354,0.22
250358,0.1
250359,0.11
250361,0.23
250363,0.18
250371,0.12
250377,0.15
250381,0.09
250391,0.1
250415,0.11
250416,0.29
250430,0.19
250431,0.17
250438,0.13
250444,0.13
250453,0.13
250458,0.19
250462,0.23
250469,0.11
250473,0.06
250481,0.16
250498,0.21
250502,0.18
250508,0.13
250514,0.09
250521,0.11
250522,0.23
250530,0.12
250531,0.05
250533,0.07
250539,0.18
250541,0.15
250545,0.13
250557,0.26
250576,0.14
250579,0.1
250585,0.28
250586,0.09
250591,0.17
250592,0.09
250596,0.16
250616,0.13
250617,0.15
250632,0.24
250636,0.1
250640,0.13
250657,0.14
250658,0.24
250661,0.07
250684,0.12
250685,0.1
250691,0.22
250692,0.14
250712,0.07
250713,0.06
250719,0.21
250737,0.21
250749,0.11
250772,0.09
250773,0.15
250774,0.13
250781,0.18
250783,0.1
250810,0.21
250814,0.1
250819,0.13
250831,0.16
250855,0.09
250867,0.11
250878,0.08
250887,0.07
250889,0.12
250890,0.11
250900,0.13
250904,0.12
250909,0.16
250913,0.21
250914,0.15
250915,0.23
250918,0.1
250922,0.18
250925,0.1
250939,0.13
250949,0.11
250956,0.18
250961,0.09
250963,0.13
250965,0.1
250968,0.12
250970,0.12
250981,0.12
250990,0.15
251001,0.13
251002,0.1
251011,0.14
251013,0.15
251021,0.13
251022,0.13
251029,0.07
251046,0.07
251047,0.12
251058,0.06
251063,0.11
251064,0.2
251073,0.21
251083,0.12
251085,0.17
251091,0.21
251096,0.1
251105,0.26
251115,0.15
251123,0.09
251133,0.17
251152,0.11
251165,0.13
251180,0.12
251196,0.34
251197,0.21
251214,0.13
251215,0.24
251217,0.18
251219,0.1
251233,0.11
251234,0.19
251245,0.13
251248,0.2
251255,0.1
251267,0.07
251272,0.12
251276,0.08
251288,0.13
251297,0.13
251298,0.17
251300,0.17
251301,0.07
251302,0.17
251303,0.22
251311,0.13
251314,0.15
251322,0.12
251324,0.2
251333,0.14
251336,0.19
251341,0.09
251346,0.08
251370,0.09
251378,0.13
251396,0.09
251401,0.27
251413,0.12
251422,0.11
251423,0.12
251434,0.2
251436,0.12
251443,0.12
251445,0.15
251455,0.14
251465,0.09
251470,0.2
251475,0.29
251488,0.12
251498,0.16
251504,0.18
251506,0.07
251530,0.08
251534,0.14
251538,0.23
251543,0.18
251557,0.11
251558,0.13
251567,0.11
251575,0.2
251579,0.1
251598,0.24
251599,0.12
251606,0.08
251608,0.23
251620,0.1
251624,0.11
251629,0.12
251631,0.11
251654,0.2
251671,0.05
251677,0.14
251682,0.08
251684,0.18
251689,0.23
251700,0.12
251716,0.07
251719,0.15
251727,0.19
251731,0.23
251732,0.04
251737,0.19
251744,0.15
251750,0.05
251754,0.27
251759,0.09
251761,0.26
251762,0.14
251765,0.13
251768,0.12
251770,0.04
251777,0.18
251786,0.11
251795,0.1
251805,0.11
251833,0.18
251839,0.11
251848,0.27
251851,0.11
251893,0.15
251909,0.09
251918,0.09
251920,0.1
251922,0.19
251923,0.29
251926,0.19
251933,0.13
251938,0.21
251948,0.15
251955,0.11
251956,0.08
251957,0.11
251964,0.07
251965,0.15
251966,0.11
251972,0.16
251980,0.11
252003,0.1
252016,0.05
252028,0.15
252032,0.12
252046,0.13
252054,0.04
252060,0.23
252073,0.13
252088,0.16
252092,0.19
252096,0.22
252113,0.08
252115,0.06
252121,0.1
252133,0.11
252135,0.02
252145,0.15
252151,0.07
252167,0.22
252169,0.16
252175,0.18
252189,0.18
252190,0.27
252191,0.14
252198,0.13
252212,0.1
252223,0.11
252224,0.22
252228,0.19
252253,0.12
252257,0.24
252261,0.25
252265,0.16
252272,0.16
252273,0.23
252286,0.26
252312,0.08
252322,0.14
252326,0.18
252332,0.09
252345,0.09
252348,0.17
252354,0.2
252358,0.2
252364,0.13
252366,0.21
252369,0.15
252374,0.16
252382,0.08
252417,0.13
252425,0.2
252426,0.09
252429,0.25
252434,0.29
252447,0.14
252450,0.11
252452,0.22
252460,0.08
252463,0.14
252465,0.11
252492,0.16
252493,0.17
252518,0.16
252522,0.22
252524,0.16
252531,0.12
252533,0.09
252540,0.16
252543,0.07
252544,0.08
252555,0.13
252558,0.12
252562,0.13
252565,0.25
252568,0.14
252569,0.09
252573,0.1
252582,0.12
252596,0.17
252599,0.07
252603,0.13
252606,0.16
252630,0.12
252636,0.11
252651,0.09
252653,0.06
252679,0.13
252682,0.14
252687,0.23
252713,0.08
252715,0.08
252721,0.28
252726,0.14
252746,0.12
252754,0.1
252760,0.09
252762,0.22
252763,0.16
252764,0.22
252768,0.09
252773,0.1
252774,0.2
252782,0.12
252784,0.18
252797,0.14
252798,0.1
252809,0.2
252819,0.04
252840,0.15
252862,0.09
252863,0.1
252865,0.19
252870,0.28
252880,0.11
252881,0.1
252888,0.16
252889,0.13
252894,0.09
252899,0.06
252911,0.22
252918,0.1
252926,0.07
252929,0.12
252932,0.21
252939,0.12
252940,0.11
252970,0.12
252971,0.13
252980,0.18
252981,0.2
252986,0.08
252990,0.08
253004,0.13
253011,0.14
253015,0.11
253022,0.16
253032,0.2
253044,0.27
253056,0.11
253065,0.07
253066,0.18
253067,0.15
253079,0.06
253088,0.12
253098,0.14
253099,0.26
253112,0.17
253113,0.13
253133,0.05
253149,0.16
253151,0.15
253153,0.09
253160,0.15
253164,0.11
253169,0.16
253177,0.15
253183,0.23
253198,0.16
253206,0.19
253214,0.2
253218,0.05
253224,0.03
253227,0.17
253231,0.16
253247,0.25
253251,0.17
253262,0.13
253264,0.08
253265,0.12
253273,0.11
253275,0.14
253278,0.1
253284,0.24
253298,0.14
253313,0.22
253317,0.13
253322,0.09
253326,0.13
253332,0.28
253338,0.07
253339,0.14
253346,0.06
253348,0.25
253350,0.15
253357,0.16
253363,0.25
253365,0.16
253369,0.09
253373,0.17
253378,0.11
253383,0.25
253392,0.18
253395,0.12
253398,0.07
253410,0.19
253419,0.1
253420,0.14
253421,0.19
253441,0.14
253442,0.08
253446,0.15
253447,0.17
253465,0.09
253488,0.15
253492,0.11
253499,0.2
253500,0.19
253501,0.15
253509,0.06
253521,0.11
253534,0.09
253544,0.1
253555,0.16
253557,0.21
253559,0.08
253583,0.12
253587,0.18
253589,0.08
253591,0.04
253596,0.08
253600,0.12
253605,0.1
253620,0.06
253628,0.09
253631,0.26
253634,0.09
253639,0.1
253641,0.18
253661,0.16
253672,0.13
253679,0.13
253683,0.13
253696,0.1
253706,0.17
253708,0.09
253712,0.1
253717,0.1
253720,0.21
253731,0.18
253734,0.27
253743,0.14
253744,0.07
253748,0.1
253754,0.09
253761,0.26
253787,0.22
253788,0.1
253796,0.18
253826,0.15
253829,0.13
253837,0.26
253841,0.19
253843,0.07
253844,0.1
253845,0.13
253849,0.15
253854,0.23
253861,0.07
253863,0.13
253875,0.14
253891,0.08
253894,0.26
253895,0.23
253918,0.16
253930,0.13
253939,0.17
253940,0.08
253945,0.14
253950,0.06
253951,0.15
253964,0.17
253967,0.11
253975,0.29
253986,0.13
253998,0.2
254017,0.17
254025,0.14
254026,0.07
254031,0.13
254035,0.08
254040,0.09
254042,0.05
254047,0.09
254051,0.23
254056,0.14
254060,0.18
254068,0.17
254073,0.15
254088,0.08
254100,0.06
254110,0.15
254115,0.07
254116,0.31
254125,0.14
254130,0.1
254135,0.18
254149,0.15
254161,0.12
254167,0.21
254176,0.19
254205,0.08
254226,0.14
254228,0.2
254238,0.07
254242,0.17
254257,0.37
254261,0.15
254280,0.1
254295,0.09
254316,0.25
254325,0.15
254326,0.22
254327,0.09
254335,0.06
254342,0.13
254347,0.13
254355,0.26
254358,0.14
254359,0.07
254368,0.17
254376,0.19
254382,0.21
254383,0.19
254390,0.21
254392,0.23
254394,0.05
254400,0.04
254406,0.12
254411,0.2
254421,0.18
254435,0.1
254437,0.15
254440,0.05
254460,0.23
254470,0.1
254471,0.17
254472,0.15
254483,0.33
254493,0.14
254513,0.05
254518,0.18
254520,0.24
254534,0.11
254537,0.18
254562,0.13
254567,0.11
254577,0.16
254578,0.18
254580,0.25
254586,0.14
254591,0.19
254593,0.1
254597,0.19
254599,0.12
254613,0.06
254629,0.13
254631,0.12
254633,0.16
254639,0.14
254642,0.23
254650,0.13
254659,0.19
254662,0.14
254671,0.17
254672,0.09
254674,0.17
254676,0.21
254679,0.05
254701,0.08
254722,0.07
254728,0.14
254742,0.12
254748,0.07
254750,0.08
254751,0.08
254753,0.13
254773,0.1
254783,0.11
254805,0.08
254806,0.18
254810,0.1
254817,0.12
254820,0.07
254829,0.07
254835,0.12
254837,0.19
254843,0.11
254850,0.13
254858,0.16
254861,0.12
254884,0.11
254885,0.13
254890,0.11
254910,0.14
254916,0.14
254917,0.08
254920,0.11
254926,0.11
254928,0.09
254930,0.14
254937,0.19
254940,0.08
254953,0.19
254956,0.13
254969,0.11
254982,0.1
254988,0.15
254998,0.13
255013,0.26
255017,0.13
255018,0.05
255029,0.12
255033,0.3
255035,0.2
255061,0.32
255067,0.11
255068,0.13
255070,0.25
255084,0.08
255096,0.19
255106,0.18
255114,0.15
255117,0.11
255135,0.14
255142,0.17
255143,0.18
255146,0.17
255155,0.19
255156,0.21
255158,0.07
255167,0.12
255172,0.14
255199,0.05
255204,0.11
255206,0.1
255210,0.13
255226,0.11
255230,0.12
255253,0.13
255259,0.08
255260,0.07
255278,0.16
255288,0.14
255312,0.14
255317,0.08
255319,0.21
255320,0.17
255322,0.11
255332,0.23
255337,0.12
255344,0.09
255347,0.17
255348,0.12
255351,0.14
255366,0.12
255371,0.07
255372,0.07
255373,0.28
255377,0.09
255378,0.18
255405,0.15
255408,0.1
255425,0.13
255434,0.28
255441,0.1
255442,0.18
255451,0.2
255486,0.08
255490,0.32
255493,0.12
255501,0.11
255503,0.16
255515,0.12
255522,0.13
255526,0.13
255538,0.23
255541,0.21
255546,0.2
255549,0.09
255557,0.1
255564,0.16
255568,0.11
255572,0.12
255581,0.08
255585,0.08
255586,0.2
255596,0.14
255598,0.13
255600,0.23
255619,0.08
255620,0.09
255623,0.15
255631,0.21
255632,0.19
255633,0.26
255646,0.21
255647,0.26
255649,0.1
255659,0.19
255666,0.17
255669,0.13
255674,0.12
255675,0.07
255678,0.16
255682,0.25
255690,0.18
255691,0.05
255694,0.11
255706,0.11
255717,0.09
255720,0.09
255723,0.09
255724,0.22
255729,0.09
255731,0.19
255733,0.1
255734,0.18
255738,0.1
255760,0.11
255766,0.12
255770,0.11
255772,0.15
255775,0.14
255776,0.13
255786,0.13
255795,0.15
255797,0.21
255810,0.17
255813,0.11
255829,0.21
255830,0.09
255832,0.21
255847,0.14
255853,0.25
255876,0.03
255881,0.09
255883,0.05
255891,0.07
255899,0.12
255900,0.19
255906,0.18
255907,0.24
255911,0.17
255921,0.12
255925,0.26
255930,0.19
255941,0.11
255948,0.15
255969,0.13
255973,0.16
255974,0.12
255976,0.13
255977,0.08
255978,0.1
255981,0.14
255988,0.12
255990,0.13
255992,0.16
255998,0.1
256015,0.13
256016,0.12
256036,0.18
256045,0.25
256050,0.11
256066,0.2
256076,0.3
256080,0.15
256083,0.13
256086,0.11
256103,0.19
256108,0.15
256114,0.12
256115,0.15
256139,0.14
256141,0.09
256146,0.1
256150,0.08
256177,0.15
256179,0.15
256194,0.13
256195,0.16
256200,0.24
256204,0.16
256205,0.14
256213,0.22
256222,0.09
256224,0.15
256235,0.18
256264,0.1
256268,0.15
256276,0.23
256277,0.08
256282,0.05
256285,0.11
256293,0.14
256294,0.08
256296,0.17
256297,0.18
256315,0.08
256317,0.14
256334,0.15
256339,0.14
256342,0.28
256345,0.16
256348,0.22
256350,0.18
256351,0.16
256357,0.09
256375,0.23
256377,0.14
256379,0.2
256392,0.06
256398,0.13
256419,0.1
256422,0.14
256424,0.11
256431,0.06
256432,0.11
256438,0.13
256459,0.13
256460,0.19
256506,0.3
256507,0.11
256511,0.09
256513,0.12
256519,0.06
256533,0.13
256539,0.13
256590,0.12
256606,0.15
256614,0.12
256642,0.12
256644,0.12
256653,0.13
256663,0.03
256666,0.17
256669,0.17
256678,0.08
256685,0.27
256705,0.1
256708,0.11
256713,0.08
256715,0.18
256718,0.16
256745,0.11
256752,0.11
256753,0.13
256754,0.2
256763,0.14
256772,0.17
256773,0.15
256774,0.24
256776,0.25
256783,0.1
256790,0.12
256801,0.23
256802,0.28
256803,0.23
256808,0.14
256809,0.17
256810,0.13
256818,0.19
256824,0.09
256825,0.21
256826,0.07
256829,0.14
256834,0.11
256843,0.25
256866,0.23
256875,0.09
256876,0.21
256887,0.13
256888,0.11
256894,0.18
256909,0.11
256918,0.18
256927,0.11
256931,0.07
256933,0.17
256937,0.16
256950,0.12
256955,0.05
256962,0.11
256972,0.13
256985,0.18
256987,0.22
256993,0.13
257000,0.18
257017,0.11
257019,0.12
257020,0.19
257022,0.14
257023,0.16
257025,0.19
257050,0.13
257056,0.1
257060,0.24
257064,0.18
257066,0.11
257071,0.17
257073,0.1
257076,0.15
257084,0.12
257088,0.21
257102,0.28
257118,0.12
257119,0.07
257120,0.11
257131,0.07
257145,0.17
257150,0.1
257154,0.25
257169,0.22
257192,0.19
257200,0.11
257204,0.11
257205,0.23
257213,0.09
257216,0.1
257219,0.15
257232,0.17
257234,0.14
257244,0.21
257251,0.05
257255,0.17
257260,0.11
257263,0.24
257267,0.21
257277,0.07
257293,0.08
257294,0.07
257304,0.12
257307,0.09
257312,0.1
257324,0.25
257325,0.18
257326,0.11
257353,0.11
257354,0.1
257369,0.11
257372,0.18
257375,0.11
257388,0.13
257393,0.1
257395,0.11
257399,0.19
257406,0.17
257409,0.12
257437,0.1
257441,0.12
257442,0.18
257473,0.16
257476,0.15
257477,0.32
257483,0.16
257500,0.2
257506,0.23
257508,0.15
257511,0.22
257514,0.14
257527,0.34
257528,0.11
257545,0.13
257546,0.08
257548,0.16
257551,0.22
257564,0.15
257565,0.12
257567,0.19
257572,0.12
257575,0.15
257577,0.29
257578,0.06
257585,0.07
257589,0.24
257590,0.25
257594,0.1
257596,0.12
257614,0.26
257618,0.13
257624,0.17
257632,0.11
257638,0.06
257644,0.17
257650,0.17
257653,0.12
257660,0.24
257663,0.11
257665,0.16
257677,0.13
257678,0.15
257690,0.14
257700,0.11
257711,0.05
257712,0.25
257715,0.02
257718,0.12
257720,0.09
257740,0.17
257748,0.16
257765,0.18
257768,0.11
257777,0.13
257778,0.15
257785,0.1
257789,0.13
257794,0.18
257796,0.2
257821,0.08
257823,0.22
257832,0.11
257844,0.23
257848,0.24
257854,0.12
257861,0.24
257872,0.15
257875,0.12
257876,0.22
257883,0.12
257888,0.17
257895,0.12
257900,0.1
257906,0.1
257907,0.21
257920,0.13
257921,0.17
257926,0.12
257932,0.14
257940,0.16
257947,0.24
257953,0.2
257958,0.05
257967,0.13
257977,0.06
257986,0.07
258012,0.13
258013,0.07
258031,0.09
258034,0.07
258037,0.28
258051,0.24
258056,0.14
258058,0.19
258066,0.17
258074,0.1
258077,0.1
258090,0.19
258109,0.1
258114,0.15
258124,0.1
258127,0.17
258141,0.13
258148,0.12
258151,0.15
258163,0.12
258166,0.08
258169,0.09
258179,0.14
258190,0.13
258193,0.09
258207,0.32
258220,0.16
258222,0.16
258223,0.12
258225,0.15
258227,0.08
258231,0.11
258233,0.21
258249,0.09
258255,0.16
258259,0.16
258276,0.07
258281,0.26
258302,0.09
258305,0.15
258310,0.11
258334,0.15
258335,0.14
258338,0.1
258345,0.04
258360,0.11
258363,0.1
258381,0.21
258384,0.18
258387,0.16
258400,0.1
258402,0.15
258406,0.18
258408,0.16
258432,0.09
258443,0.09
258461,0.06
258488,0.15
258489,0.09
258508,0.16
258524,0.13
258527,0.04
258545,0.19
258549,0.16
258560,0.1
258565,0.07
258567,0.14
258575,0.21
258590,0.1
258591,0.11
258592,0.11
258603,0.13
258606,0.18
258610,0.12
258627,0.15
258631,0.07
258637,0.1
258638,0.21
258640,0.11
258645,0.09
258651,0.11
258652,0.19
258653,0.1
258662,0.17
258663,0.1
258671,0.19
258679,0.07
258685,0.1
258686,0.3
258697,0.19
258705,0.24
258723,0.16
258724,0.16
258734,0.08
258763,0.18
258764,0.07
258771,0.15
258773,0.14
258782,0.1
258784,0.06
258790,0.15
258811,0.11
258817,0.12
258818,0.17
258832,0.19
258837,0.27
258841,0.18
258842,0.11
258843,0.11
258860,0.1
258875,0.09
258881,0.08
258887,0.08
258889,0.13
258924,0.17
258925,0.24
258948,0.12
258949,0.17
258963,0.2
258964,0.08
258966,0.2
258973,0.15
258974,0.15
258979,0.17
258989,0.2
258997,0.12
259001,0.07
259013,0.19
259018,0.19
259020,0.26
259031,0.18
259044,0.18
259050,0.33
259064,0.13
259078,0.13
259088,0.26
259124,0.07
259125,0.14
259135,0.09
259137,0.12
259146,0.13
259148,0.35
259168,0.25
259178,0.13
259194,0.15
259198,0.04
259204,0.07
259209,0.09
259223,0.14
259228,0.18
259234,0.21
259237,0.16
259246,0.16
259247,0.11
259249,0.14
259264,0.06
259274,0.12
259281,0.19
259283,0.17
259284,0.12
259285,0.15
259286,0.14
259291,0.2
259304,0.15
259309,0.06
259322,0.18
259323,0.28
259331,0.17
259339,0.12
259344,0.17
259350,0.15
259353,0.11
259356,0.15
259365,0.22
259377,0.3
259397,0.06
259403,0.18
259411,0.12
259415,0.12
259420,0.17
259423,0.19
259424,0.15
259431,0.06
259434,0.18
259438,0.15
259439,0.1
259441,0.15
259452,0.08
259460,0.13
259471,0.1
259483,0.19
259494,0.21
259496,0.09
259500,0.16
259512,0.16
259526,0.11
259528,0.12
259548,0.12
259568,0.12
259593,0.21
259603,0.2
259611,0.14
259620,0.11
259621,0.38
259623,0.11
259633,0.21
259648,0.16
259678,0.08
259691,0.06
259693,0.09
259708,0.24
259720,0.19
259734,0.13
259741,0.23
259749,0.15
259750,0.08
259752,0.13
259755,0.19
259759,0.15
259776,0.1
259779,0.12
259790,0.15
259797,0.06
259799,0.15
259804,0.12
259807,0.08
259810,0.14
259811,0.23
259822,0.12
259833,0.12
259838,0.11
259844,0.19
259846,0.1
259848,0.13
259861,0.15
259867,0.16
259876,0.1
259880,0.2
259897,0.22
259908,0.3
259912,0.12
259920,0.23
259922,0.04
259928,0.14
259932,0.09
259946,0.1
259962,0.45
259982,0.08
259985,0.14
259994,0.22
259996,0.2
260000,0.16
260007,0.18
260018,0.1
260021,0.15
260038,0.09
260051,0.28
260052,0.15
260070,0.05
260074,0.11
260080,0.12
260092,0.09
260097,0.12
260101,0.18
260108,0.2
260117,0.21
260129,0.14
260142,0.1
260145,0.13
260146,0.16
260147,0.11
260148,0.27
260153,0.06
260156,0.13
260171,0.1
260202,0.08
260221,0.13
260222,0.11
260226,0.1
260227,0.12
260247,0.1
260251,0.16
260261,0.07
260264,0.01
260266,0.08
260268,0.13
260289,0.09
260301,0.13
260316,0.16
260348,0.16
260359,0.18
260364,0.18
260391,0.1
260422,0.16
260435,0.13
260438,0.2
260446,0.17
260447,0.16
260458,0.15
260461,0.2
260469,0.09
260471,0.13
260482,0.42
260484,0.12
260487,0.27
260489,0.07
260500,0.17
260508,0.14
260509,0.21
260512,0.23
260525,0.13
260530,0.12
260533,0.17
260538,0.23
260541,0.24
260546,0.2
260551,0.05
260556,0.31
260561,0.14
260566,0.13
260572,0.17
260579,0.18
260582,0.18
260583,0.17
260584,0.15
260586,0.18
260589,0.15
260608,0.12
260632,0.14
260634,0.11
260635,0.22
260645,0.16
260659,0.14
260665,0.11
260673,0.11
260675,0.17
260676,0.16
260700,0.2
260721,0.32
260723,0.18
260732,0.11
260738,0.12
260748,0.16
260782,0.1
260806,0.11
260820,0.1
260825,0.1
260830,0.08
260844,0.19
260858,0.14
260860,0.16
260863,0.1
260867,0.11
260875,0.1
260877,0.14
260902,0.32
260910,0.12
260913,0.21
260923,0.06
260926,0.21
260936,0.09
260937,0.17
260948,0.16
260949,0.11
260959,0.14
260962,0.29
260986,0.24
260988,0.1
260992,0.17
260997,0.16
261007,0.09
261031,0.05
261039,0.21
261044,0.08
261055,0.17
261058,0.11
261069,0.07
261079,0.13
261084,0.13
261097,0.18
261101,0.09
261111,0.2
261115,0.14
261116,0.28
261121,0.08
261124,0.1
261126,0.07
261132,0.11
261161,0.05
261162,0.11
261175,0.15
261187,0.15
261191,0.16
261195,0.08
261197,0.19
261204,0.06
261231,0.12
261248,0.03
261263,0.33
261268,0.23
261273,0.16
261274,0.07
261277,0.24
261283,0.12
261293,0.17
261302,0.18
261309,0.13
261318,0.1
261340,0.2
261346,0.09
261355,0.16
261357,0.15
261365,0.11
261366,0.2
261376,0.05
261380,0.15
261385,0.33
261403,0.16
261416,0.25
261424,0.17
261425,0.07
261431,0.12
261433,0.08
261435,0.1
261440,0.13
261450,0.14
261456,0.21
261464,0.3
261465,0.11
261473,0.16
261475,0.09
261476,0.19
261480,0.11
261481,0.1
261495,0.19
261500,0.1
261506,0.13
261544,0.09
261551,0.08
261566,0.21
261573,0.1
261587,0.09
261592,0.17
261594,0.08
261626,0.1
261635,0.19
261649,0.09
261653,0.12
261660,0.26
261668,0.15
261669,0.1
261676,0.14
261688,0.07
261691,0.12
261699,0.12
261704,0.09
261718,0.27
261719,0.16
261735,0.03
261742,0.11
261746,0.3
261749,0.24
261759,0.21
261763,0.1
261772,0.11
261795,0.17
261798,0.13
261804,0.1
261806,0.09
261813,0.28
261814,0.13
261827,0.11
261835,0.06
261839,0.11
261840,0.17
261845,0.08
261846,0.11
261850,0.09
261853,0.06
261870,0.37
261871,0.13
261883,0.21
261885,0.12
261888,0.21
261892,0.09
261895,0.12
261906,0.17
261912,0.2
261918,0.12
261926,0.14
261930,0.13
261947,0.11
261956,0.14
261958,0.08
261960,0.14
261961,0.3
261965,0.11
261967,0.21
261968,0.13
261974,0.1
261980,0.19
261981,0.12
261983,0.08
261992,0.15
261998,0.16
262002,0.17
262006,0.05
262014,0.11
262017,0.21
262021,0.13
262038,0.16
262040,0.09
262043,0.19
262052,0.14
262054,0.27
262056,0.13
262058,0.09
262062,0.23
262065,0.14
262067,0.13
262070,0.18
262078,0.17
262084,0.15
262091,0.35
262092,0.13
262112,0.25
262114,0.09
262132,0.11
262140,0.28
262152,0.23
262159,0.19
262172,0.16
262180,0.15
262181,0.12
262188,0.3
262202,0.08
262206,0.14
262213,0.17
262227,0.13
262239,0.08
262243,0.14
262246,0.09
262251,0.17
262269,0.13
262272,0.17
262276,0.15
262277,0.09
262278,0.12
262281,0.16
262298,0.14
262308,0.06
262316,0.05
262320,0.07
262321,0.18
262337,0.29
262354,0.32
262362,0.13
262364,0.11
262365,0.09
262372,0.06
262373,0.07
262380,0.08
262392,0.13
262399,0.16
262407,0.18
262418,0.16
262429,0.2
262430,0.05
262446,0.09
262455,0.06
262459,0.22
262475,0.11
262478,0.18
262492,0.12
262520,0.08
262535,0.14
262537,0.11
262538,0.26
262541,0.06
262554,0.24
262559,0.17
262561,0.12
262562,0.11
262575,0.37
262576,0.18
262579,0.15
262581,0.29
262590,0.1
262599,0.11
262607,0.12
262608,0.13
262613,0.13
262620,0.08
262621,0.34
262622,0.1
262623,0.19
262629,0.1
262633,0.08
262650,0.15
262655,0.08
262659,0.17
262660,0.18
262663,0.1
262665,0.1
262666,0.15
262679,0.12
262681,0.17
262702,0.15
262705,0.1
262716,0.11
262725,0.16
262732,0.12
262743,0.07
262749,0.17
262752,0.17
262756,0.2
262758,0.13
262772,0.24
262784,0.13
262791,0.1
262793,0.23
262802,0.22
262814,0.28
262817,0.11
262820,0.05
262827,0.15
262832,0.11
262845,0.15
262847,0.16
262859,0.23
262862,0.1
262864,0.17
262865,0.17
262887,0.05
262914,0.15
262939,0.11
262943,0.19
262958,0.16
262963,0.07
262970,0.13
262979,0.21
262986,0.12
263004,0.1
263015,0.1
263016,0.14
263028,0.13
263029,0.16
263031,0.11
263044,0.13
263046,0.2
263056,0.15
263059,0.1
263061,0.24
263077,0.09
263087,0.18
263105,0.13
263116,0.16
263120,0.16
263127,0.37
263137,0.13
263166,0.11
263175,0.24
263184,0.15
263185,0.13
263205,0.11
263208,0.12
263210,0.13
263220,0.14
263224,0.1
263228,0.1
263240,0.1
263243,0.21
263288,0.16
263290,0.14
263306,0.11
263312,0.14
263319,0.07
263326,0.04
263331,0.12
263339,0.14
263347,0.11
263353,0.13
263355,0.22
263368,0.31
263408,0.08
263414,0.15
263421,0.08
263440,0.15
263458,0.09
263460,0.13
263475,0.11
263477,0.11
263479,0.13
263489,0.16
263492,0.19
263493,0.11
263498,0.12
263510,0.1
263513,0.07
263514,0.11
263517,0.23
263518,0.06
263548,0.09
263561,0.21
263564,0.17
263565,0.19
263576,0.1
263580,0.28
263582,0.1
263584,0.04
263593,0.3
263594,0.18
263598,0.1
263602,0.15
263611,0.23
263640,0.18
263642,0.1
263643,0.18
263646,0.14
263658,0.09
263664,0.13
263683,0.17
263703,0.19
263705,0.1
263709,0.09
263715,0.09
263728,0.19
263732,0.19
263735,0.11
263748,0.13
263750,0.08
263751,0.15
263759,0.2
263763,0.11
263765,0.06
263780,0.09
263783,0.14
263786,0.23
263794,0.21
263799,0.15
263802,0.2
263803,0.1
263820,0.1
263846,0.12
263857,0.13
263858,0.17
263860,0.19
263864,0.1
263870,0.08
263879,0.09
263881,0.12
263882,0.18
263895,0.14
263909,0.17
263918,0.08
263940,0.13
263945,0.11
263946,0.19
263947,0.13
263948,0.13
263962,0.13
263972,0.29
263974,0.06
263981,0.11
263984,0.16
263992,0.35
264001,0.1
264007,0.11
264010,0.06
264011,0.22
264015,0.23
264023,0.27
264030,0.14
264033,0.12
264037,0.11
264043,0.04
264044,0.12
264045,0.25
264050,0.14
264055,0.16
264059,0.13
264060,0.21
264062,0.21
264069,0.17
264077,0.15
264078,0.06
264087,0.08
264094,0.18
264095,0.25
264112,0.11
264113,0.2
264131,0.08
264145,0.17
264148,0.08
264157,0.18
264161,0.1
264173,0.18
264188,0.12
264195,0.1
264198,0.09
264199,0.05
264207,0.22
264209,0.07
264226,0.13
264227,0.14
264243,0.15
264246,0.28
264252,0.13
264254,0.11
264259,0.11
264274,0.08
264280,0.38
264285,0.13
264299,0.11
264331,0.13
264334,0.12
264338,0.1
264341,0.21
264344,0.11
264347,0.26
264350,0.08
264360,0.13
264365,0.2
264367,0.1
264378,0.2
264381,0.2
264397,0.15
264401,0.25
264405,0.09
264417,0.2
264422,0.1
264423,0.2
264424,0.1
264436,0.22
264441,0.07
264451,0.1
264453,0.1
264457,0.14
264460,0.12
264464,0.11
264469,0.2
264485,0.16
264491,0.15
264505,0.12
264535,0.21
264538,0.09
264541,0.16
264544,0.1
264545,0.15
264549,0.17
264557,0.18
264563,0.18
264569,0.2
264574,0.11
264587,0.12
264608,0.12
264610,0.19
264621,0.1
264627,0.14
264642,0.23
264644,0.1
264655,0.11
264660,0.15
264667,0.14
264691,0.16
264694,0.2
264695,0.09
264700,0.17
264709,0.08
264712,0.15
264714,0.08
264722,0.07
264728,0.08
264742,0.11
264744,0.19
264748,0.14
264760,0.14
264763,0.19
264771,0.11
264773,0.14
264782,0.31
264786,0.14
264787,0.11
264809,0.15
264811,0.12
264822,0.17
264823,0.23
264831,0.14
264834,0.19
264841,0.11
264848,0.22
264849,0.23
264863,0.27
264867,0.09
264874,0.08
264875,0.08
264877,0.08
264897,0.14
264900,0.19
264906,0.2
264909,0.14
264913,0.03
264922,0.12
264924,0.16
264927,0.14
264935,0.09
264938,0.24
264968,0.08
264975,0.21
264979,0.09
264989,0.13
265001,0.21
265009,0.09
265014,0.16
265016,0.09
265027,0.34
265049,0.18
265061,0.26
265062,0.13
265068,0.09
265072,0.14
265100,0.12
265105,0.09
265106,0.11
265110,0.14
265123,0.11
265126,0.3
265131,0.21
265134,0.18
265144,0.05
265146,0.16
265154,0.11
265164,0.15
265170,0.12
265172,0.18
265173,0.06
265178,0.2
265187,0.16
265191,0.23
265194,0.21
265216,0.13
265228,0.11
265231,0.1
265232,0.15
265233,0.08
265242,0.2
265243,0.05
265246,0.13
265259,0.19
265265,0.16
265266,0.16
265268,0.2
265280,0.09
265287,0.05
265297,0.06
265298,0.16
265300,0.13
265301,0.17
265305,0.23
265307,0.14
265314,0.15
265320,0.13
265331,0.15
265333,0.16
265336,0.12
265337,0.23
265344,0.14
265346,0.07
265371,0.09
265380,0.07
265386,0.09
265389,0.11
265409,0.2
265414,0.14
265415,0.11
265419,0.11
265422,0.19
265457,0.13
265461,0.11
265463,0.21
265468,0.14
265474,0.17
265478,0.13
265480,0.38
265488,0.15
265493,0.15
265510,0.2
265519,0.15
265521,0.18
265529,0.11
265533,0.13
265577,0.09
265591,0.12
265596,0.34
265607,0.16
265618,0.18
265619,0.07
265620,0.08
265628,0.14
265661,0.14
265669,0.05
265680,0.2
265707,0.17
265714,0.1
265716,0.13
265717,0.19
265718,0.16
265723,0.22
265730,0.15
265732,0.14
265744,0.28
265751,0.2
265760,0.21
265777,0.16
265783,0.11
265791,0.12
265792,0.11
265797,0.07
265798,0.06
265806,0.15
265815,0.07
265816,0.16
265821,0.13
265833,0.1
265854,0.18
265856,0.08
265858,0.08
265862,0.16
265863,0.11
265879,0.09
265881,0.13
265894,0.12
265895,0.43
265896,0.15
265898,0.11
265900,0.22
265907,0.07
265910,0.21
265917,0.14
265941,0.08
265955,0.15
265957,0.18
265961,0.11
265966,0.11
265969,0.16
265974,0.17
265976,0.04
265979,0.13
265985,0.15
265988,0.18
265990,0.11
265991,0.13
265993,0.05
265995,0.2
266009,0.21
266010,0.08
266014,0.24
266020,0.13
266022,0.15
266029,0.18
266045,0.12
266057,0.16
266060,0.21
266065,0.12
266071,0.17
266072,0.2
266074,0.07
266076,0.23
266089,0.08
266091,0.16
266097,0.16
266099,0.13
266106,0.22
266117,0.13
266120,0.16
266129,0.11
266132,0.2
266139,0.23
266140,0.22
266141,0.1
266146,0.3
266149,0.15
266159,0.11
266165,0.09
266171,0.23
266173,0.1
266177,0.19
266179,0.08
266186,0.12
266210,0.21
266227,0.11
266266,0.09
266291,0.15
266319,0.13
266321,0.15
266323,0.13
266329,0.05
266331,0.12
266333,0.25
266334,0.21
266338,0.05
266340,0.11
266344,0.11
266354,0.17
266359,0.15
266362,0.14
266364,0.09
266365,0.09
266379,0.21
266380,0.34
266387,0.06
266393,0.14
266396,0.07
266406,0.09
266418,0.18
266424,0.1
266440,0.2
266442,0.17
266444,0.18
266453,0.25
266455,0.12
266461,0.1
266462,0.1
266465,0.2
266466,0.11
266468,0.39
266471,0.21
266479,0.15
266499,0.18
266536,0.11
266543,0.12
266544,0.08
266556,0.13
266561,0.14
266573,0.13
266578,0.07
266590,0.22
266596,0.18
266624,0.24
266629,0.17
266635,0.15
266644,0.07
266650,0.1
266659,0.16
266666,0.16
266668,0.21
266674,0.26
266680,0.12
266686,0.18
266714,0.15
266730,0.06
266734,0.13
266740,0.27
266745,0.1
266749,0.14
266750,0.17
266751,0.16
266752,0.12
266753,0.08
266759,0.22
266763,0.12
266766,0.1
266783,0.12
266805,0.06
266812,0.12
266813,0.22
266816,0.1
266819,0.14
266820,0.31
266833,0.15
266842,0.14
266847,0.13
266848,0.13
266865,0.2
266867,0.16
266874,0.15
266885,0.11
266888,0.1
266890,0.17
266932,0.1
266941,0.21
266942,0.18
266948,0.2
266959,0.14
266977,0.09
266983,0.06
266984,0.17
266999,0.29
267000,0.28
267023,0.26
267031,0.23
267035,0.13
267046,0.11
267050,0.1
267058,0.04
267070,0.12
267079,0.15
267080,0.12
267093,0.15
267094,0.14
267102,0.1
267107,0.14
267108,0.13
267113,0.14
267127,0.1
267136,0.12
267143,0.1
267155,0.13
267180,0.1
267182,0.13
267184,0.14
267192,0.09
267195,0.15
267220,0.15
267228,0.08
267237,0.15
267241,0.17
267242,0.36
267247,0.11
267259,0.23
267260,0.17
267265,0.15
267269,0.22
267272,0.13
267275,0.08
267282,0.34
267284,0.28
267294,0.14
267298,0.12
267304,0.14
267316,0.19
267324,0.18
267327,0.15
267333,0.09
267338,0.09
267341,0.14
267342,0.15
267344,0.15
267345,0.28
267347,0.1
267361,0.19
267374,0.06
267379,0.1
267380,0.1
267382,0.16
267394,0.1
267403,0.17
267405,0.29
267412,0.12
267421,0.31
267437,0.18
267438,0.09
267443,0.1
267446,0.08
267460,0.17
267466,0.25
267469,0.2
267474,0.1
267488,0.12
267490,0.07
267496,0.47
267499,0.19
267501,0.17
267518,0.19
267522,0.31
267524,0.16
267532,0.12
267535,0.26
267547,0.1
267550,0.09
267559,0.23
267581,0.13
267586,0.15
267588,0.2
267592,0.1
267597,0.16
267600,0.11
267608,0.15
267620,0.07
267625,0.11
267628,0.06
267633,0.13
267639,0.09
267649,0.09
267659,0.13
267662,0.06
267671,0.18
267672,0.14
267677,0.11
267679,0.13
267682,0.12
267687,0.11
267689,0.11
267690,0.17
267707,0.25
267709,0.07
267716,0.06
267738,0.09
267744,0.22
267752,0.06
267754,0.24
267755,0.19
267757,0.18
267758,0.13
267767,0.26
267771,0.1
267808,0.21
267815,0.2
267833,0.23
267841,0.1
267843,0.15
267847,0.07
267857,0.25
267869,0.19
267881,0.25
267887,0.08
267890,0.09
267892,0.22
267895,0.13
267899,0.14
267906,0.17
267912,0.15
267917,0.12
267927,0.09
267930,0.1
267934,0.07
267950,0.09
267965,0.1
267966,0.06
267976,0.11
267998,0.17
267999,0.08
268012,0.2
268013,0.16
268014,0.12
268020,0.13
268028,0.16
268032,0.13
268039,0.19
268041,0.17
268046,0.12
268059,0.16
268064,0.13
268066,0.21
268073,0.16
268077,0.14
268085,0.11
268090,0.21
268109,0.22
268139,0.21
268151,0.1
268153,0.19
268155,0.29
268163,0.09
268166,0.09
268185,0.06
268189,0.11
268190,0.1
268192,0.12
268211,0.23
268213,0.06
268214,0.08
268220,0.14
268225,0.11
268227,0.17
268230,0.18
268247,0.3
268250,0.08
268268,0.16
268269,0.13
268271,0.12
268274,0.16
268280,0.24
268291,0.23
268299,0.04
268301,0.05
268306,0.14
268307,0.09
268310,0.13
268317,0.23
268328,0.14
268329,0.12
268337,0.11
268338,0.11
268357,0.07
268363,0.19
268373,0.1
268380,0.18
268386,0.06
268394,0.07
268407,0.16
268411,0.25
268417,0.14
268421,0.25
268422,0.2
268426,0.2
268427,0.11
268439,0.19
268445,0.04
268446,0.21
268459,0.17
268465,0.24
268466,0.22
268495,0.1
268497,0.1
268504,0.22
268508,0.2
268513,0.25
268525,0.1
268545,0.11
268546,0.08
268550,0.11
268568,0.05
268570,0.16
268590,0.09
268591,0.15
268602,0.12
268609,0.09
268616,0.07
268623,0.13
268645,0.26
268652,0.27
268668,0.21
268685,0.08
268707,0.2
268711,0.2
268714,0.14
268736,0.09
268746,0.27
268747,0.12
268749,0.15
268760,0.28
268761,0.1
268764,0.31
268781,0.12
268790,0.15
268799,0.11
268809,0.14
268814,0.11
268817,0.19
268822,0.09
268827,0.11
268828,0.08
268829,0.14
268845,0.2
268853,0.11
268859,0.11
268900,0.12
268911,0.16
268913,0.2
268917,0.28
268930,0.07
268934,0.04
268935,0.22
268938,0.17
268948,0.14
268950,0.14
268958,0.13
268975,0.04
268982,0.13
268983,0.11
268997,0.08
269009,0.13
269012,0.18
269017,0.28
269031,0.18
269038,0.19
269041,0.15
269045,0.14
269050,0.12
269056,0.13
269058,0.07
269060,0.1
269067,0.14
269082,0.13
269098,0.11
269105,0.03
269117,0.22
269123,0.14
269128,0.15
269143,0.11
269149,0.24
269162,0.2
269168,0.1
269172,0.23
269175,0.16
269189,0.11
269194,0.09
269197,0.11
269204,0.18
269211,0.11
269217,0.23
269222,0.14
269227,0.14
269228,0.13
269232,0.21
269250,0.12
269251,0.08
269257,0.21
269262,0.13
269263,0.04
269267,0.11
269275,0.11
269276,0.22
269279,0.1
269293,0.43
269300,0.19
269305,0.07
269309,0.12
269317,0.22
269352,0.2
269377,0.14
269378,0.06
269389,0.15
269392,0.07
269394,0.12
269402,0.28
269408,0.1
269410,0.04
269417,0.14
269421,0.2
269462,0.12
269481,0.15
269488,0.25
269489,0.09
269491,0.14
269495,0.11
269503,0.08
269510,0.11
269515,0.17
269522,0.14
269523,0.09
269536,0.06
269537,0.09
269549,0.11
269571,0.15
269576,0.08
269587,0.23
269595,0.13
269601,0.13
269610,0.32
269618,0.12
269620,0.15
269623,0.21
269637,0.11
269642,0.16
269652,0.23
269655,0.09
269661,0.18
269663,0.22
269665,0.1
269666,0.19
269667,0.1
269673,0.25
269693,0.1
269701,0.14
269702,0.15
269704,0.12
269718,0.11
269727,0.1
269732,0.09
269736,0.1
269738,0.08
269741,0.05
269744,0.13
269749,0.32
269750,0.13
269758,0.14
269775,0.24
269776,0.12
269777,0.17
269789,0.08
269794,0.19
269797,0.13
269807,0.4
269813,0.12
269844,0.17
269848,0.18
269871,0.16
269877,0.08
269878,0.09
269887,0.06
269904,0.19
269913,0.28
269938,0.12
269941,0.2
269953,0.21
269954,0.15
269955,0.16
269958,0.13
269960,0.12
269966,0.18
269975,0.07
269978,0.18
269989,0.18
269993,0.06
269998,0.09
270001,0.15
270020,0.13
270023,0.08
270028,0.12
270048,0.24
270061,0.16
270062,0.17
270096,0.17
270108,0.08
270118,0.07
270120,0.16
270122,0.12
270127,0.2
270131,0.16
270142,0.1
270146,0.06
270148,0.1
270152,0.07
270165,0.06
270170,0.08
270188,0.17
270204,0.1
270235,0.12
270243,0.2
270254,0.11
270265,0.11
270270,0.27
270287,0.08
270295,0.11
270296,0.05
270302,0.13
270304,0.15
270307,0.07
270310,0.13
270317,0.11
270324,0.09
270326,0.16
270337,0.13
270363,0.16
270371,0.07
270373,0.12
270375,0.22
270376,0.17
270379,0.08
270383,0.33
270390,0.15
270393,0.12
270402,0.07
270410,0.13
270411,0.09
270412,0.18
270415,0.1
270417,0.2
270436,0.26
270440,0.12
270449,0.12
270450,0.13
270457,0.26
270460,0.05
270461,0.14
270467,0.1
270473,0.12
270486,0.15
270488,0.15
270513,0.12
270518,0.16
270522,0.11
270526,0.12
270532,0.06
270545,0.2
270548,0.17
270550,0.1
270562,0.18
270564,0.17
270571,0.12
270572,0.2
270574,0.08
270575,0.16
270579,0.14
270612,0.28
270613,0.36
270622,0.1
270636,0.08
270643,0.13
270644,0.13
270645,0.1
270658,0.14
270661,0.14
270665,0.13
270676,0.13
270685,0.13
270695,0.17
270712,0.12
270719,0.18
270740,0.06
270753,0.1
270756,0.11
270759,0.22
270760,0.16
270764,0.16
270767,0.11
270778,0.13
270782,0.31
270794,0.12
270795,0.38
270799,0.15
270807,0.09
270821,0.15
270826,0.21
270829,0.12
270831,0.13
270843,0.14
270844,0.14
270847,0.12
270854,0.14
270856,0.2
270861,0.07
270862,0.13
270864,0.07
270881,0.18
270883,0.12
270885,0.23
270888,0.16
270894,0.1
270906,0.29
270914,0.1
270919,0.18
270935,0.13
270945,0.24
270957,0.04
270966,0.17
270970,0.17
270971,0.07
270976,0.22
270977,0.2
270978,0.13
270979,0.23
270982,0.06
270987,0.17
270989,0.14
270991,0.11
270992,0.15
270993,0.09
270997,0.37
271010,0.26
271025,0.11
271037,0.18
271038,0.08
271054,0.1
271056,0.19
271065,0.09
271070,0.15
271095,0.08
271099,0.1
271102,0.12
271103,0.15
271105,0.25
271106,0.14
271117,0.07
271134,0.2
271135,0.15
271137,0.15
271145,0.17
271149,0.13
271195,0.04
271199,0.18
271200,0.24
271220,0.08
271233,0.14
271234,0.2
271236,0.17
271248,0.06
271250,0.31
271251,0.12
271255,0.17
271261,0.1
271269,0.07
271276,0.17
271296,0.17
271304,0.25
271314,0.14
271318,0.08
271322,0.1
271325,0.09
271354,0.09
271355,0.14
271359,0.13
271361,0.12
271363,0.36
271367,0.19
271368,0.22
271369,0.09
271393,0.33
271409,0.27
271415,0.11
271418,0.18
271429,0.15
271431,0.14
271432,0.17
271442,0.14
271446,0.19
271448,0.11
271450,0.38
271452,0.13
271460,0.18
271461,0.26
271472,0.1
271496,0.07
271515,0.11
271527,0.21
271537,0.21
271544,0.14
271562,0.13
271565,0.14
271566,0.2
271567,0.17
271570,0.22
271576,0.12
271582,0.19
271586,0.2
271593,0.12
271598,0.12
271606,0.15
271607,0.13
271616,0.21
271617,0.08
271624,0.14
271638,0.13
271652,0.14
271657,0.07
271662,0.13
271665,0.08
271667,0.09
271670,0.16
271675,0.17
271679,0.15
271682,0.24
271696,0.15
271699,0.08
271733,0.22
271739,0.12
271746,0.05
271753,0.16
271756,0.16
271762,0.08
271777,0.18
271781,0.09
271785,0.1
271786,0.12
271790,0.12
271801,0.15
271806,0.21
271807,0.1
271810,0.17
271811,0.15
271815,0.07
271847,0.06
271875,0.09
271878,0.17
271880,0.16
271883,0.07
271911,0.15
271912,0.07
271914,0.25
271922,0.14
271933,0.13
271945,0.06
271952,0.15
271954,0.1
271961,0.12
271967,0.08
271969,0.12
271980,0.19
271989,0.07
271991,0.22
272000,0.1
272004,0.1
272010,0.17
272013,0.27
272029,0.08
272030,0.06
272031,0.07
272035,0.11
272040,0.26
272043,0.11
272055,0.11
272068,0.14
272075,0.26
272081,0.08
272090,0.13
272104,0.07
272116,0.08
272121,0.12
272129,0.12
272143,0.23
272146,0.07
272148,0.18
272152,0.23
272167,0.06
272180,0.05
272192,0.03
272201,0.12
272205,0.08
272209,0.2
272211,0.13
272228,0.07
272233,0.18
272235,0.11
272249,0.18
272267,0.22
272270,0.08
272276,0.12
272302,0.16
272303,0.12
272308,0.17
272309,0.21
272311,0.12
272313,0.11
272353,0.12
272366,0.1
272367,0.12
272371,0.09
272381,0.1
272404,0.17
272405,0.1
272418,0.15
272419,0.13
272425,0.13
272438,0.18
272444,0.16
272445,0.09
272462,0.16
272474,0.09
272478,0.15
272479,0.15
272480,0.18
272482,0.12
272511,0.23
272512,0.1
272516,0.07
272517,0.12
272522,0.09
272537,0.12
272555,0.08
272564,0.16
272566,0.07
272573,0.18
272575,0.09
272583,0.09
272593,0.09
272627,0.11
272628,0.18
272630,0.17
272632,0.08
272635,0.34
272636,0.15
272661,0.15
272669,0.15
272672,0.11
272681,0.09
272682,0.11
272691,0.1
272697,0.11
272706,0.15
272708,0.08
272717,0.05
272722,0.17
272723,0.07
272737,0.07
272744,0.09
272752,0.18
272757,0.07
272760,0.06
272763,0.15
272768,0.11
272779,0.06
272781,0.25
272787,0.09
272795,0.1
272799,0.09
272820,0.09
272821,0.09
272829,0.1
272852,0.07
272863,0.17
272878,0.1
272886,0.14
272891,0.2
272903,0.19
272914,0.1
272928,0.18
272937,0.18
272938,0.13
272944,0.15
272965,0.24
272967,0.17
272969,0.18
272983,0.12
272998,0.12
273002,0.14
273005,0.17
273010,0.15
273011,0.07
273017,0.12
273021,0.06
273023,0.24
273027,0.12
273035,0.1
273047,0.27
273053,0.1
273060,0.21
273062,0.12
273074,0.21
273078,0.12
273079,0.18
273087,0.09
273107,0.12
273109,0.06
273112,0.18
273113,0.2
273117,0.17
273121,0.35
273137,0.2
273156,0.14
273157,0.14
273177,0.13
273192,0.14
273193,0.15
273194,0.12
273198,0.25
273199,0.03
273206,0.17
273213,0.1
273235,0.14
273244,0.15
273247,0.1
273248,0.21
273254,0.2
273259,0.15
273270,0.15
273272,0.11
273287,0.07
273289,0.15
273294,0.09
273301,0.13
273304,0.16
273313,0.15
273314,0.09
273333,0.13
273336,0.23
273343,0.17
273353,0.13
273359,0.04
273371,0.11
273402,0.17
273415,0.03
273420,0.38
273424,0.16
273428,0.06
273429,0.16
273443,0.12
273457,0.12
273458,0.15
273467,0.16
273477,0.16
273482,0.15
273495,0.09
273496,0.11
273503,0.11
273507,0.15
273508,0.15
273510,0.1
273524,0.19
273552,0.1
273556,0.14
273566,0.11
273579,0.05
273584,0.16
273595,0.13
273606,0.05
273623,0.09
273625,0.16
273638,0.34
273660,0.06
273664,0.1
273683,0.15
273686,0.16
273687,0.24
273699,0.22
273700,0.28
273719,0.11
273721,0.36
273728,0.25
273764,0.12
273770,0.16
273774,0.13
273792,0.17
273806,0.13
273807,0.13
273818,0.09
273823,0.17
273835,0.3
273856,0.16
273861,0.08
273863,0.16
273864,0.13
273874,0.25
273879,0.12
273892,0.23
273895,0.13
273899,0.1
273900,0.28
273912,0.19
273921,0.11
273941,0.16
273946,0.08
273954,0.22
273956,0.07
273962,0.14
273968,0.11
273985,0.15
274000,0.13
274003,0.11
274004,0.09
274006,0.19
274019,0.17
274022,0.24
274023,0.12
274034,0.14
274043,0.08
274052,0.19
274054,0.38
274058,0.29
274063,0.16
274070,0.1
274072,0.16
274081,0.12
274108,0.16
274118,0.25
274125,0.21
274129,0.07
274140,0.17
274142,0.11
274146,0.09
274147,0.11
274155,0.08
274163,0.09
274165,0.11
274174,0.1
274182,0.21
274186,0.11
274188,0.13
274193,0.16
274198,0.17
274216,0.03
274219,0.09
274225,0.17
274229,0.1
274248,0.11
274268,0.13
274274,0.08
274286,0.11
274289,0.11
274297,0.1
274302,0.08
274326,0.18
274346,0.17
274348,0.11
274349,0.1
274350,0.06
274353,0.09
274359,0.3
274364,0.09
274368,0.15
274373,0.19
274378,0.2
274389,0.07
274390,0.09
274391,0.08
274392,0.16
274396,0.23
274408,0.16
274409,0.16
274424,0.26
274453,0.13
274460,0.11
274465,0.15
274468,0.1
274481,0.15
274482,0.05
274484,0.08
274490,0.13
274509,0.11
274511,0.12
274515,0.11
274521,0.2
274523,0.14
274525,0.16
274539,0.2
274541,0.15
274574,0.24
274585,0.07
274587,0.13
274594,0.2
274600,0.22
274605,0.13
274611,0.14
274619,0.16
274641,0.16
274666,0.26
274688,0.1
274690,0.15
274699,0.16
274703,0.19
274715,0.05
274717,0.13
274760,0.28
274774,0.16
274791,0.26
274801,0.21
274804,0.09
274808,0.14
274813,0.18
274815,0.14
274818,0.11
274820,0.17
274829,0.1
274847,0.31
274865,0.19
274870,0.11
274881,0.15
274890,0.11
274894,0.16
274902,0.09
274905,0.13
274911,0.22
274912,0.25
274914,0.04
274927,0.07
274931,0.12
274944,0.2
274951,0.16
274953,0.21
274954,0.11
274961,0.12
274965,0.13
274972,0.16
274978,0.17
274984,0.1
274993,0.05
274996,0.08
275043,0.1
275048,0.14
275052,0.14
275059,0.04
275060,0.1
275071,0.13
275077,0.05
275078,0.19
275091,0.12
275098,0.25
275111,0.14
275120,0.27
275121,0.14
275125,0.08
275129,0.1
275139,0.14
275150,0.1
275153,0.12
275166,0.19
275185,0.19
275199,0.25
275201,0.07
275203,0.15
275216,0.23
275225,0.28
275226,0.08
275232,0.06
275254,0.11
275256,0.27
275272,0.18
275278,0.12
275280,0.1
275286,0.14
275288,0.13
275299,0.09
275306,0.17
275313,0.1
275314,0.16
275319,0.25
275324,0.1
275330,0.16
275334,0.06
275335,0.18
275337,0.08
275339,0.17
275351,0.13
275352,0.14
275367,0.09
275384,0.2
275392,0.17
275393,0.11
275408,0.17
275411,0.24
275413,0.2
275415,0.09
275416,0.1
275422,0.08
275424,0.16
275438,0.14
275440,0.13
275468,0.1
275469,0.17
275473,0.11
275482,0.12
275488,0.07
275502,0.13
275503,0.08
275511,0.13
275518,0.07
275520,0.11
275524,0.07
275531,0.12
275537,0.1
275558,0.16
275574,0.1
275576,0.12
275583,0.16
275588,0.12
275605,0.24
275612,0.18
275627,0.16
275633,0.05
275646,0.21
275647,0.34
275653,0.34
275661,0.25
275683,0.2
275688,0.08
275691,0.17
275713,0.17
275731,0.08
275735,0.15
275739,0.05
275761,0.15
275762,0.09
275767,0.08
275768,0.13
275769,0.29
275774,0.11
275776,0.13
275783,0.07
275800,0.11
275805,0.29
275836,0.1
275842,0.09
275855,0.28
275860,0.12
275870,0.23
275884,0.11
275897,0.16
275899,0.09
275900,0.1
275906,0.12
275912,0.18
275922,0.24
275929,0.38
275931,0.3
275932,0.16
275936,0.28
275937,0.07
275947,0.19
275949,0.29
275954,0.17
275958,0.07
275966,0.2
275967,0.18
275970,0.17
275989,0.18
275993,0.22
275995,0.05
275998,0.08
276007,0.18
276011,0.17
276029,0.27
276047,0.09
276048,0.18
276050,0.13
276054,0.14
276056,0.15
276057,0.12
276060,0.15
276084,0.09
276089,0.13
276118,0.13
276121,0.25
276122,0.15
276130,0.07
276134,0.22
276135,0.14
276142,0.16
276164,0.11
276195,0.22
276210,0.14
276235,0.14
276238,0.11
276242,0.1
276244,0.2
276247,0.1
276263,0.25
276306,0.25
276309,0.07
276319,0.13
276334,0.11
276338,0.07
276343,0.06
276344,0.09
276345,0.09
276348,0.07
276359,0.11
276363,0.17
276365,0.12
276366,0.17
276373,0.11
276378,0.21
276386,0.1
276405,0.22
276419,0.18
276422,0.16
276430,0.11
276437,0.11
276442,0.14
276444,0.08
276446,0.12
276455,0.23
276470,0.06
276472,0.14
276475,0.25
276479,0.14
276484,0.12
276487,0.14
276488,0.3
276495,0.22
276497,0.1
276508,0.24
276509,0.17
276516,0.08
276521,0.07
276525,0.13
276550,0.06
276560,0.1
276569,0.1
276584,0.12
276603,0.15
276615,0.09
276617,0.05
276622,0.19
276625,0.06
276629,0.13
276642,0.08
276664,0.1
276674,0.11
276675,0.29
276678,0.1
276692,0.07
276693,0.11
276697,0.16
276703,0.11
276705,0.12
276717,0.19
276728,0.1
276744,0.26
276762,0.12
276764,0.06
276781,0.18
276793,0.11
276798,0.11
276800,0.12
276805,0.12
276824,0.05
276826,0.12
276848,0.18
276854,0.14
276862,0.32
276865,0.13
276869,0.15
276880,0.11
276882,0.13
276886,0.14
276889,0.17
276892,0.14
276903,0.06
276906,0.11
276936,0.14
276945,0.09
276956,0.08
276958,0.05
276963,0.15
276966,0.12
276987,0.18
276993,0.21
276994,0.09
277004,0.1
277015,0.09
277021,0.16
277024,0.08
277032,0.11
277054,0.13
277055,0.16
277061,0.11
277065,0.15
277070,0.11
277079,0.2
277088,0.06
277108,0.1
277114,0.07
277121,0.16
277137,0.1
277148,0.17
277158,0.12
277162,0.17
277165,0.18
277167,0.06
277170,0.1
277172,0.12
277177,0.1
277179,0.17
277182,0.14
277185,0.12
277191,0.19
277200,0.28
277211,0.12
277217,0.08
277221,0.12
277226,0.09
277227,0.19
277228,0.17
277229,0.13
277244,0.14
277271,0.04
277274,0.14
277282,0.07
277286,0.1
277288,0.15
277290,0.07
277291,0.15
277296,0.13
277297,0.06
277320,0.19
277327,0.14
277335,0.2
277336,0.12
277338,0.22
277342,0.16
277344,0.07
277345,0.04
277349,0.07
277356,0.12
277370,0.12
277371,0.16
277379,0.09
277386,0.3
277390,0.19
277400,0.17
277401,0.24
277412,0.09
277413,0.16
277415,0.07
277417,0.17
277419,0.26
277422,0.15
277423,0.14
277425,0.09
277432,0.13
277438,0.1
277445,0.11
277447,0.2
277456,0.12
277457,0.17
277474,0.17
277488,0.14
277494,0.12
277501,0.2
277503,0.16
277510,0.18
277516,0.15
277521,0.15
277522,0.09
277530,0.13
277531,0.28
277536,0.13
277548,0.17
277550,0.07
277554,0.14
277555,0.14
277562,0.15
277565,0.23
277566,0.11
277572,0.19
277592,0.22
277593,0.06
277610,0.16
277621,0.13
277654,0.2
277668,0.15
277673,0.16
277675,0.08
277694,0.08
277697,0.15
277699,0.17
277700,0.11
277701,0.06
277708,0.19
277710,0.13
277717,0.14
277725,0.13
277731,0.15
277746,0.23
277753,0.12
277757,0.13
277764,0.11
277772,0.12
277775,0.19
277777,0.1
277787,0.11
277797,0.1
277798,0.18
277802,0.35
277812,0.09
277816,0.19
277820,0.07
277821,0.08
277822,0.19
277838,0.09
277845,0.07
277846,0.13
277854,0.19
277856,0.12
277866,0.11
277874,0.12
277893,0.15
277900,0.18
277964,0.11
277970,0.16
277976,0.07
277983,0.12
277994,0.12
278011,0.11
278025,0.27
278045,0.12
278048,0.2
278066,0.15
278088,0.15
278098,0.21
278101,0.25
278113,0.13
278114,0.12
278128,0.15
278152,0.1
278157,0.21
278168,0.16
278169,0.21
278174,0.14
278176,0.17
278181,0.23
278185,0.22
278225,0.11
278236,0.27
278242,0.22
278244,0.09
278251,0.09
278252,0.13
278272,0.05
278279,0.08
278287,0.25
278288,0.14
278309,0.21
278310,0.12
278316,0.14
278318,0.36
278320,0.14
278344,0.24
278356,0.2
278359,0.07
278361,0.18
278368,0.08
278372,0.15
278384,0.26
278388,0.12
278409,0.18
278414,0.11
278415,0.24
278416,0.15
278422,0.16
278423,0.2
278432,0.09
278436,0.11
278455,0.16
278461,0.21
278469,0.17
278482,0.25
278487,0.16
278493,0.12
278501,0.1
278508,0.24
278511,0.11
278519,0.12
278526,0.16
278530,0.25
278533,0.16
278539,0.19
278545,0.13
278556,0.14
278559,0.16
278587,0.1
278601,0.14
278603,0.15
278604,0.16
278605,0.11
278606,0.07
278613,0.16
278616,0.16
278618,0.11
278632,0.16
278633,0.14
278637,0.1
278645,0.11
278649,0.16
278653,0.17
278662,0.06
278673,0.1
278700,0.13
278703,0.16
278704,0.12
278723,0.11
278725,0.1
278730,0.12
278750,0.13
278765,0.1
278770,0.14
278779,0.08
278787,0.13
278791,0.14
278804,0.12
278807,0.22
278810,0.15
278812,0.1
278815,0.23
278821,0.17
278825,0.09
278832,0.13
278836,0.13
278838,0.1
278840,0.16
278844,0.21
278862,0.06
278863,0.16
278871,0.19
278875,0.14
278892,0.39
278899,0.15
278903,0.06
278909,0.17
278913,0.3
278931,0.07
278932,0.19
278933,0.19
278937,0.17
278952,0.24
278954,0.1
278960,0.23
278967,0.1
278968,0.11
278972,0.16
278976,0.17
278982,0.13
278983,0.09
279001,0.09
279015,0.14
279018,0.2
279035,0.27
279040,0.23
279043,0.1
279046,0.11
279061,0.17
279063,0.14
279065,0.1
279068,0.1
279070,0.14
279074,0.23
279076,0.16
279086,0.09
279095,0.15
279107,0.15
279108,0.29
279109,0.1
279110,0.13
279111,0.13
279129,0.15
279134,0.15
279137,0.07
279142,0.14
279146,0.14
279153,0.08
279157,0.12
279165,0.09
279166,0.09
279172,0.18
279173,0.21
279174,0.23
279179,0.12
279182,0.11
279186,0.16
279187,0.17
279189,0.18
279201,0.19
279202,0.09
279213,0.06
279214,0.13
279217,0.06
279230,0.2
279232,0.15
279233,0.14
279235,0.13
279250,0.09
279252,0.12
279257,0.2
279265,0.15
279266,0.13
279279,0.09
279281,0.12
279282,0.11
279285,0.11
279286,0.13
279297,0.09
279300,0.13
279318,0.11
279324,0.09
279334,0.1
279335,0.14
279336,0.17
279341,0.18
279342,0.2
279353,0.17
279357,0.22
279371,0.25
279376,0.07
279391,0.11
279392,0.09
279402,0.2
279406,0.23
279408,0.12
279434,0.1
279439,0.07
279448,0.12
279450,0.18
279456,0.13
279461,0.17
279466,0.15
279470,0.09
279471,0.15
279493,0.18
279500,0.12
279506,0.07
279512,0.11
279519,0.2
279533,0.15
279549,0.04
279551,0.3
279556,0.11
279557,0.21
279558,0.11
279566,0.24
279592,0.17
279595,0.23
279604,0.14
279608,0.06
279614,0.16
279618,0.25
279622,0.09
279648,0.23
279652,0.12
279653,0.21
279679,0.12
279690,0.16
279691,0.13
279694,0.21
279698,0.12
279702,0.09
279712,0.1
279713,0.23
279715,0.06
279725,0.12
279727,0.12
279733,0.12
279742,0.16
279748,0.09
279754,0.16
279756,0.15
279776,0.09
279778,0.24
279779,0.13
279782,0.21
279793,0.1
279794,0.12
279804,0.19
279810,0.05
279817,0.4
279828,0.08
279830,0.13
279831,0.17
279834,0.14
279835,0.09
279840,0.06
279847,0.16
279852,0.18
279854,0.12
279856,0.14
279859,0.16
279862,0.09
279876,0.08
279878,0.11
279889,0.16
279894,0.15
279897,0.12
279903,0.17
279904,0.11
279906,0.14
279909,0.13
279922,0.24
279925,0.11
279939,0.19
279940,0.04
279942,0.14
279948,0.09
279952,0.13
279960,0.1
279968,0.05
279969,0.14
279977,0.25
279980,0.13
279994,0.11
279997,0.13
279998,0.21
280007,0.15
280009,0.24
280010,0.34
280020,0.11
280021,0.13
280022,0.18
280052,0.12
280058,0.13
280074,0.14
280076,0.07
280085,0.17
280091,0.15
280095,0.12
280107,0.27
280116,0.22
280140,0.21
280144,0.25
280156,0.14
280177,0.12
280191,0.1
280205,0.1
280226,0.12
280230,0.19
280234,0.14
280264,0.17
280274,0.11
280298,0.1
280299,0.2
280300,0.17
280301,0.14
280308,0.09
280317,0.11
280319,0.12
280322,0.1
280342,0.11
280348,0.19
280350,0.15
280353,0.07
280366,0.07
280372,0.15
280374,0.09
280376,0.31
280381,0.08
280384,0.12
280388,0.14
280397,0.18
280401,0.14
280409,0.15
280413,0.09
280422,0.21
280424,0.15
280426,0.14
280429,0.1
280430,0.25
280435,0.07
280444,0.07
280450,0.15
280455,0.19
280459,0.11
280462,0.22
280466,0.25
280470,0.12
280473,0.15
280517,0.12
280524,0.28
280527,0.16
280531,0.13
280548,0.12
280558,0.24
280563,0.16
280598,0.14
280599,0.16
280603,0.27
280607,0.13
280610,0.18
280612,0.21
280625,0.22
280631,0.09
280650,0.14
280653,0.41
280657,0.1
280669,0.07
280675,0.12
280679,0.15
280685,0.1
280691,0.16
280693,0.09
280706,0.1
280714,0.14
280719,0.21
280724,0.18
280725,0.09
280737,0.15
280738,0.25
280744,0.09
280746,0.26
280760,0.17
280772,0.17
280777,0.11
280784,0.08
280785,0.21
280791,0.12
280793,0.11
280794,0.08
280800,0.13
280805,0.15
280806,0.11
280815,0.16
280823,0.1
280831,0.17
280832,0.13
280841,0.08
280845,0.2
280846,0.11
280854,0.11
280857,0.08
280861,0.11
280862,0.19
280867,0.14
280877,0.09
280879,0.1
280890,0.11
280891,0.23
280903,0.34
280916,0.24
280929,0.11
280934,0.17
280941,0.21
280947,0.1
280962,0.07
280963,0.16
280966,0.17
280967,0.13
280971,0.26
281005,0.12
281007,0.21
281008,0.08
281009,0.11
281016,0.13
281024,0.24
281039,0.24
281045,0.13
281054,0.2
281055,0.14
281056,0.21
281068,0.07
281092,0.14
281094,0.1
281118,0.29
281133,0.17
281137,0.09
281164,0.09
281176,0.06
281177,0.09
281184,0.1
281187,0.22
281192,0.08
281195,0.15
281220,0.12
281222,0.23
281227,0.15
281234,0.16
281251,0.11
281278,0.15
281298,0.19
281303,0.21
281306,0.25
281314,0.04
281320,0.12
281322,0.11
281337,0.09
281347,0.22
281357,0.16
281362,0.04
281365,0.08
281366,0.1
281367,0.13
281373,0.15
281376,0.15
281400,0.26
281417,0.08
281420,0.06
281422,0.12
281435,0.1
281439,0.16
281448,0.06
281451,0.13
281453,0.1
281482,0.11
281494,0.18
281514,0.08
281515,0.14
281542,0.12
281556,0.13
281568,0.16
281592,0.09
281593,0.1
281607,0.22
281613,0.14
281618,0.24
281620,0.17
281628,0.09
281629,0.1
281633,0.16
281634,0.1
281642,0.04
281643,0.15
281653,0.16
281661,0.18
281671,0.18
281675,0.17
281684,0.08
281692,0.3
281697,0.13
281730,0.11
281731,0.27
281734,0.13
281737,0.06
281750,0.18
281752,0.16
281764,0.08
281782,0.14
281791,0.15
281793,0.16
281795,0.14
281824,0.11
281831,0.09
281845,0.15
281848,0.11
281854,0.1
281855,0.12
281867,0.11
281873,0.09
281875,0.11
281876,0.19
281881,0.09
281905,0.18
281906,0.07
281907,0.17
281914,0.19
281929,0.13
281936,0.26
281938,0.11
281940,0.09
281941,0.13
281950,0.13
281954,0.11
281955,0.12
281956,0.17
281957,0.19
281968,0.18
281972,0.37
281974,0.12
281987,0.09
281996,0.1
281998,0.08
282002,0.1
282004,0.09
282005,0.11
282020,0.15
282021,0.16
282041,0.08
282045,0.11
282046,0.11
282048,0.1
282056,0.13
282063,0.1
282068,0.19
282072,0.14
282100,0.1
282104,0.15
282105,0.12
282106,0.05
282108,0.15
282114,0.21
282132,0.22
282133,0.06
282136,0.14
282145,0.15
282146,0.21
282150,0.07
282151,0.09
282152,0.1
282157,0.24
282165,0.11
282167,0.06
282178,0.12
282179,0.18
282204,0.18
282208,0.12
282218,0.05
282221,0.28
282223,0.14
282226,0.13
282230,0.11
282232,0.17
282235,0.09
282236,0.1
282239,0.21
282246,0.11
282250,0.27
282259,0.08
282270,0.09
282272,0.1
282282,0.26
282292,0.11
282306,0.13
282311,0.14
282317,0.31
282318,0.14
282331,0.13
282338,0.21
282349,0.1
282350,0.35
282355,0.12
282359,0.31
282382,0.1
282396,0.18
282399,0.14
282408,0.11
282421,0.16
282427,0.12
282437,0.12
282446,0.17
282448,0.05
282453,0.09
282456,0.13
282457,0.12
282465,0.24
282476,0.18
282478,0.15
282482,0.13
282485,0.18
282492,0.11
282498,0.15
282503,0.09
282512,0.1
282521,0.15
282531,0.26
282548,0.12
282582,0.1
282585,0.11
282605,0.11
282618,0.16
282633,0.09
282642,0.2
282645,0.2
282647,0.14
282649,0.18
282654,0.08
282661,0.15
282667,0.08
282668,0.15
282678,0.14
282679,0.27
282687,0.06
282688,0.07
282691,0.16
282702,0.13
282709,0.07
282712,0.08
282715,0.19
282726,0.07
282735,0.16
282737,0.1
282746,0.31
282751,0.06
282754,0.3
282758,0.16
282773,0.26
282787,0.1
282794,0.13
282812,0.07
282822,0.2
282827,0.18
282836,0.06
282841,0.12
282854,0.19
282862,0.13
282873,0.13
282890,0.08
282900,0.24
282906,0.2
282910,0.14
282915,0.14
282929,0.07
282933,0.17
282944,0.17
282945,0.13
282950,0.08
282954,0.14
282960,0.14
282961,0.19
282962,0.09
282965,0.15
282971,0.12
282974,0.16
282975,0.12
282979,0.1
282984,0.09
282990,0.24
282998,0.17
283005,0.2
283013,0.16
283018,0.25
283029,0.22
283032,0.15
283036,0.09
283041,0.22
283046,0.15
283050,0.09
283057,0.26
283065,0.17
283069,0.24
283074,0.05
283076,0.12
283077,0.08
283089,0.13
283090,0.11
283094,0.19
283110,0.12
283118,0.13
283127,0.12
283130,0.13
283139,0.13
283143,0.21
283144,0.42
283146,0.14
283150,0.16
283161,0.21
283177,0.2
283180,0.1
283184,0.14
283191,0.14
283193,0.14
283196,0.23
283199,0.13
283202,0.13
283205,0.13
283213,0.06
283216,0.14
283218,0.19
283220,0.1
283227,0.21
283233,0.14
283248,0.19
283250,0.19
283261,0.15
283264,0.05
283267,0.14
283269,0.06
283271,0.05
283282,0.21
283283,0.1
283290,0.11
283295,0.06
283298,0.1
283303,0.24
283309,0.13
283310,0.11
283314,0.14
283317,0.15
283318,0.21
283323,0.29
283327,0.15
283328,0.22
283336,0.15
283340,0.18
283344,0.11
283345,0.18
283360,0.04
283361,0.11
283383,0.18
283387,0.23
283390,0.1
283412,0.08
283426,0.06
283429,0.13
283433,0.15
283437,0.14
283438,0.01
283461,0.13
283466,0.09
283477,0.12
283479,0.09
283483,0.11
283484,0.14
283486,0.11
283500,0.08
283512,0.23
283515,0.16
283517,0.33
283519,0.21
283523,0.09
283528,0.29
283555,0.11
283565,0.13
283572,0.11
283576,0.07
283586,0.28
283590,0.11
283606,0.11
283615,0.14
283619,0.17
283632,0.24
283635,0.09
283636,0.06
283641,0.29
283642,0.15
283647,0.11
283667,0.2
283683,0.13
283684,0.14
283687,0.15
283691,0.13
283693,0.13
283701,0.13
283702,0.19
283711,0.2
283713,0.38
283726,0.11
283730,0.11
283736,0.13
283737,0.18
283740,0.11
283748,0.17
283750,0.17
283756,0.06
283757,0.1
283774,0.21
283776,0.2
283784,0.16
283790,0.26
283796,0.06
283806,0.18
283816,0.06
283825,0.16
283827,0.12
283835,0.12
283839,0.17
283843,0.09
283874,0.27
283880,0.14
283881,0.21
283882,0.23
283887,0.07
283891,0.24
283893,0.11
283895,0.11
283900,0.19
283906,0.19
283938,0.11
283943,0.06
283953,0.28
283958,0.1
283961,0.07
283972,0.12
283973,0.08
283986,0.22
283990,0.13
283994,0.31
284000,0.1
284002,0.21
284003,0.2
284035,0.22
284049,0.08
284055,0.12
284060,0.11
284061,0.1
284069,0.17
284072,0.18
284075,0.15
284087,0.15
284093,0.09
284095,0.15
284096,0.21
284106,0.07
284109,0.19
284112,0.11
284126,0.19
284152,0.11
284155,0.11
284157,0.12
284159,0.2
284194,0.06
284207,0.14
284211,0.16
284220,0.16
284232,0.19
284239,0.21
284246,0.14
284257,0.08
284259,0.11
284272,0.15
284277,0.11
284279,0.23
284283,0.08
284294,0.07
284298,0.1
284305,0.16
284309,0.1
284311,0.1
284315,0.06
284338,0.32
284340,0.26
284342,0.13
284344,0.1
284348,0.12
284361,0.14
284373,0.06
284380,0.32
284408,0.09
284422,0.19
284423,0.15
284427,0.11
284433,0.16
284442,0.14
284462,0.12
284481,0.32
284487,0.08
284492,0.18
284495,0.14
284499,0.26
284503,0.1
284506,0.12
284507,0.1
284511,0.21
284512,0.12
284513,0.11
284520,0.18
284537,0.15
284557,0.14
284560,0.21
284571,0.13
284573,0.27
284574,0.09
284575,0.07
284576,0.16
284578,0.1
284592,0.11
284606,0.16
284609,0.08
284614,0.05
284627,0.06
284630,0.21
284633,0.09
284647,0.13
284650,0.12
284655,0.17
284661,0.09
284664,0.13
284668,0.14
284682,0.24
284683,0.14
284691,0.07
284692,0.22
284695,0.11
284751,0.25
284785,0.14
284796,0.15
284797,0.07
284799,0.13
284805,0.12
284811,0.18
284844,0.21
284856,0.15
284861,0.12
284864,0.16
284866,0.1
284867,0.11
284871,0.09
284873,0.11
284888,0.33
284895,0.13
284906,0.1
284907,0.14
284908,0.13
284914,0.17
284916,0.05
284920,0.15
284926,0.18
284934,0.13
284937,0.22
284949,0.16
284986,0.09
285002,0.13
285006,0.13
285007,0.17
285008,0.16
285016,0.14
285040,0.15
285041,0.09
285050,0.11
285051,0.07
285059,0.12
285077,0.18
285078,0.24
285097,0.05
285102,0.12
285104,0.13
285117,0.18
285119,0.23
285120,0.19
285122,0.15
285131,0.16
285137,0.15
285139,0.14
285147,0.15
285176,0.02
285177,0.16
285183,0.16
285184,0.1
285200,0.08
285213,0.14
285224,0.23
285232,0.13
285245,0.22
285249,0.07
285253,0.16
285268,0.17
285276,0.08
285282,0.14
285284,0.35
285297,0.21
285304,0.05
285305,0.2
285337,0.14
285346,0.12
285349,0.13
285354,0.14
285359,0.2
285366,0.24
285367,0.2
285368,0.19
285376,0.2
285382,0.08
285385,0.13
285389,0.11
285396,0.06
285398,0.11
285399,0.15
285403,0.1
285405,0.15
285407,0.19
285417,0.14
285419,0.19
285431,0.15
285457,0.09
285462,0.19
285463,0.04
285472,0.09
285476,0.19
285479,0.28
285482,0.17
285486,0.13
285487,0.12
285497,0.08
285498,0.14
285507,0.23
285509,0.09
285514,0.12
285516,0.1
285521,0.16
285525,0.12
285528,0.12
285555,0.13
285559,0.11
285561,0.1
285562,0.24
285565,0.17
285571,0.17
285583,0.06
285588,0.14
285603,0.08
285612,0.14
285628,0.08
285635,0.14
285649,0.09
285651,0.09
285653,0.09
285662,0.08
285665,0.06
285678,0.19
285681,0.11
285694,0.18
285695,0.15
285701,0.14
285721,0.24
285730,0.06
285733,0.12
285743,0.12
285744,0.28
285746,0.17
285778,0.13
285784,0.12
285808,0.07
285810,0.12
285831,0.2
285833,0.11
285841,0.1
285842,0.11
285844,0.09
285847,0.17
285853,0.06
285861,0.22
285863,0.08
285867,0.13
285870,0.23
285879,0.15
285880,0.07
285882,0.04
285893,0.15
285897,0.12
285912,0.11
285914,0.11
285918,0.13
285927,0.15
285931,0.23
285932,0.2
285962,0.12
285975,0.15
285978,0.25
285996,0.19
286000,0.16
286010,0.14
286011,0.22
286018,0.14
286033,0.14
286038,0.18
286042,0.17
286044,0.09
286047,0.11
286050,0.19
286052,0.11
286056,0.14
286058,0.04
286083,0.14
286088,0.18
286094,0.14
286107,0.24
286112,0.17
286124,0.08
286128,0.13
286141,0.23
286146,0.19
286147,0.09
286153,0.09
286163,0.06
286169,0.11
286175,0.16
286185,0.11
286194,0.2
286198,0.12
286201,0.12
286202,0.18
286213,0.11
286218,0.15
286250,0.08
286257,0.15
286264,0.12
286265,0.08
286266,0.08
286287,0.13
286292,0.13
286294,0.1
286295,0.11
286299,0.25
286300,0.11
286302,0.23
286310,0.25
286316,0.13
286332,0.21
286353,0.15
286354,0.12
286357,0.1
286375,0.06
286382,0.2
286389,0.14
286404,0.08
286405,0.14
286411,0.11
286412,0.16
286421,0.13
286423,0.24
286426,0.16
286433,0.09
286438,0.08
286441,0.09
286444,0.05
286447,0.16
286459,0.17
286473,0.11
286484,0.1
286485,0.39
286501,0.24
286502,0.12
286509,0.11
286511,0.33
286516,0.27
286547,0.24
286549,0.16
286553,0.15
286558,0.13
286566,0.25
286572,0.13
286582,0.11
286587,0.13
286590,0.14
286594,0.2
286598,0.08
286602,0.25
286608,0.17
286610,0.09
286627,0.14
286661,0.17
286664,0.14
286668,0.14
286683,0.08
286684,0.11
286689,0.11
286696,0.14
286697,0.1
286703,0.19
286705,0.12
286707,0.2
286708,0.13
286711,0.05
286714,0.19
286734,0.09
286747,0.19
286760,0.1
286763,0.13
286772,0.08
286773,0.13
286791,0.07
286813,0.14
286814,0.07
286817,0.09
286836,0.1
286838,0.13
286844,0.07
286854,0.09
286856,0.13
286859,0.21
286864,0.09
286865,0.17
286868,0.31
286881,0.17
286882,0.11
286888,0.12
286890,0.33
286892,0.18
286895,0.1
286906,0.06
286924,0.1
286930,0.06
286931,0.16
286942,0.08
286955,0.13
286960,0.13
286962,0.18
286966,0.08
286967,0.06
286971,0.05
286983,0.09
286985,0.14
286986,0.19
286987,0.22
286992,0.1
287003,0.14
287004,0.12
287006,0.09
287029,0.15
287036,0.1
287038,0.11
287049,0.13
287050,0.11
287057,0.16
287065,0.11
287066,0.22
287089,0.17
287093,0.27
287096,0.17
287103,0.11
287104,0.13
287109,0.1
287133,0.32
287137,0.11
287141,0.25
287146,0.12
287148,0.06
287177,0.12
287184,0.09
287197,0.1
287204,0.14
287206,0.23
287208,0.2
287225,0.1
287228,0.22
287252,0.19
287260,0.04
287264,0.25
287270,0.1
287271,0.06
287272,0.18
287274,0.14
287280,0.16
287281,0.19
287290,0.14
287298,0.11
287299,0.19
287301,0.09
287314,0.1
287321,0.23
287322,0.07
287329,0.16
287331,0.16
287337,0.2
287349,0.11
287358,0.18
287370,0.28
287371,0.16
287376,0.09
287378,0.1
287386,0.27
287394,0.11
287397,0.11
287419,0.15
287428,0.08
287438,0.06
287439,0.18
287449,0.15
287450,0.12
287460,0.09
287472,0.12
287474,0.16
287483,0.12
287495,0.18
287510,0.11
287512,0.03
287530,0.11
287531,0.08
287543,0.18
287549,0.14
287564,0.13
287574,0.07
287580,0.13
287587,0.24
287594,0.09
287605,0.16
287617,0.22
287621,0.1
287626,0.09
287629,0.09
287632,0.11
287636,0.21
287644,0.13
287648,0.16
287666,0.09
287672,0.15
287701,0.18
287708,0.04
287718,0.13
287724,0.21
287726,0.18
287729,0.21
287732,0.21
287733,0.11
287734,0.22
287750,0.16
287755,0.15
287762,0.15
287764,0.14
287766,0.1
287775,0.04
287781,0.13
287785,0.09
287789,0.15
287792,0.16
287796,0.08
287804,0.22
287822,0.16
287835,0.13
287840,0.15
287850,0.09
287851,0.12
287852,0.17
287858,0.23
287859,0.15
287860,0.23
287861,0.16
287866,0.06
287868,0.18
287873,0.18
287876,0.14
287877,0.12
287878,0.11
287879,0.23
287883,0.14
287888,0.07
287894,0.37
287895,0.1
287912,0.16
287915,0.22
287920,0.07
287922,0.07
287926,0.12
287929,0.16
287931,0.23
287936,0.12
287942,0.12
287946,0.15
287948,0.16
287963,0.27
288003,0.14
288005,0.13
288012,0.15
288013,0.18
288026,0.1
288027,0.14
288031,0.12
288039,0.1
288041,0.19
288045,0.21
288065,0.21
288068,0.09
288079,0.09
288084,0.41
288111,0.1
288129,0.22
288138,0.33
288154,0.21
288167,0.12
288178,0.1
288184,0.09
288193,0.12
288203,0.12
288207,0.22
288223,0.2
288226,0.25
288237,0.07
288257,0.28
288259,0.15
288269,0.09
288273,0.17
288276,0.1
288280,0.08
288283,0.18
288291,0.37
288299,0.2
288305,0.2
288316,0.07
288322,0.15
288333,0.08
288337,0.29
288341,0.15
288345,0.07
288348,0.14
288350,0.07
288353,0.12
288372,0.14
288375,0.22
288395,0.06
288408,0.16
288425,0.16
288430,0.17
288433,0.07
288459,0.16
288462,0.15
288463,0.12
288470,0.11
288472,0.16
288475,0.14
288495,0.24
288517,0.19
288530,0.23
288535,0.1
288539,0.07
288540,0.09
288547,0.21
288553,0.12
288555,0.23
288556,0.15
288562,0.14
288564,0.1
288567,0.3
288576,0.08
288579,0.06
288580,0.1
288589,0.15
288596,0.23
288597,0.16
288599,0.15
288601,0.1
288617,0.1
288621,0.22
288635,0.1
288656,0.14
288666,0.05
288670,0.17
288671,0.19
288673,0.11
288678,0.23
288693,0.18
288699,0.17
288706,0.22
288728,0.2
288739,0.12
288741,0.07
288755,0.19
288763,0.09
288766,0.14
288775,0.19
288780,0.11
288793,0.21
288811,0.11
288821,0.13
288829,0.16
288835,0.06
288836,0.13
288838,0.29
288851,0.1
288853,0.12
288854,0.08
288855,0.12
288876,0.15
288879,0.21
288884,0.21
288886,0.09
288891,0.1
288898,0.13
288911,0.25
288913,0.1
288927,0.24
288928,0.13
288931,0.12
288955,0.08
288961,0.07
288969,0.2
288971,0.14
288973,0.25
288982,0.1
288983,0.12
288986,0.12
288992,0.12
288993,0.11
288996,0.07
289007,0.28
289008,0.1
289014,0.16
289015,0.13
289016,0.05
289017,0.05
289028,0.09
289030,0.18
289040,0.09
289048,0.07
289051,0.26
289055,0.1
289057,0.11
289062,0.09
289063,0.1
289069,0.12
289073,0.06
289074,0.04
289085,0.17
289092,0.12
289097,0.06
289111,0.11
289112,0.24
289116,0.06
289123,0.09
289145,0.23
289146,0.24
289158,0.15
289165,0.16
289166,0.18
289167,0.22
289170,0.23
289193,0.14
289198,0.14
289209,0.24
289211,0.07
289215,0.17
289220,0.15
289232,0.15
289244,0.21
289258,0.09
289271,0.12
289274,0.17
289312,0.14
289321,0.19
289325,0.05
289333,0.15
289340,0.06
289368,0.08
289375,0.09
289380,0.18
289381,0.05
289384,0.31
289403,0.08
289408,0.12
289416,0.1
289463,0.18
289488,0.09
289495,0.24
289498,0.12
289499,0.11
289515,0.09
289531,0.07
289541,0.17
289554,0.1
289565,0.16
289590,0.16
289596,0.15
289601,0.17
289602,0.11
289603,0.16
289608,0.05
289622,0.18
289623,0.19
289625,0.11
289634,0.07
289648,0.17
289650,0.03
289662,0.13
289667,0.19
289674,0.13
289682,0.05
289702,0.16
289706,0.12
289709,0.2
289716,0.2
289725,0.1
289732,0.15
289743,0.17
289762,0.12
289766,0.15
289770,0.15
289775,0.16
289777,0.18
289783,0.13
289797,0.1
289798,0.07
289802,0.16
289812,0.12
289814,0.11
289819,0.08
289828,0.24
289831,0.17
289835,0.13
289844,0.13
289850,0.06
289851,0.16
289865,0.15
289869,0.11
289891,0.17
289907,0.13
289919,0.12
289923,0.15
289924,0.19
289927,0.08
289929,0.14
289951,0.08
289959,0.13
289964,0.09
289965,0.14
289966,0.09
289971,0.17
289988,0.16
289989,0.07
289995,0.26
290005,0.17
290013,0.23
290031,0.25
290036,0.2
290038,0.2
290041,0.28
290056,0.22
290058,0.11
290065,0.22
290069,0.2
290070,0.11
290074,0.25
290076,0.13
290082,0.12
290105,0.07
290111,0.09
290114,0.17
290116,0.14
290117,0.17
290128,0.15
290130,0.16
290139,0.17
290151,0.11
290154,0.09
290158,0.11
290180,0.19
290183,0.08
290190,0.16
290191,0.13
290199,0.09
290200,0.12
290202,0.06
290205,0.27
290206,0.11
290219,0.15
290227,0.09
290232,0.08
290233,0.2
290242,0.15
290246,0.08
290247,0.23
290257,0.11
290259,0.21
290260,0.14
290270,0.07
290273,0.16
290276,0.25
290281,0.31
290296,0.13
290303,0.15
290306,0.09
290331,0.2
290340,0.15
290349,0.18
290355,0.14
290365,0.15
290379,0.13
290389,0.06
290408,0.15
290409,0.17
290433,0.2
290437,0.2
290440,0.12
290448,0.11
290466,0.14
290467,0.11
290479,0.14
290490,0.16
290492,0.1
290503,0.14
290508,0.16
290524,0.22
290526,0.14
290527,0.12
290541,0.14
290557,0.25
290564,0.18
290572,0.05
290576,0.13
290588,0.06
290589,0.11
290595,0.09
290598,0.11
290605,0.2
290609,0.06
290610,0.14
290612,0.22
290634,0.15
290635,0.16
290644,0.37
290672,0.17
290681,0.2
290693,0.12
290695,0.15
290702,0.09
290703,0.09
290711,0.3
290713,0.16
290727,0.14
290730,0.13
290734,0.2
290745,0.16
290746,0.18
290751,0.13
290758,0.14
290766,0.25
290784,0.14
290786,0.03
290813,0.29
290849,0.3
290852,0.1
290881,0.24
290884,0.09
290885,0.11
290889,0.1
290911,0.1
290913,0.27
290923,0.1
290926,0.05
290936,0.11
290941,0.17
290945,0.12
290955,0.17
290961,0.1
290964,0.14
290967,0.11
290970,0.09
290974,0.08
290976,0.15
290978,0.14
290981,0.15
290991,0.12
291005,0.12
291009,0.14
291011,0.13
291012,0.21
291018,0.29
291023,0.06
291028,0.21
291034,0.2
291038,0.3
291039,0.15
291041,0.23
291045,0.15
291048,0.24
291052,0.17
291055,0.13
291082,0.29
291085,0.17
291086,0.08
291094,0.13
291103,0.16
291108,0.16
291110,0.22
291113,0.17
291117,0.09
291124,0.12
291129,0.1
291142,0.16
291155,0.23
291157,0.16
291177,0.15
291178,0.13
291180,0.12
291188,0.24
291198,0.15
291200,0.11
291202,0.17
291207,0.02
291218,0.11
291231,0.11
291232,0.15
291240,0.12
291241,0.16
291245,0.09
291256,0.09
291273,0.14
291274,0.18
291277,0.18
291290,0.27
291303,0.2
291310,0.13
291311,0.19
291319,0.17
291324,0.21
291331,0.13
291334,0.09
291348,0.23
291349,0.38
291359,0.09
291365,0.05
291379,0.14
291396,0.1
291411,0.14
291424,0.13
291425,0.1
291428,0.07
291446,0.16
291449,0.11
291461,0.22
291465,0.13
291480,0.25
291486,0.15
291487,0.04
291491,0.1
291499,0.08
291505,0.18
291512,0.08
291513,0.17
291521,0.1
291523,0.1
291543,0.17
291545,0.11
291546,0.29
291550,0.13
291552,0.09
291561,0.19
291579,0.17
291584,0.26
291586,0.09
291590,0.09
291592,0.38
291593,0.09
291599,0.25
291615,0.15
291617,0.17
291628,0.22
291654,0.19
291658,0.27
291659,0.13
291661,0.16
291671,0.16
291677,0.12
291689,0.1
291693,0.08
291695,0.14
291696,0.21
291697,0.16
291702,0.11
291711,0.12
291713,0.1
291715,0.18
291718,0.17
291733,0.16
291742,0.18
291748,0.16
291765,0.08
291771,0.13
291773,0.14
291788,0.05
291789,0.18
291796,0.13
291800,0.17
291817,0.13
291822,0.22
291840,0.14
291843,0.06
291855,0.14
291858,0.06
291870,0.15
291872,0.11
291874,0.16
291883,0.16
291888,0.17
291894,0.11
291901,0.09
291928,0.2
291930,0.11
291949,0.14
291951,0.17
291953,0.12
291955,0.1
291963,0.22
291969,0.18
291980,0.11
292010,0.05
292022,0.13
292023,0.11
292031,0.08
292034,0.11
292043,0.13
292049,0.08
292055,0.06
292062,0.17
292070,0.1
292072,0.24
292073,0.18
292082,0.2
292096,0.14
292098,0.1
292116,0.17
292118,0.16
292126,0.15
292128,0.1
292137,0.24
292138,0.14
292142,0.14
292149,0.24
292181,0.19
292189,0.08
292191,0.09
292205,0.15
292219,0.13
292227,0.06
292231,0.15
292238,0.13
292246,0.11
292248,0.17
292259,0.1
292261,0.17
292266,0.21
292267,0.08
292272,0.18
292278,0.32
292281,0.11
292286,0.08
292288,0.16
292289,0.1
292304,0.12
292307,0.14
292319,0.11
292320,0.11
292325,0.2
292326,0.17
292331,0.1
292332,0.08
292333,0.07
292334,0.13
292337,0.08
292338,0.17
292342,0.11
292347,0.1
292350,0.09
292355,0.14
292360,0.09
292362,0.1
292363,0.19
292364,0.13
292383,0.25
292397,0.14
292409,0.28
292417,0.12
292426,0.13
292428,0.08
292439,0.21
292443,0.11
292448,0.12
292451,0.14
292452,0.09
292456,0.07
292460,0.14
292463,0.19
292464,0.2
292476,0.18
292480,0.19
292483,0.13
292493,0.19
292501,0.21
292506,0.08
292508,0.08
292513,0.2
292525,0.13
292533,0.15
292540,0.12
292541,0.1
292544,0.15
292549,0.13
292550,0.11
292557,0.27
292558,0.12
292562,0.07
292564,0.06
292583,0.18
292612,0.14
292618,0.09
292623,0.17
292631,0.15
292633,0.14
292641,0.12
292643,0.04
292649,0.09
292650,0.09
292651,0.19
292655,0.22
292659,0.1
292677,0.12
292693,0.2
292697,0.17
292700,0.27
292702,0.08
292710,0.05
292727,0.19
292731,0.29
292732,0.06
292734,0.11
292735,0.06
292737,0.07
292739,0.14
292741,0.08
292767,0.1
292778,0.1
292807,0.23
292813,0.17
292834,0.26
292837,0.09
292839,0.08
292844,0.06
292869,0.12
292874,0.16
292892,0.15
292894,0.19
292916,0.21
292921,0.12
292925,0.17
292929,0.16
292933,0.11
292935,0.19
292938,0.18
292945,0.23
292946,0.19
292953,0.1
292966,0.23
292968,0.1
292983,0.04
292988,0.15
292992,0.05
292997,0.12
293002,0.14
293013,0.02
293030,0.22
293043,0.21
293070,0.26
293093,0.08
293103,0.17
293104,0.12
293117,0.38
293123,0.14
293126,0.19
293128,0.15
293136,0.09
293142,0.08
293146,0.32
293149,0.2
293159,0.14
293169,0.06
293172,0.15
293175,0.21
293176,0.17
293192,0.13
293213,0.12
293218,0.18
293219,0.14
293224,0.12
293225,0.19
293234,0.23
293243,0.13
293249,0.15
293256,0.06
293276,0.23
293283,0.15
293295,0.14
293308,0.25
293309,0.15
293316,0.08
293326,0.09
293330,0.15
293351,0.18
293361,0.13
293366,0.15
293376,0.11
293377,0.14
293382,0.1
293383,0.18
293385,0.11
293402,0.18
293403,0.14
293405,0.14
293412,0.15
293430,0.09
293435,0.15
293438,0.16
293445,0.14
293447,0.29
293451,0.17
293463,0.09
293471,0.12
293482,0.18
293485,0.09
293493,0.29
293496,0.11
293505,0.13
293507,0.17
293508,0.12
293518,0.09
293524,0.06
293527,0.09
293537,0.1
293542,0.17
293556,0.12
293560,0.14
293563,0.3
293565,0.05
293597,0.21
293603,0.1
293607,0.1
293621,0.21
293622,0.1
293623,0.2
293636,0.2
293643,0.13
293659,0.16
293678,0.17
293679,0.12
293681,0.15
293684,0.11
293692,0.11
293696,0.17
293733,0.05
293734,0.07
293745,0.1
293751,0.13
293770,0.15
293778,0.16
293789,0.09
293809,0.11
293815,0.12
293816,0.18
293819,0.17
293822,0.07
293846,0.26
293849,0.09
293850,0.13
293851,0.18
293860,0.13
293863,0.21
293881,0.13
293900,0.19
293907,0.09
293915,0.17
293931,0.15
293935,0.15
293942,0.09
293944,0.34
293967,0.12
293968,0.15
293971,0.11
293972,0.11
293974,0.21
293976,0.16
293985,0.14
293996,0.23
294004,0.14
294007,0.24
294010,0.14
294013,0.2
294016,0.18
294018,0.13
294028,0.31
294041,0.08
294047,0.04
294055,0.16
294062,0.16
294069,0.15
294075,0.2
294091,0.09
294108,0.05
294116,0.21
294125,0.12
294129,0.16
294130,0.07
294134,0.06
294135,0.2
294136,0.15
294141,0.1
294160,0.07
294164,0.2
294184,0.11
294191,0.17
294195,0.12
294199,0.12
294208,0.25
294221,0.19
294225,0.24
294230,0.12
294236,0.17
294256,0.06
294257,0.09
294258,0.15
294282,0.12
294287,0.18
294290,0.12
294300,0.12
294302,0.14
294313,0.05
294314,0.19
294322,0.08
294336,0.15
294339,0.19
294348,0.2
294365,0.24
294373,0.12
294383,0.08
294403,0.09
294406,0.11
294417,0.22
294452,0.26
294463,0.21
294471,0.2
294486,0.13
294501,0.17
294504,0.19
294509,0.17
294511,0.08
294519,0.1
294530,0.19
294532,0.18
294547,0.18
294548,0.01
294554,0.06
294577,0.26
294578,0.17
294580,0.11
294583,0.18
294592,0.13
294595,0.14
294602,0.06
294613,0.21
294617,0.08
294631,0.25
294641,0.09
294653,0.12
294657,0.14
294661,0.15
294665,0.09
294668,0.12
294671,0.18
294682,0.08
294685,0.19
294688,0.1
294690,0.43
294698,0.14
294717,0.12
294724,0.1
294726,0.16
294738,0.15
294744,0.08
294758,0.13
294762,0.06
294776,0.14
294777,0.14
294807,0.16
294816,0.17
294821,0.07
294825,0.13
294834,0.09
294835,0.11
294836,0.17
294840,0.23
294842,0.23
294864,0.1
294874,0.12
294880,0.19
294881,0.13
294897,0.12
294898,0.12
294920,0.29
294923,0.29
294926,0.1
294937,0.18
294941,0.09
294951,0.25
294952,0.05
294953,0.12
294982,0.18
294989,0.07
294995,0.25
295009,0.19
295010,0.13
295013,0.07
295016,0.09
295022,0.12
295024,0.21
295040,0.27
295045,0.17
295047,0.11
295056,0.13
295073,0.13
295080,0.11
295093,0.16
295094,0.24
295095,0.12
295107,0.09
295116,0.18
295140,0.04
295150,0.32
295154,0.24
295155,0.15
295162,0.11
295163,0.08
295168,0.24
295176,0.11
295182,0.16
295183,0.21
295216,0.14
295219,0.08
295239,0.08
295246,0.14
295255,0.1
295257,0.17
295261,0.15
295263,0.14
295265,0.14
295274,0.16
295281,0.12
295286,0.11
295299,0.08
295304,0.09
295306,0.13
295321,0.08
295339,0.07
295342,0.13
295346,0.16
295348,0.13
295354,0.07
295367,0.13
295372,0.16
295373,0.14
295374,0.18
295387,0.16
295389,0.11
295396,0.24
295415,0.12
295418,0.18
295421,0.2
295425,0.08
295431,0.1
295434,0.1
295443,0.19
295453,0.11
295473,0.12
295476,0.11
295477,0.17
295488,0.23
295499,0.16
295504,0.09
295505,0.15
295524,0.19
295529,0.1
295533,0.15
295534,0.12
295549,0.13
295565,0.03
295584,0.15
295585,0.15
295597,0.11
295599,0.16
295604,0.07
295616,0.11
295635,0.13
295637,0.13
295670,0.09
295678,0.08
295701,0.04
295711,0.14
295713,0.17
295734,0.16
295739,0.15
295750,0.06
295773,0.24
295783,0.17
295787,0.04
295790,0.14
295795,0.2
295820,0.04
295821,0.12
295826,0.16
295836,0.12
295837,0.25
295842,0.15
295848,0.11
295850,0.1
295869,0.14
295871,0.07
295873,0.12
295879,0.12
295880,0.19
295892,0.13
295904,0.3
295907,0.1
295908,0.13
295913,0.14
295918,0.18
295921,0.24
295924,0.26
295949,0.09
295953,0.07
295961,0.09
295968,0.12
295971,0.16
295985,0.15
295986,0.16
295987,0.06
295993,0.12
295997,0.22
296005,0.22
296007,0.08
296012,0.12
296022,0.1
296024,0.1
296032,0.09
296034,0.11
296062,0.12
296070,0.06
296074,0.08
296084,0.16
296087,0.16
296088,0.16
296089,0.16
296143,0.12
296172,0.13
296183,0.11
296185,0.13
296194,0.12
296199,0.17
296204,0.15
296206,0.26
296209,0.16
296229,0.2
296239,0.04
296253,0.11
296259,0.29
296264,0.15
296270,0.21
296273,0.15
296284,0.12
296285,0.14
296287,0.15
296288,0.21
296292,0.13
296300,0.21
296301,0.13
296321,0.23
296324,0.18
296335,0.27
296348,0.1
296354,0.08
296369,0.24
296376,0.14
296391,0.06
296393,0.14
296398,0.2
296428,0.2
296432,0.23
296433,0.11
296449,0.14
296450,0.15
296490,0.16
296498,0.12
296499,0.11
296500,0.12
296509,0.2
296514,0.14
296518,0.16
296527,0.11
296532,0.12
296541,0.1
296544,0.14
296546,0.14
296573,0.28
296578,0.2
296589,0.11
296594,0.16
296616,0.15
296623,0.12
296624,0.13
296632,0.15
296633,0.11
296639,0.12
296647,0.18
296656,0.25
296678,0.13
296679,0.15
296695,0.14
296696,0.19
296714,0.14
296721,0.17
296739,0.04
296744,0.38
296747,0.21
296758,0.19
296760,0.08
296766,0.13
296769,0.06
296776,0.11
296780,0.12
296782,0.24
296790,0.11
296795,0.2
296801,0.08
296803,0.16
296806,0.19
296811,0.18
296813,0.08
296818,0.22
296822,0.15
296839,0.17
296848,0.13
296863,0.09
296871,0.1
296872,0.14
296877,0.11
296882,0.24
296885,0.08
296903,0.16
296906,0.17
296912,0.15
296916,0.09
296922,0.11
296926,0.12
296927,0.07
296935,0.1
296939,0.11
296942,0.13
296954,0.17
296968,0.12
296971,0.08
296984,0.14
297004,0.09
297011,0.26
297017,0.16
297019,0.24
297021,0.12
297025,0.15
297033,0.18
297038,0.33
297042,0.5
297065,0.15
297089,0.12
297093,0.17
297098,0.13
297100,0.03
297111,0.07
297115,0.13
297121,0.17
297123,0.22
297129,0.09
297132,0.11
297139,0.18
297147,0.18
297148,0.28
297161,0.27
297167,0.08
297171,0.13
297173,0.06
297179,0.05
297189,0.29
297200,0.05
297201,0.18
297220,0.23
297229,0.2
297234,0.13
297252,0.14
297266,0.12
297269,0.15
297276,0.25
297292,0.12
297300,0.26
297303,0.11
297305,0.25
297307,0.15
297313,0.13
297336,0.13
297340,0.18
297344,0.09
297349,0.06
297358,0.07
297363,0.16
297369,0.16
297372,0.18
297380,0.15
297384,0.15
297385,0.19
297389,0.1
297390,0.2
297415,0.13
297419,0.21
297421,0.14
297424,0.06
297431,0.1
297447,0.11
297456,0.17
297457,0.16
297463,0.15
297464,0.18
297474,0.2
297479,0.05
297480,0.29
297494,0.13
297495,0.14
297507,0.1
297514,0.13
297515,0.09
297516,0.21
297521,0.06
297534,0.11
297553,0.1
297575,0.15
297584,0.19
297586,0.1
297606,0.13
297630,0.08
297636,0.13
297646,0.19
297650,0.08
297651,0.2
297656,0.07
297675,0.14
297681,0.06
297699,0.13
297702,0.11
297712,0.2
297718,0.14
297730,0.14
297731,0.07
297745,0.05
297768,0.17
297771,0.17
297774,0.07
297781,0.12
297786,0.16
297798,0.17
297809,0.12
297822,0.08
297828,0.11
297840,0.1
297852,0.12
297859,0.05
297868,0.11
297883,0.1
297887,0.1
297896,0.12
297898,0.1
297917,0.24
297943,0.1
297954,0.16
297965,0.08
297992,0.07
297993,0.11
298001,0.2
298005,0.21
298010,0.09
298013,0.14
298014,0.12
298015,0.16
298025,0.27
298026,0.09
298032,0.15
298039,0.24
298049,0.17
298051,0.15
298058,0.13
298062,0.08
298070,0.17
298078,0.11
298084,0.22
298108,0.16
298113,0.1
298115,0.09
298126,0.14
298131,0.16
298134,0.12
298135,0.19
298139,0.03
298142,0.12
298152,0.15
298154,0.13
298155,0.11
298161,0.29
298165,0.28
298166,0.25
298171,0.12
298179,0.1
298182,0.13
298187,0.02
298192,0.2
298194,0.11
298213,0.24
298215,0.18
298216,0.11
298217,0.1
298223,0.14
298256,0.09
298275,0.07
298277,0.13
298279,0.07
298285,0.14
298286,0.34
298296,0.12
298309,0.19
298312,0.14
298323,0.2
298330,0.15
298340,0.19
298341,0.08
298349,0.12
298353,0.16
298363,0.15
298367,0.09
298378,0.15
298380,0.15
298392,0.18
298395,0.12
298405,0.22
298426,0.25
298427,0.17
298444,0.12
298450,0.1
298458,0.09
298462,0.16
298463,0.06
298479,0.08
298480,0.17
298487,0.16
298499,0.18
298500,0.11
298506,0.16
298507,0.16
298512,0.1
298515,0.16
298517,0.16
298532,0.25
298533,0.06
298560,0.15
298564,0.14
298567,0.3
298568,0.12
298569,0.17
298570,0.22
298579,0.06
298583,0.07
298591,0.05
298593,0.18
298600,0.08
298609,0.08
298620,0.18
298622,0.15
298628,0.13
298633,0.14
298657,0.15
298669,0.11
298671,0.2
298677,0.23
298692,0.12
298703,0.12
298705,0.1
298711,0.12
298713,0.14
298757,0.18
298766,0.08
298768,0.19
298770,0.12
298776,0.22
298785,0.18
298787,0.21
298792,0.12
298795,0.16
298799,0.08
298806,0.21
298810,0.22
298818,0.16
298822,0.12
298823,0.12
298834,0.08
298837,0.22
298841,0.12
298845,0.12
298852,0.15
298855,0.04
298858,0.13
298860,0.12
298861,0.05
298863,0.13
298866,0.19
298873,0.2
298880,0.34
298889,0.09
298896,0.24
298917,0.25
298929,0.17
298940,0.14
298946,0.25
298949,0.14
298966,0.21
298984,0.11
298994,0.08
299004,0.32
299012,0.15
299022,0.22
299024,0.18
299026,0.1
299035,0.11
299036,0.17
299039,0.09
299061,0.1
299064,0.1
299067,0.21
299074,0.11
299075,0.16
299078,0.09
299109,0.15
299117,0.09
299121,0.12
299127,0.14
299134,0.19
299136,0.07
299137,0.17
299139,0.2
299168,0.07
299176,0.07
299184,0.19
299188,0.16
299191,0.16
299208,0.08
299229,0.14
299238,0.16
299241,0.11
299257,0.13
299260,0.22
299264,0.12
299279,0.21
299308,0.14
299310,0.12
299311,0.12
299317,0.19
299325,0.15
299329,0.12
299334,0.17
299335,0.14
299339,0.14
299351,0.23
299352,0.09
299365,0.14
299393,0.1
299400,0.11
299404,0.1
299406,0.23
299410,0.24
299413,0.07
299434,0.33
299448,0.07
299463,0.1
299464,0.28
299470,0.08
299480,0.12
299488,0.17
299496,0.16
299501,0.29
299504,0.11
299532,0.13
299536,0.14
299550,0.16
299554,0.18
299564,0.14
299577,0.16
299581,0.11
299594,0.11
299632,0.18
299633,0.14
299650,0.21
299678,0.11
299682,0.21
299705,0.19
299719,0.15
299720,0.18
299724,0.17
299730,0.1
299750,0.08
299766,0.17
299774,0.16
299787,0.05
299817,0.14
299818,0.26
299826,0.13
299833,0.13
299845,0.11
299847,0.39
299850,0.19
299866,0.17
299869,0.17
299870,0.12
299874,0.05
299877,0.16
299891,0.19
299898,0.15
299900,0.22
299904,0.09
299912,0.11
299914,0.08
299919,0.12
299931,0.13
299934,0.17
299941,0.3
299946,0.08
299947,0.26
299972,0.16
299973,0.27
299975,0.14
299979,0.12
299981,0.1
299983,0.26
299985,0.08
299986,0.07
300011,0.15
300013,0.09
300028,0.13
300042,0.14
300043,0.11
300058,0.12
300073,0.08
300075,0.09
300087,0.08
300090,0.15
300107,0.18
300115,0.16
300119,0.12
300122,0.28
300125,0.1
300126,0.12
300137,0.43
300139,0.1
300145,0.16
300155,0.18
300169,0.07
300170,0.09
300175,0.13
300177,0.24
300186,0.14
300188,0.14
300194,0.13
300207,0.19
300210,0.13
300217,0.16
300221,0.1
300235,0.08
300238,0.08
300240,0.15
300241,0.12
300249,0.1
300255,0.12
300259,0.1
300272,0.12
300274,0.12
300276,0.16
300284,0.15
300293,0.08
300306,0.1
300310,0.25
300324,0.2
300339,0.1
300346,0.05
300348,0.11
300354,0.11
300356,0.12
300358,0.08
300363,0.09
300366,0.27
300368,0.09
300370,0.18
300385,0.23
300392,0.24
300393,0.06
300403,0.17
300411,0.15
300420,0.13
300421,0.1
300435,0.2
300437,0.09
300440,0.1
300443,0.09
300456,0.22
300458,0.15
300459,0.15
300460,0.15
300462,0.13
300481,0.15
300486,0.33
300488,0.11
300503,0.14
300506,0.08
300517,0.15
300523,0.12
300525,0.09
300526,0.16
300552,0.14
300560,0.13
300570,0.13
300583,0.15
300585,0.2
300587,0.18
300598,0.16
300600,0.12
300608,0.34
300612,0.09
300618,0.09
300621,0.16
300640,0.16
300641,0.09
300651,0.13
300653,0.13
300667,0.17
300678,0.13
300680,0.13
300687,0.15
300702,0.26
300717,0.14
300722,0.17
300723,0.15
300732,0.11
300752,0.18
300761,0.22
300775,0.18
300786,0.22
300787,0.1
300788,0.14
300789,0.16
300794,0.14
300808,0.15
300834,0.06
300842,0.3
300844,0.2
300850,0.08
300851,0.17
300854,0.16
300866,0.14
300867,0.21
300868,0.1
300882,0.11
300883,0.11
300891,0.11
300894,0.06
300901,0.16
300904,0.05
300910,0.24
300914,0.19
300918,0.12
300948,0.21
300954,0.17
300958,0.19
300959,0.12
300970,0.07
300971,0.15
300975,0.12
300981,0.1
300983,0.15
300993,0.36
300996,0.07
301001,0.18
301005,0.05
301010,0.25
301021,0.28
301026,0.13
301029,0.08
301032,0.12
301061,0.26
301073,0.07
301083,0.04
301089,0.13
301093,0.21
301098,0.1
301103,0.15
301105,0.25
301112,0.19
301120,0.09
301122,0.19
301124,0.15
301137,0.16
301169,0.18
301173,0.12
301177,0.18
301179,0.14
301180,0.3
301185,0.11
301195,0.23
301199,0.13
301201,0.18
301206,0.12
301209,0.14
301210,0.15
301216,0.22
301224,0.21
301226,0.12
301227,0.15
301243,0.16
301246,0.11
301248,0.13
301252,0.09
301259,0.11
301260,0.08
301267,0.11
301268,0.1
301274,0.14
301281,0.19
301287,0.08
301288,0.12
301299,0.08
301304,0.16
301325,0.2
301327,0.07
301331,0.15
301332,0.13
301336,0.14
301345,0.16
301348,0.14
301356,0.11
301358,0.08
301360,0.15
301364,0.08
301389,0.1
301415,0.15
301421,0.3
301422,0.2
301424,0.13
301426,0.09
301433,0.14
301459,0.15
301460,0.28
301478,0.13
301483,0.14
301493,0.08
301494,0.07
301503,0.2
301510,0.14
301516,0.06
301530,0.13
301531,0.1
301549,0.1
301550,0.07
301555,0.13
301573,0.12
301588,0.09
301593,0.24
301613,0.1
301625,0.18
301643,0.12
301650,0.09
301651,0.12
301652,0.13
301653,0.16
301665,0.14
301684,0.12
301686,0.16
301694,0.22
301697,0.14
301698,0.14
301717,0.15
301725,0.11
301728,0.2
301734,0.14
301749,0.26
301761,0.22
301766,0.12
301775,0.18
301782,0.17
301784,0.18
301787,0.1
301789,0.22
301790,0.18
301804,0.14
301806,0.15
301817,0.09
301826,0.05
301837,0.12
301842,0.09
301848,0.14
301859,0.16
301860,0.16
301867,0.15
301877,0.1
301883,0.19
301902,0.13
301908,0.14
301916,0.11
301920,0.09
301921,0.09
301931,0.13
301939,0.12
301941,0.17
301943,0.14
301949,0.11
301955,0.15
301963,0.12
301968,0.14
301975,0.12
301988,0.1
302000,0.09
302005,0.06
302007,0.11
302016,0.2
302028,0.14
302038,0.07
302043,0.13
302051,0.1
302056,0.1
302063,0.21
302072,0.1
302074,0.22
302080,0.06
302093,0.08
302096,0.13
302123,0.11
302125,0.13
302128,0.12
302145,0.15
302146,0.21
302160,0.14
302166,0.15
302174,0.11
302175,0.08
302186,0.31
302190,0.12
302202,0.12
302207,0.22
302211,0.05
302215,0.18
302216,0.07
302217,0.1
302225,0.34
302231,0.16
302233,0.15
302259,0.15
302263,0.14
302281,0.09
302285,0.12
302288,0.22
302292,0.26
302303,0.09
302306,0.1
302309,0.15
302332,0.08
302341,0.09
302350,0.18
302352,0.15
302356,0.12
302361,0.08
302364,0.22
302373,0.13
302378,0.12
302385,0.1
302389,0.08
302393,0.24
302403,0.07
302422,0.06
302425,0.11
302431,0.22
302443,0.12
302448,0.1
302449,0.16
302455,0.18
302460,0.08
302462,0.13
302466,0.09
302467,0.17
302470,0.12
302472,0.12
302480,0.13
302481,0.07
302491,0.26
302494,0.16
302503,0.17
302504,0.25
302507,0.28
302527,0.21
302571,0.18
302580,0.19
302583,0.11
302591,0.1
302601,0.08
302613,0.09
302621,0.07
302638,0.1
302639,0.21
302655,0.16
302670,0.29
302673,0.26
302675,0.09
302691,0.13
302701,0.1
302705,0.14
302727,0.1
302750,0.1
302751,0.11
302757,0.23
302758,0.23
302761,0.22
302767,0.12
302787,0.2
302797,0.05
302799,0.13
302800,0.05
302815,0.13
302826,0.35
302827,0.07
302842,0.06
302856,0.05
302877,0.12
302879,0.12
302881,0.13
302882,0.16
302885,0.17
302905,0.14
302911,0.11
302916,0.19
302919,0.17
302947,0.11
302957,0.14
302968,0.11
302978,0.16
302984,0.14
302991,0.09
303007,0.16
303010,0.14
303012,0.32
303013,0.17
303024,0.11
303027,0.11
303034,0.11
303036,0.23
303037,0.13
303050,0.09
303060,0.15
303062,0.14
303066,0.13
303068,0.12
303077,0.23
303080,0.07
303082,0.16
303083,0.12
303085,0.14
303087,0.17
303089,0.18
303103,0.1
303105,0.09
303106,0.21
303120,0.19
303121,0.07
303127,0.09
303130,0.16
303142,0.11
303162,0.18
303169,0.13
303189,0.1
303220,0.16
303222,0.22
303223,0.13
303227,0.08
303262,0.18
303264,0.08
303277,0.06
303288,0.12
303292,0.2
303294,0.17
303301,0.34
303312,0.22
303328,0.16
303330,0.04
303347,0.14
303354,0.16
303356,0.11
303362,0.21
303377,0.13
303386,0.1
303393,0.11
303397,0.1
303403,0.12
303413,0.14
303416,0.16
303428,0.17
303429,0.17
303432,0.12
303446,0.24
303455,0.24
303464,0.11
303465,0.03
303473,0.14
303476,0.15
303479,0.21
303482,0.08
303484,0.14
303492,0.22
303493,0.21
303497,0.15
303498,0.07
303499,0.13
303509,0.11
303513,0.11
303524,0.11
303525,0.2
303540,0.07
303544,0.07
303548,0.16
303551,0.1
303569,0.2
303584,0.11
303592,0.17
303602,0.12
303607,0.19
303619,0.05
303630,0.13
303643,0.21
303644,0.14
303670,0.08
303671,0.1
303678,0.12
303689,0.13
303698,0.24
303702,0.11
303704,0.15
303711,0.08
303727,0.1
303728,0.09
303741,0.19
303752,0.11
303755,0.07
303777,0.07
303790,0.23
303798,0.19
303804,0.27
303812,0.12
303814,0.24
303817,0.21
303818,0.13
303848,0.17
303850,0.08
303854,0.12
303857,0.07
303860,0.08
303870,0.18
303877,0.14
303884,0.15
303893,0.09
303899,0.1
303900,0.2
303902,0.16
303906,0.12
303920,0.06
303937,0.12
303939,0.05
303941,0.08
303962,0.13
303963,0.13
303971,0.04
303978,0.15
303980,0.22
303986,0.17
304018,0.17
304025,0.11
304027,0.14
304028,0.18
304029,0.1
304030,0.03
304035,0.26
304040,0.15
304058,0.26
304083,0.11
304089,0.24
304092,0.17
304093,0.13
304100,0.07
304121,0.11
304142,0.17
304154,0.14
304158,0.27
304164,0.1
304173,0.24
304175,0.06
304182,0.09
304194,0.15
304201,0.08
304202,0.09
304206,0.11
304210,0.13
304226,0.11
304237,0.14
304256,0.25
304257,0.11
304265,0.08
304271,0.22
304274,0.11
304286,0.11
304292,0.1
304299,0.1
304350,0.11
304352,0.08
304355,0.18
304360,0.1
304361,0.23
304363,0.15
304375,0.15
304378,0.08
304382,0.17
304385,0.16
304386,0.16
304387,0.07
304388,0.13
304391,0.16
304398,0.18
304406,0.09
304420,0.21
304431,0.15
304436,0.34
304438,0.11
304440,0.13
304441,0.09
304450,0.18
304451,0.34
304454,0.1
304462,0.2
304466,0.14
304469,0.22
304472,0.08
304475,0.23
304481,0.13
304483,0.18
304485,0.07
304486,0.03
304504,0.19
304505,0.22
304512,0.1
304516,0.11
304517,0.11
304528,0.1
304530,0.21
304536,0.14
304549,0.1
304552,0.22
304554,0.2
304581,0.15
304593,0.13
304596,0.24
304604,0.12
304610,0.2
304614,0.09
304628,0.21
304629,0.09
304637,0.1
304644,0.11
304654,0.18
304664,0.26
304676,0.09
304680,0.18
304687,0.19
304696,0.08
304698,0.23
304700,0.11
304703,0.24
304704,0.09
304710,0.18
304717,0.1
304729,0.35
304732,0.16
304736,0.21
304738,0.16
304756,0.11
304771,0.05
304773,0.09
304776,0.17
304778,0.1
304779,0.25
304780,0.06
304790,0.28
304793,0.13
304805,0.29
304811,0.08
304825,0.1
304828,0.16
304829,0.16
304842,0.11
304851,0.11
304857,0.1
304884,0.14
304891,0.11
304897,0.24
304898,0.23
304905,0.13
304907,0.14
304917,0.09
304931,0.17
304935,0.09
304942,0.13
304954,0.19
304959,0.08
304968,0.14
304971,0.1
304977,0.17
304982,0.11
304985,0.11
304991,0.11
304992,0.09
304997,0.16
305004,0.14
305008,0.06
305019,0.14
305020,0.2
305025,0.13
305037,0.1
305046,0.17
305056,0.11
305062,0.1
305064,0.26
305065,0.16
305076,0.16
305108,0.12
305110,0.13
305115,0.24
305121,0.11
305125,0.09
305141,0.09
305151,0.11
305159,0.07
305162,0.18
305165,0.11
305174,0.08
305178,0.1
305180,0.2
305182,0.09
305183,0.09
305194,0.13
305199,0.23
305210,0.08
305214,0.32
305215,0.1
305218,0.16
305225,0.05
305229,0.09
305231,0.03
305233,0.15
305237,0.1
305260,0.17
305261,0.17
305278,0.15
305286,0.2
305293,0.1
305300,0.06
305301,0.25
305326,0.15
305334,0.19
305340,0.15
305348,0.11
305352,0.11
305359,0.12
305360,0.07
305362,0.15
305383,0.05
305406,0.1
305408,0.16
305412,0.19
305413,0.09
305414,0.21
305417,0.1
305421,0.12
305422,0.06
305447,0.11
305448,0.14
305450,0.09
305452,0.09
305459,0.12
305460,0.1
305474,0.08
305475,0.08
305481,0.13
305494,0.13
305503,0.19
305507,0.1
305508,0.19
305513,0.21
305518,0.15
305523,0.11
305526,0.14
305529,0.12
305532,0.18
305543,0.23
305555,0.07
305562,0.13
305571,0.1
305578,0.25
305579,0.13
305584,0.17
305603,0.13
305620,0.16
305626,0.05
305636,0.15
305640,0.03
305653,0.14
305662,0.07
305663,0.16
305667,0.13
305683,0.18
305698,0.03
305699,0.19
305707,0.11
305717,0.26
305723,0.1
305735,0.13
305738,0.3
305746,0.04
305766,0.14
305773,0.11
305776,0.07
305777,0.09
305809,0.08
305813,0.15
305816,0.12
305820,0.16
305826,0.22
305838,0.23
305839,0.05
305846,0.13
305861,0.12
305863,0.24
305869,0.07
305872,0.1
305876,0.09
305881,0.14
305887,0.11
305894,0.1
305898,0.06
305905,0.13
305908,0.11
305914,0.2
305915,0.07
305922,0.12
305938,0.13
305946,0.09
305956,0.24
305963,0.12
305965,0.11
305988,0.18
305990,0.1
305991,0.16
305994,0.12
305998,0.16
306003,0.11
306012,0.15
306016,0.11
306021,0.21
306025,0.16
306030,0.19
306047,0.18
306051,0.2
306063,0.18
306066,0.08
306069,0.09
306074,0.2
306091,0.12
306094,0.17
306095,0.15
306114,0.05
306116,0.08
306121,0.13
306127,0.25
306128,0.19
306133,0.11
306142,0.15
306144,0.16
306150,0.13
306153,0.04
306156,0.17
306159,0.38
306161,0.07
306173,0.14
306175,0.16
306193,0.15
306194,0.06
306198,0.22
306203,0.13
306209,0.21
306212,0.07
306216,0.26
306233,0.11
306247,0.22
306264,0.18
306267,0.12
306293,0.1
306302,0.32
306305,0.11
306311,0.18
306345,0.14
306357,0.11
306368,0.04
306372,0.32
306378,0.22
306389,0.1
306398,0.15
306414,0.14
306419,0.21
306437,0.15
306438,0.14
306441,0.17
306443,0.2
306450,0.16
306464,0.1
306468,0.21
306469,0.1
306484,0.06
306527,0.14
306538,0.11
306547,0.1
306554,0.11
306557,0.17
306560,0.08
306561,0.13
306565,0.09
306569,0.12
306576,0.13
306587,0.19
306604,0.13
306624,0.19
306625,0.21
306628,0.27
306647,0.15
306651,0.08
306658,0.1
306660,0.24
306664,0.16
306670,0.32
306699,0.12
306701,0.15
306712,0.11
306716,0.17
306727,0.12
306729,0.19
306735,0.06
306739,0.03
306756,0.14
306757,0.11
306767,0.15
306775,0.09
306795,0.17
306799,0.2
306800,0.05
306805,0.08
306812,0.12
306820,0.18
306840,0.23
306845,0.12
306848,0.17
306856,0.09
306862,0.16
306863,0.12
306868,0.21
306873,0.18
306876,0.14
306893,0.1
306896,0.2
306899,0.1
306907,0.23
306908,0.11
306917,0.15
306927,0.12
306930,0.08
306935,0.2
306942,0.1
306951,0.05
306961,0.1
306970,0.32
306972,0.24
306973,0.08
306976,0.14
306978,0.18
306990,0.15
306992,0.23
306995,0.1
307001,0.4
307004,0.28
307005,0.14
307006,0.07
307010,0.1
307011,0.09
307014,0.03
307016,0.2
307022,0.12
307027,0.28
307052,0.12
307061,0.2
307072,0.36
307078,0.07
307111,0.09
307112,0.15
307134,0.23
307143,0.19
307147,0.12
307148,0.11
307162,0.16
307166,0.13
307168,0.16
307174,0.11
307177,0.13
307197,0.08
307198,0.19
307199,0.08
307205,0.15
307207,0.13
307210,0.11
307212,0.16
307223,0.14
307224,0.08
307236,0.22
307241,0.09
307242,0.18
307259,0.15
307271,0.11
307274,0.11
307281,0.17
307288,0.13
307294,0.18
307302,0.12
307308,0.16
307313,0.21
307344,0.26
307350,0.18
307366,0.16
307372,0.16
307373,0.12
307374,0.17
307378,0.11
307384,0.13
307398,0.24
307406,0.16
307416,0.06
307420,0.2
307424,0.11
307427,0.36
307429,0.15
307436,0.13
307456,0.1
307491,0.17
307494,0.13
307496,0.1
307500,0.09
307504,0.1
307509,0.16
307511,0.19
307520,0.11
307527,0.1
307537,0.23
307539,0.13
307558,0.28
307561,0.12
307575,0.14
307577,0.14
307588,0.22
307636,0.13
307639,0.13
307641,0.13
307646,0.19
307653,0.03
307661,0.23
307669,0.27
307674,0.08
307678,0.1
307691,0.15
307697,0.13
307699,0.07
307702,0.07
307708,0.13
307712,0.12
307716,0.09
307729,0.08
307753,0.2
307765,0.27
307781,0.19
307787,0.21
307788,0.08
307798,0.19
307799,0.23
307800,0.09
307801,0.12
307804,0.09
307816,0.09
307820,0.1
307824,0.12
307828,0.09
307832,0.18
307836,0.12
307842,0.26
307851,0.24
307856,0.13
307861,0.11
307879,0.13
307904,0.1
307911,0.09
307912,0.07
307913,0.26
307922,0.09
307924,0.15
307925,0.07
307929,0.11
307933,0.27
307945,0.09
307948,0.1
307961,0.23
307962,0.11
307963,0.2
307971,0.21
307983,0.17
307984,0.13
307988,0.16
307993,0.11
307994,0.18
308007,0.12
308008,0.08
308018,0.15
308023,0.12
308026,0.12
308028,0.15
308030,0.11
308034,0.25
308053,0.11
308065,0.13
308095,0.1
308096,0.08
308100,0.15
308114,0.17
308116,0.22
308120,0.08
308128,0.19
308132,0.21
308134,0.21
308140,0.15
308142,0.1
308164,0.15
308168,0.17
308169,0.16
308171,0.21
308176,0.15
308177,0.15
308179,0.06
308180,0.27
308184,0.12
308188,0.18
308189,0.03
308190,0.07
308200,0.18
308210,0.23
308211,0.26
308218,0.17
308220,0.11
308228,0.16
308231,0.11
308236,0.1
308247,0.21
308251,0.11
308260,0.16
308266,0.12
308267,0.22
308280,0.22
308298,0.13
308301,0.07
308309,0.13
308312,0.22
308325,0.17
308334,0.28
308339,0.15
308346,0.07
308359,0.14
308360,0.19
308380,0.13
308391,0.16
308403,0.11
308408,0.13
308410,0.29
308415,0.11
308420,0.15
308427,0.16
308442,0.08
308447,0.36
308462,0.13
308464,0.15
308465,0.11
308467,0.16
308468,0.12
308476,0.12
308488,0.16
308498,0.07
308504,0.1
308507,0.14
308509,0.18
308521,0.08
308536,0.17
308537,0.13
308543,0.11
308547,0.09
308559,0.09
308565,0.22
308569,0.16
308584,0.04
308591,0.21
308608,0.2
308610,0.1
308613,0.1
308618,0.32
308623,0.14
308632,0.07
308636,0.13
308641,0.03
308643,0.07
308664,0.2
308678,0.09
308679,0.18
308691,0.09
308692,0.18
308701,0.2
308709,0.26
308711,0.2
308719,0.1
308723,0.15
308727,0.19
308732,0.09
308738,0.1
308747,0.04
308749,0.1
308755,0.11
308756,0.2
308761,0.1
308779,0.16
308780,0.11
308784,0.15
308789,0.19
308807,0.11
308818,0.36
308819,0.16
308822,0.34
308827,0.19
308831,0.12
308833,0.15
308842,0.08
308868,0.05
308871,0.08
308881,0.13
308889,0.04
308892,0.09
308900,0.1
308903,0.09
308912,0.16
308916,0.14
308919,0.1
308920,0.11
308921,0.08
308928,0.11
308929,0.23
308934,0.13
308940,0.15
308941,0.05
308946,0.07
308956,0.11
308958,0.12
308963,0.12
308965,0.19
308971,0.11
308977,0.17
308985,0.15
308987,0.12
308995,0.17
309005,0.12
309007,0.17
309015,0.09
309016,0.2
309018,0.15
309019,0.11
309035,0.14
309042,0.11
309044,0.1
309052,0.09
309061,0.19
309064,0.08
309072,0.1
309075,0.12
309083,0.19
309099,0.21
309124,0.14
309125,0.12
309146,0.26
309159,0.12
309161,0.09
309168,0.2
309180,0.12
309185,0.2
309195,0.14
309198,0.09
309200,0.13
309202,0.25
309204,0.14
309213,0.17
309227,0.26
309234,0.1
309241,0.11
309242,0.09
309244,0.17
309246,0.11
309250,0.13
309251,0.18
309274,0.18
309276,0.19
309280,0.16
309298,0.28
309301,0.13
309302,0.21
309326,0.12
309335,0.16
309341,0.12
309343,0.16
309344,0.17
309354,0.07
309362,0.14
309399,0.13
309406,0.15
309409,0.11
309411,0.14
309418,0.29
309421,0.11
309435,0.12
309443,0.18
309455,0.12
309462,0.1
309473,0.19
309476,0.25
309478,0.1
309493,0.05
309502,0.05
309508,0.13
309526,0.18
309536,0.05
309544,0.14
309547,0.08
309555,0.11
309562,0.11
309569,0.13
309574,0.21
309577,0.1
309578,0.14
309579,0.15
309585,0.1
309588,0.1
309603,0.13
309604,0.17
309617,0.16
309620,0.06
309623,0.11
309648,0.2
309665,0.16
309682,0.1
309694,0.15
309702,0.1
309711,0.05
309713,0.17
309729,0.19
309735,0.04
309744,0.08
309749,0.27
309750,0.06
309759,0.18
309761,0.07
309770,0.11
309776,0.14
309777,0.07
309789,0.1
309790,0.15
309800,0.14
309813,0.15
309814,0.16
309815,0.27
309825,0.22
309826,0.08
309829,0.06
309831,0.1
309837,0.09
309846,0.17
309849,0.17
309855,0.08
309860,0.08
309879,0.12
309882,0.29
309887,0.14
309892,0.09
309895,0.15
309902,0.14
309915,0.15
309923,0.13
309941,0.24
309942,0.09
309945,0.11
309950,0.17
309955,0.12
309963,0.14
309964,0.07
309967,0.29
309969,0.11
309971,0.09
309978,0.16
309987,0.18
309990,0.2
309992,0.14
309993,0.14
310010,0.08
310012,0.15
310017,0.08
310018,0.07
310022,0.13
310031,0.08
310033,0.16
310034,0.16
310038,0.16
310044,0.22
310062,0.1
310071,0.07
310075,0.05
310082,0.15
310093,0.23
310101,0.08
310106,0.06
310118,0.21
310123,0.1
310126,0.12
310130,0.06
310141,0.19
310145,0.11
310148,0.18
310150,0.06
310159,0.25
310162,0.13
310163,0.08
310166,0.16
310167,0.07
310170,0.16
310181,0.11
310187,0.15
310191,0.11
310192,0.15
310197,0.09
310200,0.09
310201,0.2
310203,0.11
310204,0.11
310213,0.1
310215,0.11
310218,0.16
310236,0.12
310238,0.12
310241,0.14
310245,0.16
310252,0.21
310259,0.1
310260,0.18
310261,0.14
310262,0.14
310274,0.11
310294,0.28
310296,0.24
310298,0.15
310306,0.1
310307,0.12
310316,0.11
310329,0.18
310338,0.14
310342,0.16
310343,0.2
310360,0.13
310362,0.23
310378,0.08
310379,0.12
310383,0.13
310385,0.09
310387,0.16
310388,0.15
310400,0.14
310408,0.16
310414,0.12
310423,0.03
310424,0.14
310428,0.17
310432,0.24
310456,0.16
310463,0.28
310475,0.19
310476,0.15
310482,0.11
310485,0.12
310490,0.18
310496,0.16
310505,0.12
310519,0.12
310546,0.09
310547,0.15
310553,0.15
310555,0.11
310556,0.34
310568,0.11
310573,0.22
310574,0.1
310577,0.11
310580,0.12
310581,0.07
310583,0.12
310586,0.25
310591,0.15
310598,0.13
310606,0.18
310628,0.06
310634,0.2
310638,0.2
310646,0.05
310648,0.27
310654,0.1
310659,0.25
310663,0.12
310669,0.16
310670,0.23
310674,0.06
310691,0.13
310693,0.18
310702,0.07
310706,0.13
310709,0.1
310711,0.14
310720,0.22
310739,0.45
310742,0.16
310743,0.13
310752,0.12
310753,0.22
310757,0.25
310763,0.08
310764,0.14
310769,0.1
310771,0.29
310775,0.08
310779,0.2
310781,0.13
310784,0.19
310793,0.25
310794,0.09
310816,0.2
310823,0.14
310837,0.17
310856,0.16
310865,0.15
310866,0.17
310872,0.1
310877,0.33
310879,0.11
310883,0.14
310884,0.17
310908,0.1
310928,0.12
310935,0.06
310954,0.12
310964,0.28
310971,0.09
310972,0.12
310983,0.09
310988,0.07
310994,0.06
311003,0.12
311020,0.05
311024,0.15
311037,0.13
311064,0.14
311070,0.06
311086,0.13
311087,0.16
311108,0.1
311110,0.09
311115,0.08
311116,0.23
311117,0.14
311128,0.22
311136,0.16
311146,0.08
311155,0.16
311157,0.14
311159,0.17
311170,0.18
311184,0.11
311199,0.12
311208,0.18
311209,0.1
311220,0.28
311230,0.17
311233,0.13
311241,0.21
311261,0.13
311262,0.17
311268,0.09
311277,0.23
311296,0.19
311298,0.12
311310,0.22
311313,0.3
311316,0.27
311324,0.14
311327,0.24
311331,0.1
311335,0.04
311343,0.14
311346,0.17
311357,0.16
311358,0.07
311365,0.1
311370,0.1
311376,0.14
311380,0.19
311393,0.09
311399,0.06
311404,0.13
311409,0.11
311425,0.11
311436,0.17
311455,0.09
311459,0.17
311475,0.14
311499,0.2
311509,0.08
311518,0.11
311535,0.18
311536,0.13
311540,0.21
311542,0.24
311552,0.36
311562,0.31
311580,0.11
311583,0.14
311588,0.1
311595,0.07
311601,0.1
311605,0.15
311609,0.24
311612,0.18
311621,0.14
311623,0.05
311625,0.08
311636,0.1
311637,0.11
311646,0.09
311648,0.09
311654,0.09
311663,0.13
311676,0.18
311679,0.17
311683,0.2
311685,0.14
311691,0.15
311695,0.11
311700,0.07
311710,0.25
311714,0.07
311716,0.16
311725,0.12
311727,0.1
311728,0.1
311737,0.26
311738,0.11
311743,0.15
311746,0.1
311747,0.15
311761,0.44
311765,0.16
311773,0.16
311776,0.11
311786,0.18
311801,0.07
311820,0.12
311822,0.37
311829,0.12
311835,0.12
311846,0.05
311851,0.16
311854,0.08
311872,0.09
311875,0.11
311888,0.26
311916,0.18
311928,0.14
311931,0.12
311933,0.24
311934,0.09
311948,0.11
311949,0.18
311950,0.17
311952,0.11
311954,0.24
311962,0.08
311965,0.12
311968,0.21
311976,0.19
311977,0.12
311983,0.13
311989,0.14
311996,0.2
311999,0.07
312007,0.22
312022,0.1
312023,0.17
312034,0.18
312042,0.17
312049,0.08
312077,0.14
312088,0.13
312091,0.25
312114,0.17
312115,0.11
312117,0.25
312119,0.26
312126,0.49
312127,0.09
312134,0.12
312164,0.15
312176,0.12
312178,0.1
312184,0.13
312185,0.2
312186,0.05
312191,0.18
312197,0.08
312213,0.32
312223,0.33
312224,0.33
312225,0.15
312226,0.08
312231,0.15
312239,0.15
312251,0.17
312271,0.1
312278,0.11
312281,0.09
312289,0.12
312291,0.16
312301,0.16
312302,0.09
312316,0.26
312324,0.13
312338,0.1
312361,0.1
312363,0.26
312368,0.06
312382,0.13
312384,0.23
312390,0.11
312395,0.22
312396,0.15
312400,0.14
312406,0.18
312412,0.02
312414,0.17
312417,0.09
312425,0.13
312428,0.1
312431,0.08
312437,0.2
312442,0.08
312451,0.08
312460,0.16
312464,0.14
312466,0.07
312470,0.17
312473,0.13
312490,0.12
312493,0.22
312503,0.13
312509,0.19
312520,0.18
312528,0.08
312543,0.13
312544,0.17
312553,0.13
312558,0.11
312565,0.26
312568,0.12
312579,0.14
312581,0.15
312582,0.12
312596,0.22
312597,0.12
312598,0.12
312617,0.27
312627,0.18
312635,0.09
312637,0.2
312639,0.12
312640,0.24
312642,0.27
312651,0.09
312663,0.16
312668,0.1
312685,0.08
312691,0.06
312693,0.22
312710,0.13
312711,0.08
312712,0.13
312720,0.17
312746,0.24
312763,0.16
312770,0.12
312791,0.26
312795,0.11
312796,0.07
312797,0.06
312804,0.11
312812,0.15
312813,0.14
312825,0.13
312827,0.14
312841,0.1
312842,0.22
312845,0.13
312856,0.05
312866,0.11
312870,0.29
312879,0.13
312895,0.11
312901,0.12
312909,0.15
312910,0.09
312916,0.15
312926,0.16
312942,0.21
312946,0.16
312950,0.1
312952,0.18
312963,0.14
312968,0.21
312976,0.09
312980,0.13
312984,0.13
312987,0.25
312994,0.13
312996,0.12
312997,0.11
313019,0.17
313020,0.1
313028,0.06
313041,0.19
313045,0.13
313048,0.13
313052,0.14
313062,0.11
313063,0.2
313066,0.19
313071,0.1
313085,0.13
313099,0.2
313109,0.17
313131,0.11
313139,0.17
313141,0.14
313142,0.13
313145,0.17
313153,0.12
313157,0.17
313161,0.14
313165,0.11
313179,0.18
313208,0.12
313228,0.19
313236,0.16
313243,0.13
313245,0.19
313249,0.07
313275,0.17
313276,0.18
313280,0.12
313284,0.3
313285,0.13
313292,0.08
313297,0.12
313304,0.14
313322,0.07
313323,0.14
313325,0.05
313326,0.09
313334,0.14
313336,0.16
313337,0.17
313339,0.13
313340,0.11
313341,0.24
313343,0.24
313346,0.25
313348,0.34
313359,0.12
313365,0.07
313375,0.27
313381,0.16
313382,0.08
313389,0.05
313390,0.14
313391,0.18
313410,0.14
313416,0.07
313417,0.08
313426,0.12
313429,0.15
313469,0.09
313479,0.11
313485,0.31
313494,0.14
313496,0.16
313501,0.11
313506,0.15
313521,0.12
313524,0.19
313538,0.2
313550,0.15
313557,0.1
313573,0.1
313583,0.13
313592,0.1
313602,0.12
313604,0.2
313606,0.2
313617,0.2
313622,0.08
313625,0.18
313638,0.1
313639,0.1
313645,0.19
313655,0.14
313656,0.38
313663,0.22
313669,0.19
313670,0.1
313676,0.19
313689,0.31
313699,0.09
313711,0.16
313720,0.15
313731,0.25
313736,0.25
313741,0.16
313744,0.2
313749,0.24
313750,0.09
313753,0.14
313763,0.14
313765,0.3
313776,0.07
313778,0.14
313781,0.15
313786,0.39
313787,0.07
313795,0.05
313809,0.18
313810,0.09
313811,0.18
313818,0.31
313825,0.13
313830,0.14
313831,0.1
313834,0.11
313837,0.32
313841,0.15
313859,0.11
313882,0.07
313887,0.4
313900,0.1
313902,0.15
313906,0.13
313930,0.06
313932,0.12
313943,0.18
313944,0.14
313957,0.12
313970,0.12
313980,0.08
313982,0.12
313999,0.32
314000,0.15
314003,0.19
314004,0.12
314005,0.33
314007,0.11
314010,0.22
314011,0.11
314016,0.26
314023,0.13
314024,0.05
314031,0.09
314038,0.22
314041,0.11
314061,0.15
314073,0.09
314091,0.11
314097,0.22
314099,0.12
314107,0.15
314124,0.26
314127,0.15
314131,0.05
314132,0.06
314137,0.2
314139,0.08
314143,0.17
314149,0.12
314153,0.02
314154,0.2
314160,0.06
314167,0.15
314171,0.08
314182,0.12
314190,0.11
314194,0.1
314198,0.07
314211,0.17
314220,0.23
314245,0.1
314247,0.08
314256,0.05
314259,0.17
314267,0.18
314271,0.13
314278,0.14
314282,0.07
314283,0.14
314294,0.19
314298,0.14
314299,0.19
314306,0.08
314307,0.16
314308,0.1
314309,0.18
314317,0.15
314323,0.08
314332,0.11
314334,0.11
314335,0.14
314337,0.07
314343,0.1
314344,0.11
314346,0.1
314351,0.08
314354,0.08
314355,0.08
314359,0.12
314364,0.06
314366,0.13
314367,0.19
314374,0.13
314376,0.11
314387,0.2
314405,0.22
314412,0.1
314418,0.28
314429,0.12
314438,0.24
314442,0.13
314477,0.13
314480,0.1
314486,0.09
314487,0.21
314488,0.14
314490,0.08
314523,0.06
314528,0.14
314535,0.1
314542,0.14
314560,0.21
314585,0.3
314594,0.15
314596,0.2
314601,0.14
314603,0.09
314612,0.17
314615,0.42
314619,0.09
314621,0.18
314627,0.23
314629,0.12
314635,0.32
314639,0.07
314646,0.11
314650,0.24
314661,0.12
314690,0.14
314699,0.09
314705,0.2
314709,0.04
314710,0.06
314711,0.21
314714,0.17
314719,0.12
314722,0.18
314723,0.11
314729,0.16
314732,0.14
314734,0.23
314746,0.06
314761,0.29
314769,0.06
314773,0.2
314774,0.14
314776,0.13
314780,0.15
314785,0.27
314789,0.27
314796,0.22
314810,0.12
314812,0.08
314817,0.07
314822,0.1
314840,0.15
314843,0.12
314853,0.16
314856,0.08
314862,0.15
314864,0.09
314878,0.14
314894,0.1
314906,0.41
314912,0.1
314914,0.07
314933,0.25
314941,0.12
314949,0.14
314950,0.19
314952,0.15
314961,0.18
314970,0.21
314972,0.18
314975,0.26
314985,0.17
314986,0.12
314991,0.2
314995,0.17
314997,0.14
315003,0.13
315035,0.1
315038,0.2
315040,0.06
315046,0.1
315053,0.07
315054,0.18
315060,0.17
315061,0.09
315067,0.31
315076,0.17
315079,0.13
315083,0.11
315084,0.18
315092,0.1
315095,0.22
315112,0.22
315122,0.08
315123,0.1
315125,0.15
315136,0.32
315143,0.22
315145,0.12
315153,0.15
315164,0.24
315169,0.12
315178,0.24
315179,0.1
315189,0.06
315192,0.17
315194,0.14
315198,0.1
315210,0.11
315211,0.1
315221,0.26
315222,0.1
315228,0.11
315231,0.16
315233,0.14
315235,0.21
315240,0.16
315244,0.14
315257,0.13
315261,0.21
315271,0.24
315278,0.2
315282,0.1
315287,0.13
315288,0.17
315291,0.16
315306,0.16
315309,0.1
315312,0.16
315330,0.12
315335,0.11
315337,0.2
315343,0.17
315344,0.27
315366,0.03
315389,0.27
315403,0.14
315414,0.35
315425,0.03
315430,0.18
315432,0.21
315436,0.13
315437,0.08
315445,0.14
315451,0.12
315460,0.06
315462,0.09
315476,0.21
315480,0.13
315489,0.15
315494,0.03
315499,0.1
315503,0.1
315507,0.2
315540,0.07
315541,0.09
315546,0.06
315553,0.22
315569,0.23
315571,0.06
315574,0.16
315580,0.11
315587,0.11
315609,0.05
315610,0.13
315617,0.21
315623,0.13
315629,0.15
315635,0.14
315637,0.21
315641,0.08
315644,0.11
315654,0.26
315662,0.16
315663,0.18
315673,0.14
315677,0.1
315679,0.13
315680,0.15
315681,0.08
315682,0.13
315684,0.15
315693,0.1
315701,0.06
315705,0.14
315706,0.11
315711,0.15
315714,0.15
315725,0.18
315738,0.17
315740,0.13
315749,0.29
315753,0.15
315757,0.22
315778,0.14
315781,0.09
315793,0.1
315813,0.14
315822,0.12
315827,0.15
315831,0.09
315843,0.14
315857,0.14
315864,0.19
315869,0.15
315870,0.16
315878,0.21
315891,0.2
315894,0.2
315895,0.14
315903,0.13
315917,0.12
315920,0.14
315937,0.09
315938,0.12
315947,0.29
315970,0.37
315971,0.07
315974,0.1
315984,0.12
315985,0.13
315988,0.08
315993,0.2
315995,0.2
315997,0.17
316000,0.15
316009,0.09
316011,0.19
316014,0.13
316021,0.16
316022,0.12
316023,0.18
316060,0.12
316063,0.12
316065,0.29
316066,0.14
316077,0.17
316083,0.1
316093,0.19
316100,0.07
316110,0.09
316118,0.11
316135,0.07
316139,0.26
316154,0.09
316156,0.12
316171,0.09
316173,0.08
316186,0.15
316188,0.08
316190,0.27
316195,0.21
316205,0.14
316214,0.12
316216,0.13
316220,0.1
316222,0.11
316224,0.18
316226,0.09
316230,0.15
316248,0.28
316258,0.17
316269,0.17
316270,0.11
316279,0.14
316286,0.18
316295,0.14
316297,0.06
316305,0.13
316312,0.12
316313,0.08
316314,0.22
316320,0.17
316321,0.19
316328,0.1
316329,0.12
316334,0.16
316364,0.06
316372,0.11
316382,0.1
316407,0.11
316411,0.26
316433,0.11
316435,0.07
316441,0.17
316456,0.03
316457,0.07
316462,0.21
316465,0.17
316466,0.09
316468,0.11
316469,0.09
316479,0.15
316481,0.18
316484,0.11
316502,0.21
316517,0.11
316525,0.11
316531,0.05
316546,0.11
316549,0.23
316557,0.08
316561,0.18
316564,0.13
316565,0.12
316594,0.22
316595,0.19
316600,0.09
316625,0.1
316645,0.18
316647,0.16
316659,0.09
316683,0.16
316694,0.08
316697,0.11
316701,0.13
316702,0.11
316703,0.03
316718,0.17
316723,0.11
316748,0.13
316756,0.08
316758,0.13
316763,0.17
316764,0.2
316768,0.12
316769,0.09
316772,0.15
316777,0.12
316781,0.14
316785,0.16
316786,0.13
316815,0.39
316816,0.17
316828,0.09
316831,0.12
316837,0.14
316843,0.17
316849,0.2
316854,0.12
316862,0.05
316867,0.11
316902,0.16
316903,0.04
316906,0.15
316914,0.18
316915,0.1
316923,0.11
316928,0.2
316930,0.14
316932,0.35
316940,0.12
316947,0.08
316948,0.07
316977,0.13
316983,0.18
316987,0.2
317003,0.18
317005,0.11
317035,0.13
317036,0.07
317043,0.14
317048,0.12
317056,0.12
317065,0.05
317079,0.12
317080,0.1
317083,0.23
317087,0.13
317103,0.11
317117,0.17
317119,0.13
317125,0.12
317126,0.24
317134,0.13
317138,0.1
317142,0.1
317150,0.07
317184,0.14
317190,0.19
317196,0.05
317197,0.15
317206,0.1
317210,0.13
317221,0.17
317226,0.12
317227,0.45
317236,0.12
317237,0.18
317241,0.12
317249,0.1
317256,0.08
317282,0.07
317294,0.08
317298,0.14
317300,0.12
317307,0.13
317311,0.13
317318,0.13
317322,0.13
317323,0.21
317332,0.11
317338,0.09
317346,0.11
317347,0.07
317349,0.14
317354,0.24
317369,0.18
317386,0.15
317389,0.1
317410,0.23
317411,0.12
317422,0.2
317434,0.11
317446,0.07
317449,0.1
317455,0.15
317469,0.14
317475,0.07
317476,0.08
317487,0.09
317488,0.22
317499,0.21
317500,0.09
317506,0.08
317515,0.13
317518,0.13
317520,0.24
317546,0.23
317549,0.16
317554,0.1
317565,0.14
317579,0.06
317591,0.08
317592,0.21
317593,0.25
317594,0.19
317601,0.14
317603,0.16
317606,0.17
317608,0.13
317611,0.11
317618,0.12
317628,0.17
317629,0.21
317642,0.13
317644,0.15
317648,0.16
317650,0.07
317665,0.19
317675,0.1
317695,0.19
317696,0.13
317704,0.09
317713,0.11
317730,0.26
317735,0.17
317736,0.1
317738,0.11
317747,0.21
317764,0.17
317765,0.22
317772,0.23
317774,0.1
317786,0.11
317788,0.1
317806,0.23
317809,0.3
317811,0.08
317814,0.16
317815,0.2
317830,0.12
317835,0.21
317843,0.19
317856,0.13
317863,0.18
317876,0.22
317889,0.14
317902,0.27
317910,0.13
317914,0.13
317933,0.14
317936,0.27
317940,0.08
317944,0.12
317952,0.15
317955,0.18
317958,0.1
317965,0.14
317966,0.1
317978,0.15
318000,0.05
318007,0.1
318008,0.21
318012,0.06
318016,0.08
318019,0.23
318020,0.17
318021,0.11
318025,0.1
318036,0.1
318044,0.11
318055,0.06
318056,0.2
318057,0.16
318065,0.16
318075,0.1
318081,0.27
318094,0.08
318096,0.1
318104,0.11
318105,0.06
318109,0.23
318113,0.19
318121,0.24
318122,0.16
318126,0.1
318127,0.12
318131,0.15
318135,0.12
318155,0.14
318156,0.07
318161,0.14
318164,0.16
318169,0.24
318173,0.12
318176,0.24
318177,0.21
318181,0.05
318187,0.08
318193,0.1
318203,0.13
318206,0.16
318214,0.16
318220,0.12
318232,0.14
318250,0.14
318251,0.1
318252,0.11
318254,0.09
318260,0.1
318261,0.11
318263,0.15
318264,0.19
318266,0.06
318267,0.17
318268,0.14
318270,0.12
318274,0.16
318282,0.11
318286,0.21
318292,0.13
318297,0.07
318320,0.06
318337,0.08
318343,0.18
318347,0.14
318351,0.19
318357,0.31
318360,0.04
318384,0.1
318385,0.11
318387,0.18
318390,0.26
318391,0.08
318393,0.1
318406,0.1
318408,0.21
318410,0.32
318424,0.13
318428,0.06
318432,0.09
318433,0.25
318445,0.15
318452,0.32
318467,0.19
318473,0.17
318480,0.13
318486,0.24
318496,0.09
318505,0.26
318511,0.19
318517,0.1
318522,0.13
318527,0.1
318530,0.1
318531,0.08
318533,0.14
318535,0.1
318536,0.09
318548,0.07
318551,0.16
318557,0.17
318576,0.1
318581,0.19
318607,0.2
318609,0.13
318615,0.43
318634,0.15
318640,0.18
318651,0.17
318657,0.16
318669,0.13
318674,0.2
318675,0.11
318686,0.14
318694,0.13
318760,0.12
318762,0.04
318763,0.02
318765,0.13
318766,0.17
318769,0.23
318775,0.07
318782,0.11
318786,0.24
318792,0.06
318801,0.11
318802,0.1
318803,0.12
318805,0.19
318813,0.17
318817,0.12
318821,0.08
318827,0.23
318834,0.2
318835,0.07
318851,0.16
318857,0.09
318862,0.15
318874,0.13
318878,0.13
318897,0.1
318909,0.21
318924,0.26
318927,0.12
318942,0.27
318946,0.14
318957,0.15
318959,0.09
318975,0.11
318982,0.11
318987,0.04
318993,0.07
318995,0.1
318996,0.12
318997,0.18
318999,0.1
319012,0.25
319014,0.09
319018,0.11
319020,0.25
319048,0.1
319052,0.26
319067,0.12
319083,0.14
319088,0.09
319089,0.21
319090,0.42
319096,0.1
319099,0.13
319108,0.18
319116,0.25
319117,0.2
319119,0.16
319126,0.18
319133,0.24
319135,0.21
319137,0.12
319143,0.1
319168,0.15
319170,0.14
319174,0.18
319181,0.08
319192,0.12
319193,0.12
319198,0.08
319211,0.14
319219,0.09
319220,0.14
319226,0.12
319240,0.2
319248,0.19
319257,0.13
319261,0.2
319264,0.12
319268,0.09
319289,0.15
319292,0.09
319295,0.07
319302,0.17
319308,0.22
319310,0.25
319313,0.12
319322,0.13
319329,0.03
319331,0.16
319334,0.18
319346,0.09
319352,0.33
319358,0.18
319363,0.06
319365,0.17
319370,0.12
319371,0.3
319372,0.13
319385,0.2
319387,0.09
319393,0.11
319396,0.19
319406,0.14
319439,0.05
319440,0.22
319441,0.43
319462,0.18
319471,0.08
319475,0.16
319476,0.13
319486,0.23
319487,0.09
319489,0.16
319491,0.15
319494,0.12
319496,0.26
319512,0.1
319519,0.02
319522,0.12
319530,0.09
319540,0.12
319547,0.08
319549,0.16
319559,0.19
319561,0.08
319566,0.07
319569,0.13
319574,0.11
319579,0.15
319580,0.2
319582,0.08
319583,0.12
319585,0.17
319598,0.09
319600,0.12
319602,0.04
319603,0.16
319604,0.09
319608,0.14
319622,0.19
319623,0.18
319625,0.14
319628,0.12
319637,0.17
319639,0.15
319658,0.11
319669,0.09
319677,0.09
319683,0.15
319688,0.09
319697,0.11
319700,0.09
319727,0.26
319747,0.17
319751,0.09
319758,0.12
319759,0.09
319765,0.12
319768,0.18
319774,0.14
319776,0.17
319777,0.13
319785,0.16
319789,0.12
319792,0.15
319799,0.12
319814,0.1
319815,0.18
319822,0.1
319829,0.18
319836,0.21
319837,0.12
319839,0.13
319843,0.1
319860,0.15
319876,0.22
319877,0.08
319887,0.22
319889,0.12
319892,0.07
319893,0.1
319897,0.1
319898,0.23
319911,0.14
319917,0.1
319923,0.11
319927,0.14
319929,0.22
319931,0.25
319948,0.17
319949,0.07
319992,0.12
319999,0.16
320001,0.12
320003,0.08
320004,0.2
320011,0.11
320012,0.14
320021,0.21
320026,0.16
320034,0.08
320041,0.26
320042,0.18
320046,0.06
320056,0.14
320062,0.09
320093,0.22
320094,0.23
320101,0.18
320114,0.12
320126,0.17
320128,0.11
320137,0.12
320149,0.15
320165,0.12
320172,0.15
320173,0.21
320175,0.27
320179,0.19
320181,0.07
320191,0.07
320192,0.08
320195,0.11
320199,0.18
320202,0.14
320203,0.29
320205,0.14
320224,0.2
320227,0.29
320228,0.06
320248,0.33
320252,0.07
320254,0.08
320259,0.13
320267,0.27
320276,0.07
320287,0.21
320291,0.11
320295,0.13
320297,0.17
320305,0.22
320321,0.37
320331,0.22
320336,0.15
320341,0.13
320344,0.09
320356,0.11
320362,0.12
320369,0.14
320379,0.14
320387,0.09
320397,0.09
320412,0.1
320421,0.16
320428,0.14
320429,0.22
320430,0.17
320434,0.08
320453,0.12
320462,0.06
320469,0.15
320475,0.13
320478,0.21
320484,0.11
320494,0.12
320499,0.09
320541,0.19
320550,0.12
320561,0.11
320562,0.13
320564,0.11
320566,0.34
320568,0.16
320593,0.11
320609,0.19
320614,0.09
320621,0.03
320639,0.19
320640,0.11
320656,0.08
320657,0.04
320670,0.08
320672,0.13
320691,0.2
320693,0.19
320698,0.11
320699,0.1
320704,0.14
320709,0.04
320711,0.08
320724,0.13
320737,0.14
320744,0.14
320747,0.11
320750,0.19
320752,0.11
320760,0.27
320765,0.16
320767,0.08
320778,0.38
320784,0.05
320789,0.13
320793,0.07
320795,0.18
320805,0.23
320806,0.16
320823,0.13
320828,0.08
320833,0.18
320843,0.11
320846,0.15
320851,0.25
320852,0.14
320869,0.15
320873,0.26
320890,0.07
320905,0.17
320912,0.13
320914,0.08
320915,0.09
320920,0.11
320924,0.1
320925,0.19
320936,0.1
320937,0.08
320940,0.19
320943,0.17
320954,0.11
320959,0.14
320960,0.11
320966,0.13
320968,0.13
320975,0.17
320978,0.11
320979,0.07
320981,0.08
320987,0.09
320989,0.11
321009,0.3
321021,0.21
321035,0.17
321038,0.07
321039,0.3
321051,0.08
321058,0.14
321066,0.28
321075,0.24
321092,0.13
321098,0.34
321107,0.08
321116,0.22
321118,0.17
321124,0.15
321131,0.09
321134,0.19
321140,0.23
321143,0.11
321145,0.09
321150,0.1
321151,0.16
321153,0.19
321154,0.08
321156,0.06
321160,0.1
321176,0.12
321183,0.08
321187,0.1
321196,0.07
321197,0.18
321204,0.22
321208,0.14
321209,0.16
321223,0.18
321226,0.11
321227,0.13
321236,0.16
321249,0.16
321250,0.16
321253,0.26
321256,0.21
321276,0.18
321298,0.18
321303,0.07
321309,0.15
321313,0.23
321322,0.37
321345,0.14
321350,0.17
321355,0.1
321358,0.14
321370,0.2
321377,0.27
321385,0.24
321398,0.14
321401,0.11
321415,0.16
321416,0.31
321419,0.05
321427,0.15
321433,0.07
321439,0.15
321455,0.15
321463,0.13
321465,0.14
321480,0.05
321486,0.1
321498,0.13
321502,0.18
321510,0.2
321524,0.15
321526,0.28
321528,0.09
321533,0.22
321536,0.18
321548,0.14
321557,0.11
321564,0.09
321567,0.08
321602,0.14
321625,0.17
321627,0.15
321640,0.12
321645,0.1
321648,0.11
321649,0.21
321652,0.12
321659,0.19
321667,0.06
321676,0.17
321696,0.08
321697,0.08
321702,0.09
321704,0.11
321706,0.09
321710,0.04
321722,0.11
321760,0.11
321770,0.14
321779,0.06
321784,0.13
321786,0.2
321792,0.15
321795,0.11
321801,0.06
321804,0.12
321806,0.22
321807,0.17
321808,0.32
321809,0.08
321825,0.08
321828,0.18
321843,0.14
321848,0.13
321854,0.12
321869,0.1
321870,0.3
321887,0.1
321896,0.12
321898,0.22
321908,0.14
321910,0.09
321915,0.22
321919,0.2
321922,0.19
321928,0.18
321929,0.21
321932,0.13
321934,0.16
321936,0.3
321956,0.08
321957,0.18
321965,0.08
321970,0.15
321974,0.08
321980,0.04
321985,0.11
321992,0.14
321999,0.09
322005,0.05
322018,0.08
322020,0.09
322021,0.27
322023,0.14
322024,0.16
322039,0.08
322054,0.14
322061,0.11
322082,0.06
322088,0.23
322093,0.11
322105,0.12
322111,0.17
322113,0.19
322117,0.12
322120,0.12
322123,0.12
322132,0.17
322136,0.19
322141,0.17
322147,0.14
322169,0.11
322170,0.14
322172,0.11
322196,0.09
322198,0.29
322217,0.18
322226,0.17
322227,0.12
322229,0.15
322242,0.13
322244,0.1
322249,0.12
322250,0.17
322253,0.19
322254,0.09
322267,0.15
322269,0.17
322274,0.38
322285,0.2
322309,0.09
322320,0.06
322327,0.1
322331,0.11
322332,0.11
322334,0.27
322339,0.2
322348,0.26
322350,0.41
322354,0.2
322356,0.1
322367,0.26
322369,0.15
322372,0.17
322374,0.18
322383,0.21
322388,0.23
322393,0.1
322395,0.2
322407,0.08
322413,0.14
322416,0.07
322419,0.05
322424,0.09
322432,0.13
322442,0.09
322447,0.13
322448,0.2
322460,0.12
322461,0.31
322468,0.08
322472,0.35
322473,0.26
322488,0.1
322490,0.13
322491,0.05
322497,0.22
322503,0.13
322521,0.28
322525,0.19
322533,0.17
322549,0.16
322561,0.05
322566,0.05
322570,0.18
322574,0.13
322578,0.11
322579,0.09
322586,0.14
322596,0.14
322598,0.12
322603,0.12
322614,0.11
322626,0.11
322630,0.06
322639,0.18
322640,0.11
322642,0.16
322651,0.08
322652,0.16
322656,0.17
322662,0.09
322664,0.08
322681,0.3
322684,0.09
322685,0.14
322711,0.17
322717,0.12
322719,0.19
322730,0.08
322740,0.12
322743,0.15
322749,0.06
322757,0.14
322759,0.18
322760,0.13
322770,0.11
322786,0.26
322797,0.08
322800,0.21
322815,0.11
322831,0.18
322835,0.22
322841,0.14
322845,0.09
322846,0.08
322851,0.12
322852,0.11
322877,0.11
322880,0.11
322893,0.14
322911,0.16
322928,0.23
322934,0.28
322938,0.29
322950,0.07
322959,0.08
322961,0.21
322965,0.21
322966,0.15
322968,0.07
322977,0.14
322979,0.1
322986,0.13
322990,0.13
322998,0.12
323005,0.1
323008,0.17
323014,0.2
323015,0.1
323025,0.12
323030,0.14
323033,0.17
323036,0.16
323043,0.17
323049,0.13
323051,0.26
323053,0.15
323056,0.19
323059,0.14
323076,0.14
323088,0.09
323108,0.38
323112,0.12
323127,0.22
323135,0.1
323137,0.12
323141,0.17
323142,0.16
323147,0.19
323150,0.25
323153,0.16
323156,0.19
323161,0.08
323171,0.07
323173,0.13
323176,0.14
323184,0.12
323189,0.14
323193,0.15
323209,0.27
323218,0.2
323224,0.37
323235,0.11
323236,0.06
323242,0.09
323252,0.09
323253,0.23
323254,0.1
323271,0.13
323276,0.11
323278,0.17
323281,0.13
323285,0.13
323289,0.18
323292,0.09
323297,0.2
323312,0.12
323318,0.09
323319,0.11
323324,0.14
323325,0.18
323328,0.13
323334,0.08
323338,0.2
323340,0.1
323343,0.07
323354,0.11
323373,0.09
323376,0.19
323381,0.19
323382,0.1
323383,0.2
323387,0.11
323394,0.21
323398,0.17
323405,0.16
323407,0.19
323428,0.27
323436,0.25
323451,0.24
323455,0.11
323463,0.17
323466,0.15
323475,0.13
323477,0.15
323481,0.07
323485,0.07
323488,0.12
323493,0.12
323494,0.12
323505,0.2
323506,0.11
323509,0.07
323518,0.2
323530,0.16
323539,0.08
323549,0.12
323557,0.19
323568,0.18
323569,0.16
323571,0.1
323573,0.15
323585,0.09
323588,0.09
323599,0.24
323615,0.07
323617,0.04
323620,0.27
323636,0.09
323665,0.1
323670,0.15
323675,0.09
323688,0.17
323693,0.17
323694,0.14
323696,0.09
323710,0.09
323716,0.26
323718,0.13
323719,0.1
323720,0.19
323722,0.15
323729,0.15
323738,0.11
323740,0.11
323787,0.13
323795,0.09
323801,0.12
323810,0.18
323822,0.14
323825,0.15
323833,0.1
323860,0.06
323871,0.12
323879,0.18
323888,0.09
323891,0.28
323894,0.1
323909,0.1
323911,0.17
323920,0.24
323923,0.17
323930,0.09
323935,0.07
323937,0.15
323938,0.05
323948,0.08
323956,0.1
323962,0.13
323964,0.07
323966,0.09
323970,0.11
323972,0.16
323977,0.18
323985,0.17
323989,0.17
323994,0.13
324010,0.07
324020,0.11
324033,0.08
324052,0.2
324055,0.1
324075,0.08
324087,0.19
324088,0.08
324091,0.12
324104,0.14
324109,0.17
324114,0.09
324118,0.14
324125,0.18
324130,0.23
324146,0.1
324149,0.17
324156,0.15
324170,0.11
324171,0.13
324172,0.09
324178,0.18
324180,0.04
324220,0.09
324222,0.19
324227,0.14
324229,0.14
324230,0.09
324235,0.12
324243,0.06
324247,0.38
324264,0.16
324269,0.18
324270,0.11
324271,0.19
324291,0.24
324293,0.11
324296,0.17
324298,0.22
324302,0.25
324305,0.16
324310,0.08
324325,0.06
324339,0.07
324345,0.16
324347,0.11
324356,0.09
324383,0.15
324387,0.14
324393,0.05
324400,0.14
324401,0.08
324412,0.15
324414,0.14
324415,0.07
324416,0.1
324420,0.19
324437,0.17
324445,0.28
324464,0.21
324472,0.16
324496,0.17
324499,0.12
324512,0.12
324544,0.15
324545,0.07
324552,0.24
324553,0.09
324558,0.28
324559,0.11
324572,0.14
324582,0.1
324595,0.3
324596,0.17
324598,0.08
324614,0.23
324620,0.21
324621,0.13
324624,0.12
324651,0.16
324655,0.33
324669,0.13
324674,0.35
324677,0.13
324681,0.17
324689,0.13
324708,0.08
324714,0.17
324716,0.26
324719,0.14
324731,0.14
324733,0.18
324741,0.21
324745,0.09
324747,0.17
324748,0.08
324764,0.18
324772,0.11
324788,0.15
324795,0.15
324801,0.08
324811,0.09
324816,0.28
324821,0.08
324825,0.09
324840,0.2
324841,0.17
324854,0.17
324866,0.09
324884,0.16
324894,0.15
324895,0.17
324913,0.13
324914,0.18
324944,0.23
324949,0.27
324978,0.12
324983,0.11
324987,0.16
324995,0.04
325000,0.08
325001,0.26
325005,0.12
325017,0.16
325019,0.1
325020,0.14
325021,0.3
325041,0.18
325063,0.33
325066,0.11
325070,0.12
325102,0.18
325117,0.08
325121,0.13
325136,0.11
325153,0.07
325157,0.07
325158,0.13
325163,0.13
325180,0.11
325181,0.11
325185,0.23
325194,0.1
325196,0.24
325206,0.12
325212,0.15
325217,0.29
325218,0.08
325223,0.11
325238,0.24
325254,0.23
325258,0.14
325268,0.04
325269,0.17
325275,0.09
325277,0.12
325282,0.09
325284,0.07
325289,0.13
325291,0.22
325300,0.11
325303,0.16
325306,0.11
325313,0.11
325316,0.13
325318,0.11
325332,0.13
325344,0.12
325354,0.12
325360,0.11
325364,0.15
325375,0.2
325377,0.07
325380,0.1
325390,0.2
325392,0.05
325395,0.15
325411,0.07
325412,0.1
325420,0.16
325424,0.18
325433,0.24
325438,0.16
325439,0.08
325443,0.1
325454,0.26
325464,0.19
325473,0.1
325476,0.07
325495,0.13
325525,0.1
325529,0.1
325552,0.16
325553,0.09
325564,0.23
325565,0.12
325580,0.1
325590,0.27
325591,0.11
325596,0.11
325601,0.12
325602,0.12
325623,0.14
325625,0.17
325641,0.28
325645,0.14
325657,0.15
325680,0.1
325691,0.12
325701,0.12
325710,0.18
325712,0.09
325714,0.13
325716,0.23
325724,0.18
325744,0.12
325751,0.21
325757,0.08
325765,0.18
325767,0.36
325770,0.22
325778,0.16
325784,0.06
325791,0.2
325809,0.23
325814,0.26
325817,0.15
325820,0.38
325822,0.12
325830,0.24
325832,0.31
325840,0.14
325849,0.09
325852,0.05
325859,0.16
325864,0.15
325865,0.12
325879,0.16
325890,0.11
325899,0.06
325908,0.09
325916,0.16
325918,0.14
325919,0.18
325922,0.16
325925,0.14
325934,0.07
325939,0.05
325942,0.1
325948,0.25
325954,0.12
325962,0.17
325966,0.16
325969,0.1
325971,0.1
325972,0.11
325976,0.14
325981,0.15
325992,0.11
326013,0.1
326017,0.17
326019,0.08
326027,0.11
326028,0.12
326033,0.18
326041,0.07
326043,0.1
326049,0.07
326054,0.17
326057,0.13
326074,0.12
326078,0.21
326083,0.18
326084,0.08
326085,0.1
326087,0.1
326088,0.19
326102,0.31
326117,0.1
326145,0.08
326150,0.16
326160,0.12
326166,0.17
326170,0.06
326180,0.12
326182,0.24
326186,0.07
326188,0.16
326190,0.29
326196,0.28
326199,0.19
326201,0.18
326204,0.11
326209,0.21
326211,0.11
326218,0.1
326239,0.12
326259,0.12
326260,0.13
326284,0.16
326289,0.17
326290,0.15
326295,0.21
326299,0.14
326305,0.12
326309,0.17
326323,0.11
326364,0.06
326369,0.14
326385,0.18
326410,0.1
326411,0.1
326418,0.11
326428,0.13
326435,0.1
326437,0.12
326438,0.08
326451,0.1
326464,0.23
326471,0.09
326472,0.34
326475,0.2
326477,0.09
326480,0.12
326486,0.15
326502,0.07
326506,0.25
326513,0.06
326516,0.17
326528,0.09
326530,0.1
326531,0.14
326532,0.08
326538,0.02
326551,0.1
326559,0.07
326576,0.1
326577,0.17
326602,0.31
326606,0.11
326618,0.11
326620,0.11
326624,0.13
326639,0.16
326647,0.2
326652,0.18
326661,0.15
326667,0.06
326670,0.19
326672,0.13
326693,0.16
326704,0.07
326723,0.12
326734,0.14
326738,0.22
326746,0.12
326753,0.15
326754,0.12
326763,0.32
326779,0.17
326785,0.16
326786,0.11
326787,0.16
326789,0.16
326799,0.08
326802,0.17
326804,0.14
326823,0.19
326827,0.11
326833,0.14
326838,0.13
326842,0.15
326856,0.27
326867,0.1
326870,0.02
326871,0.08
326875,0.12
326879,0.11
326884,0.15
326900,0.17
326904,0.11
326905,0.14
326917,0.07
326919,0.14
326921,0.17
326929,0.14
326942,0.15
326944,0.2
326953,0.2
326968,0.19
326985,0.18
326987,0.14
326988,0.13
326994,0.08
327005,0.13
327010,0.17
327017,0.16
327026,0.17
327030,0.13
327031,0.22
327045,0.16
327054,0.05
327078,0.09
327080,0.09
327087,0.34
327137,0.14
327147,0.14
327150,0.09
327153,0.1
327160,0.16
327164,0.09
327169,0.3
327187,0.28
327188,0.09
327189,0.07
327194,0.07
327196,0.22
327202,0.18
327207,0.09
327215,0.15
327216,0.1
327220,0.16
327222,0.1
327230,0.16
327231,0.31
327238,0.17
327247,0.09
327262,0.1
327265,0.09
327267,0.04
327273,0.16
327276,0.18
327280,0.2
327287,0.15
327301,0.18
327307,0.2
327309,0.17
327316,0.09
327327,0.17
327334,0.26
327335,0.16
327338,0.09
327341,0.15
327350,0.19
327355,0.1
327370,0.19
327386,0.12
327391,0.29
327393,0.16
327408,0.2
327415,0.25
327431,0.15
327445,0.16
327449,0.12
327457,0.11
327488,0.06
327489,0.09
327523,0.12
327537,0.13
327550,0.19
327556,0.17
327562,0.08
327567,0.25
327587,0.1
327594,0.11
327602,0.13
327604,0.15
327609,0.18
327618,0.13
327620,0.15
327626,0.29
327628,0.08
327629,0.1
327631,0.13
327633,0.16
327638,0.15
327665,0.08
327689,0.12
327697,0.09
327702,0.16
327704,0.18
327723,0.2
327726,0.1
327732,0.23
327739,0.11
327750,0.09
327751,0.15
327765,0.19
327766,0.1
327771,0.1
327772,0.33
327774,0.27
327784,0.07
327789,0.08
327794,0.05
327799,0.13
327803,0.12
327817,0.09
327819,0.14
327823,0.18
327828,0.41
327834,0.19
327835,0.05
327866,0.29
327871,0.11
327886,0.1
327900,0.14
327901,0.16
327904,0.13
327906,0.2
327908,0.15
327909,0.09
327914,0.26
327917,0.22
327928,0.14
327947,0.11
327949,0.1
327952,0.21
327954,0.14
327962,0.11
327964,0.29
327985,0.15
327996,0.12
327997,0.16
328013,0.08
328017,0.18
328027,0.1
328029,0.26
328042,0.1
328043,0.07
328064,0.15
328072,0.1
328074,0.14
328080,0.11
328086,0.15
328122,0.12
328126,0.05
328127,0.22
328142,0.1
328144,0.06
328150,0.19
328154,0.17
328160,0.06
328171,0.21
328179,0.21
328192,0.11
328195,0.16
328196,0.13
328201,0.07
328203,0.13
328217,0.17
328218,0.07
328228,0.17
328231,0.12
328246,0.17
328252,0.11
328255,0.16
328264,0.08
328281,0.08
328282,0.14
328291,0.17
328303,0.07
328305,0.17
328313,0.16
328336,0.12
328340,0.15
328343,0.15
328368,0.35
328372,0.14
328381,0.08
328383,0.15
328385,0.07
328393,0.15
328395,0.11
328409,0.18
328424,0.09
328427,0.21
328456,0.07
328463,0.13
328489,0.14
328491,0.14
328509,0.13
328516,0.14
328524,0.08
328535,0.15
328536,0.08
328539,0.05
328542,0.37
328545,0.18
328549,0.24
328554,0.08
328558,0.17
328571,0.16
328576,0.16
328578,0.15
328588,0.21
328601,0.11
328604,0.19
328624,0.05
328629,0.2
328632,0.07
328634,0.19
328636,0.13
328637,0.11
328647,0.09
328668,0.14
328669,0.09
328678,0.09
328684,0.13
328694,0.25
328705,0.1
328712,0.12
328720,0.19
328729,0.17
328730,0.06
328733,0.11
328758,0.16
328761,0.1
328764,0.12
328777,0.13
328783,0.12
328813,0.17
328819,0.11
328826,0.14
328829,0.23
328834,0.06
328845,0.09
328856,0.19
328865,0.26
328868,0.18
328878,0.4
328896,0.14
328899,0.08
328909,0.14
328914,0.07
328926,0.27
328934,0.24
328935,0.09
328949,0.13
328954,0.06
328957,0.18
328968,0.16
328974,0.11
328984,0.09
328991,0.11
328997,0.17
329000,0.16
329005,0.1
329007,0.18
329018,0.07
329034,0.17
329051,0.15
329052,0.11
329055,0.2
329062,0.19
329064,0.21
329070,0.33
329075,0.12
329078,0.12
329081,0.07
329086,0.31
329101,0.1
329105,0.17
329113,0.17
329119,0.29
329133,0.19
329135,0.06
329138,0.11
329143,0.13
329157,0.16
329165,0.16
329170,0.08
329176,0.17
329177,0.09
329179,0.14
329196,0.11
329209,0.11
329219,0.19
329241,0.13
329245,0.21
329248,0.21
329249,0.12
329251,0.12
329252,0.09
329256,0.16
329261,0.16
329264,0.25
329297,0.2
329310,0.11
329320,0.16
329328,0.09
329340,0.22
329347,0.07
329351,0.18
329356,0.14
329360,0.32
329364,0.07
329365,0.11
329381,0.07
329383,0.16
329385,0.11
329388,0.1
329390,0.2
329393,0.12
329403,0.13
329409,0.09
329418,0.3
329428,0.12
329433,0.1
329439,0.13
329459,0.2
329463,0.11
329475,0.04
329479,0.12
329494,0.26
329500,0.11
329503,0.11
329512,0.11
329514,0.22
329521,0.14
329526,0.18
329531,0.02
329534,0.18
329545,0.16
329553,0.09
329569,0.14
329571,0.12
329580,0.1
329585,0.23
329588,0.24
329603,0.13
329605,0.06
329611,0.17
329613,0.15
329615,0.13
329618,0.18
329623,0.11
329626,0.09
329678,0.11
329690,0.13
329693,0.19
329698,0.15
329700,0.06
329706,0.13
329709,0.19
329713,0.2
329716,0.09
329717,0.1
329719,0.16
329720,0.12
329737,0.11
329741,0.09
329742,0.15
329749,0.16
329765,0.15
329771,0.08
329775,0.1
329779,0.14
329781,0.12
329788,0.11
329798,0.08
329799,0.08
329810,0.22
329811,0.12
329812,0.12
329819,0.14
329822,0.18
329826,0.11
329843,0.12
329846,0.08
329856,0.18
329871,0.05
329882,0.2
329885,0.08
329893,0.11
329898,0.16
329903,0.17
329916,0.06
329918,0.1
329934,0.07
329942,0.13
329949,0.08
329958,0.26
329965,0.14
329969,0.15
329972,0.16
329981,0.28
329988,0.11
329989,0.12
330004,0.2
330006,0.33
330014,0.21
330025,0.29
330040,0.15
330047,0.31
330070,0.2
330074,0.1
330075,0.11
330085,0.17
330095,0.05
330106,0.15
330119,0.16
330122,0.07
330129,0.09
330145,0.2
330148,0.11
330154,0.09
330156,0.11
330162,0.13
330164,0.08
330187,0.16
330188,0.31
330189,0.08
330192,0.12
330193,0.13
330200,0.16
330205,0.15
330207,0.23
330220,0.11
330228,0.26
330243,0.13
330245,0.14
330270,0.08
330272,0.11
330279,0.1
330288,0.34
330289,0.14
330299,0.18
330308,0.11
330314,0.14
330317,0.08
330322,0.11
330332,0.06
330356,0.18
330358,0.13
330360,0.1
330363,0.2
330364,0.11
330368,0.15
330376,0.12
330378,0.18
330381,0.18
330386,0.15
330387,0.11
330395,0.19
330396,0.07
330406,0.1
330423,0.12
330430,0.13
330467,0.12
330469,0.05
330473,0.11
330479,0.18
330486,0.31
330523,0.2
330524,0.18
330540,0.13
330564,0.16
330565,0.11
330567,0.21
330568,0.14
330602,0.11
330616,0.13
330617,0.12
330625,0.17
330635,0.07
330636,0.2
330639,0.18
330661,0.19
330666,0.09
330670,0.08
330682,0.11
330690,0.09
330708,0.13
330726,0.09
330730,0.11
330765,0.09
330776,0.14
330789,0.01
330791,0.1
330803,0.09
330805,0.08
330807,0.11
330821,0.13
330822,0.08
330836,0.11
330837,0.12
330839,0.15
330840,0.07
330861,0.2
330878,0.29
330881,0.06
330888,0.15
330890,0.24
330903,0.29
330904,0.15
330905,0.11
330907,0.2
330915,0.16
330921,0.22
330922,0.06
330925,0.08
330942,0.15
330945,0.14
330957,0.14
330965,0.11
330973,0.16
330979,0.07
330981,0.09
331005,0.1
331018,0.11
331026,0.23
331032,0.06
331033,0.12
331036,0.09
331037,0.06
331048,0.11
331054,0.17
331058,0.09
331063,0.15
331077,0.16
331079,0.05
331081,0.26
331082,0.09
331090,0.16
331110,0.12
331127,0.2
331141,0.11
331153,0.17
331165,0.26
331171,0.12
331179,0.11
331191,0.2
331193,0.14
331197,0.07
331204,0.1
331207,0.21
331212,0.09
331220,0.1
331242,0.16
331244,0.17
331273,0.05
331281,0.12
331289,0.09
331293,0.11
331294,0.11
331299,0.1
331300,0.13
331302,0.11
331322,0.17
331334,0.12
331347,0.09
331353,0.04
331361,0.14
331370,0.1
331379,0.17
331382,0.17
331388,0.27
331390,0.14
331400,0.17
331411,0.12
331431,0.07
331451,0.18
331455,0.13
331456,0.17
331461,0.12
331468,0.12
331480,0.22
331491,0.16
331505,0.16
331508,0.1
331517,0.13
331519,0.22
331526,0.14
331530,0.16
331533,0.09
331554,0.09
331579,0.13
331590,0.1
331599,0.1
331604,0.13
331605,0.12
331611,0.13
331616,0.18
331620,0.06
331623,0.23
331641,0.13
331645,0.2
331657,0.13
331662,0.11
331678,0.11
331684,0.16
331686,0.26
331691,0.11
331697,0.27
331707,0.11
331709,0.09
331716,0.14
331719,0.13
331729,0.09
331735,0.07
331743,0.21
331761,0.09
331772,0.07
331777,0.04
331794,0.13
331813,0.23
331818,0.18
331834,0.21
331848,0.1
331849,0.1
331868,0.1
331875,0.13
331879,0.15
331886,0.05
331888,0.16
331891,0.07
331903,0.08
331905,0.14
331913,0.1
331914,0.11
331937,0.08
331938,0.12
331939,0.13
331944,0.1
331948,0.09
331968,0.08
331976,0.41
331977,0.22
332007,0.18
332014,0.11
332017,0.08
332027,0.11
332033,0.16
332041,0.1
332042,0.2
332047,0.17
332050,0.25
332056,0.05
332071,0.09
332075,0.26
332076,0.07
332077,0.11
332083,0.03
332093,0.24
332111,0.14
332119,0.1
332121,0.19
332135,0.18
332144,0.19
332147,0.1
332155,0.12
332156,0.17
332164,0.07
332166,0.08
332170,0.2
332180,0.15
332181,0.18
332184,0.16
332192,0.26
332204,0.09
332225,0.11
332234,0.22
332243,0.24
332253,0.15
332261,0.13
332266,0.17
332270,0.18
332285,0.28
332290,0.15
332296,0.1
332298,0.18
332302,0.11
332303,0.1
332317,0.11
332318,0.17
332327,0.16
332337,0.2
332351,0.13
332373,0.1
332377,0.13
332384,0.18
332398,0.18
332404,0.14
332405,0.11
332454,0.08
332456,0.09
332464,0.2
332468,0.11
332476,0.21
332482,0.1
332483,0.07
332508,0.17
332519,0.25
332529,0.37
332537,0.25
332545,0.27
332551,0.14
332552,0.13
332570,0.18
332574,0.14
332579,0.12
332607,0.16
332618,0.19
332626,0.15
332628,0.15
332645,0.05
332652,0.19
332666,0.14
332694,0.08
332697,0.15
332698,0.09
332700,0.18
332708,0.25
332714,0.09
332722,0.06
332724,0.14
332730,0.08
332741,0.07
332746,0.12
332754,0.11
332756,0.22
332759,0.06
332764,0.26
332786,0.07
332790,0.16
332816,0.28
332821,0.06
332827,0.13
332829,0.09
332831,0.07
332833,0.18
332834,0.15
332837,0.07
332846,0.1
332860,0.19
332861,0.13
332865,0.08
332882,0.12
332897,0.18
332901,0.15
332904,0.09
332910,0.37
332911,0.12
332912,0.29
332939,0.16
332940,0.15
332952,0.09
332956,0.08
332957,0.2
332958,0.16
332961,0.18
332967,0.19
332974,0.15
332993,0.11
333007,0.14
333012,0.19
333020,0.15
333021,0.16
333035,0.14
333040,0.24
333061,0.08
333073,0.08
333078,0.13
333085,0.18
333086,0.12
333096,0.19
333100,0.1
333112,0.13
333114,0.04
333120,0.29
333142,0.09
333152,0.05
333159,0.11
333178,0.13
333179,0.15
333187,0.15
333191,0.2
333192,0.15
333199,0.07
333211,0.09
333224,0.17
333237,0.19
333238,0.05
333262,0.11
333268,0.16
333275,0.09
333289,0.3
333292,0.25
333303,0.13
333305,0.15
333312,0.13
333316,0.09
333335,0.09
333354,0.13
333356,0.04
333358,0.11
333376,0.24
333378,0.15
333380,0.04
333381,0.15
333388,0.12
333392,0.07
333406,0.34
333410,0.08
333411,0.18
333412,0.1
333428,0.15
333432,0.06
333435,0.11
333442,0.15
333452,0.15
333455,0.24
333456,0.22
333459,0.18
333464,0.21
333466,0.13
333469,0.08
333475,0.1
333476,0.12
333477,0.11
333487,0.12
333490,0.1
333497,0.35
333499,0.14
333500,0.15
333501,0.12
333503,0.13
333513,0.15
333518,0.14
333544,0.09
333546,0.27
333563,0.14
333566,0.13
333568,0.27
333570,0.12
333573,0.09
333574,0.09
333584,0.06
333589,0.09
333594,0.12
333596,0.06
333597,0.13
333615,0.13
333621,0.08
333622,0.28
333629,0.08
333651,0.16
333653,0.11
333664,0.09
333680,0.14
333687,0.18
333688,0.12
333689,0.3
333693,0.22
333695,0.16
333706,0.09
333709,0.16
333713,0.2
333734,0.08
333745,0.18
333752,0.16
333764,0.16
333780,0.18
333789,0.26
333791,0.11
333795,0.15
333799,0.28
333801,0.21
333802,0.13
333803,0.22
333810,0.13
333837,0.11
333842,0.2
333843,0.08
333845,0.07
333852,0.29
333859,0.14
333885,0.24
333896,0.25
333904,0.29
333908,0.15
333913,0.08
333927,0.13
333930,0.11
333935,0.12
333952,0.08
333953,0.16
333966,0.13
333968,0.09
333988,0.16
334013,0.1
334027,0.17
334030,0.07
334032,0.32
334033,0.16
334042,0.13
334045,0.16
334053,0.07
334055,0.08
334058,0.14
334063,0.3
334070,0.11
334074,0.14
334080,0.21
334086,0.17
334092,0.21
334099,0.18
334101,0.1
334103,0.16
334104,0.14
334109,0.15
334125,0.12
334130,0.27
334138,0.19
334161,0.1
334164,0.16
334169,0.11
334171,0.13
334185,0.12
334186,0.07
334209,0.07
334211,0.14
334230,0.11
334231,0.24
334237,0.18
334241,0.25
334244,0.2
334247,0.09
334250,0.09
334252,0.08
334273,0.11
334282,0.16
334285,0.21
334286,0.15
334292,0.15
334296,0.16
334299,0.21
334300,0.15
334305,0.14
334307,0.27
334311,0.03
334315,0.16
334343,0.17
334344,0.09
334345,0.17
334350,0.13
334353,0.11
334365,0.24
334372,0.1
334374,0.08
334375,0.13
334382,0.2
334387,0.13
334391,0.19
334397,0.09
334407,0.1
334415,0.09
334417,0.08
334419,0.08
334431,0.09
334435,0.24
334446,0.32
334447,0.16
334457,0.13
334459,0.1
334471,0.12
334474,0.15
334481,0.09
334483,0.08
334486,0.17
334490,0.23
334492,0.23
334494,0.17
334512,0.11
334522,0.05
334527,0.13
334534,0.09
334537,0.12
334539,0.12
334552,0.15
334555,0.29
334565,0.11
334580,0.13
334585,0.16
334589,0.19
334594,0.13
334600,0.13
334603,0.16
334613,0.16
334621,0.11
334628,0.16
334631,0.19
334634,0.13
334635,0.21
334659,0.08
334660,0.04
334664,0.11
334671,0.19
334693,0.16
334695,0.12
334703,0.27
334718,0.23
334728,0.33
334732,0.18
334733,0.23
334735,0.08
334748,0.12
334756,0.19
334764,0.05
334766,0.16
334787,0.09
334803,0.09
334806,0.16
334817,0.23
334825,0.11
334831,0.16
334836,0.07
334845,0.12
334857,0.11
334868,0.08
334871,0.15
334873,0.19
334881,0.19
334886,0.1
334898,0.17
334899,0.12
334901,0.07
334916,0.16
334923,0.16
334933,0.15
334938,0.33
334955,0.19
334963,0.34
334974,0.18
334986,0.16
334994,0.11
334995,0.3
335001,0.15
335005,0.23
335009,0.06
335014,0.16
335015,0.12
335017,0.26
335025,0.19
335027,0.16
335055,0.07
335058,0.11
335072,0.06
335073,0.07
335081,0.13
335091,0.13
335096,0.13
335097,0.14
335099,0.12
335113,0.11
335136,0.17
335140,0.16
335141,0.15
335143,0.21
335155,0.09
335170,0.14
335176,0.11
335181,0.16
335183,0.2
335192,0.06
335196,0.3
335198,0.11
335203,0.12
335204,0.22
335218,0.17
335222,0.11
335223,0.19
335229,0.18
335231,0.16
335236,0.14
335253,0.17
335257,0.12
335262,0.15
335263,0.09
335273,0.17
335276,0.17
335278,0.03
335295,0.13
335301,0.13
335303,0.11
335305,0.2
335310,0.18
335313,0.11
335314,0.17
335319,0.14
335321,0.12
335331,0.13
335332,0.13
335333,0.11
335337,0.15
335342,0.08
335347,0.14
335351,0.22
335356,0.09
335366,0.13
335369,0.19
335377,0.17
335388,0.16
335395,0.28
335397,0.07
335411,0.14
335419,0.07
335425,0.1
335427,0.13
335443,0.09
335446,0.08
335448,0.14
335451,0.23
335458,0.16
335459,0.11
335460,0.09
335463,0.12
335471,0.1
335477,0.06
335478,0.19
335484,0.11
335490,0.23
335495,0.22
335506,0.22
335507,0.11
335518,0.08
335533,0.08
335537,0.13
335538,0.16
335549,0.18
335553,0.23
335561,0.24
335564,0.14
335573,0.14
335577,0.19
335579,0.05
335585,0.23
335590,0.1
335594,0.05
335598,0.12
335601,0.11
335608,0.17
335616,0.23
335640,0.16
335645,0.13
335653,0.1
335683,0.15
335692,0.13
335713,0.13
335726,0.07
335727,0.27
335728,0.11
335732,0.09
335736,0.13
335747,0.09
335754,0.16
335755,0.1
335761,0.08
335775,0.09
335778,0.21
335779,0.15
335787,0.13
335805,0.07
335807,0.17
335808,0.09
335815,0.14
335818,0.11
335835,0.17
335849,0.21
335850,0.12
335851,0.22
335852,0.07
335856,0.17
335857,0.09
335863,0.28
335871,0.11
335879,0.14
335885,0.1
335887,0.19
335893,0.22
335906,0.12
335912,0.11
335921,0.1
335944,0.17
335952,0.11
335955,0.08
335956,0.07
335957,0.18
335958,0.15
335962,0.07
335963,0.11
335964,0.16
335971,0.17
335973,0.19
335975,0.23
335981,0.15
335983,0.15
336016,0.14
336038,0.08
336039,0.13
336041,0.11
336061,0.11
336063,0.15
336067,0.14
336071,0.14
336089,0.18
336095,0.21
336096,0.18
336101,0.17
336117,0.1
336118,0.13
336120,0.21
336137,0.05
336155,0.08
336156,0.27
336159,0.08
336178,0.2
336183,0.25
336194,0.12
336195,0.2
336199,0.16
336209,0.13
336213,0.09
336214,0.07
336215,0.03
336220,0.1
336253,0.13
336260,0.18
336263,0.07
336265,0.14
336273,0.11
336277,0.12
336280,0.16
336295,0.21
336308,0.06
336309,0.08
336316,0.2
336319,0.1
336321,0.07
336322,0.2
336323,0.13
336340,0.15
336344,0.08
336352,0.09
336361,0.13
336367,0.12
336382,0.11
336383,0.17
336393,0.14
336407,0.09
336413,0.14
336418,0.2
336426,0.09
336427,0.07
336436,0.11
336443,0.09
336445,0.11
336447,0.09
336451,0.13
336464,0.08
336484,0.15
336491,0.13
336492,0.13
336493,0.17
336494,0.12
336499,0.12
336524,0.12
336527,0.2
336534,0.21
336544,0.07
336553,0.13
336558,0.12
336565,0.1
336569,0.19
336580,0.11
336586,0.12
336592,0.1
336604,0.09
336610,0.2
336623,0.14
336634,0.2
336635,0.07
336641,0.08
336660,0.06
336673,0.11
336686,0.08
336693,0.11
336701,0.13
336704,0.08
336711,0.17
336715,0.14
336717,0.09
336722,0.05
336724,0.12
336741,0.17
336745,0.04
336757,0.22
336764,0.2
336767,0.18
336783,0.12
336786,0.12
336791,0.05
336792,0.31
336813,0.17
336822,0.31
336823,0.2
336832,0.09
336843,0.16
336858,0.12
336870,0.12
336876,0.09
336885,0.12
336887,0.16
336891,0.15
336903,0.06
336916,0.22
336917,0.07
336922,0.09
336925,0.09
336931,0.26
336938,0.18
336950,0.28
336955,0.12
336956,0.15
336959,0.11
336966,0.22
336971,0.2
336978,0.08
336983,0.12
336986,0.09
336996,0.19
337003,0.4
337007,0.17
337029,0.21
337034,0.08
337039,0.14
337057,0.17
337058,0.09
337062,0.18
337080,0.15
337087,0.08
337105,0.13
337108,0.13
337120,0.11
337125,0.21
337142,0.15
337159,0.07
337160,0.1
337168,0.13
337170,0.13
337171,0.11
337178,0.12
337188,0.11
337191,0.21
337200,0.14
337207,0.13
337210,0.13
337218,0.11
337221,0.04
337237,0.07
337241,0.24
337244,0.15
337273,0.08
337294,0.09
337295,0.11
337298,0.04
337310,0.08
337326,0.16
337338,0.34
337343,0.22
337360,0.1
337369,0.22
337375,0.3
337386,0.24
337388,0.27
337405,0.08
337408,0.16
337412,0.08
337416,0.06
337418,0.2
337442,0.24
337449,0.14
337457,0.1
337460,0.07
337474,0.08
337499,0.21
337506,0.15
337512,0.17
337527,0.09
337528,0.09
337530,0.07
337539,0.14
337546,0.08
337551,0.18
337569,0.13
337576,0.05
337582,0.14
337590,0.25
337599,0.17
337600,0.24
337601,0.3
337608,0.11
337614,0.25
337619,0.21
337625,0.32
337629,0.29
337635,0.15
337642,0.1
337663,0.27
337665,0.13
337668,0.1
337700,0.09
337746,0.08
337761,0.11
337779,0.2
337788,0.13
337790,0.1
337793,0.15
337802,0.16
337807,0.09
337821,0.33
337840,0.07
337846,0.14
337848,0.27
337864,0.13
337866,0.14
337868,0.09
337878,0.08
337890,0.18
337896,0.13
337901,0.1
337905,0.19
337914,0.1
337953,0.15
337969,0.08
337984,0.1
337995,0.09
338009,0.07
338018,0.14
338022,0.06
338028,0.12
338029,0.15
338044,0.09
338050,0.22
338052,0.07
338073,0.31
338076,0.12
338084,0.07
338086,0.09
338094,0.09
338097,0.15
338099,0.11
338126,0.09
338127,0.27
338137,0.33
338146,0.09
338161,0.12
338164,0.11
338174,0.08
338179,0.39
338181,0.21
338188,0.11
338189,0.18
338193,0.11
338199,0.08
338202,0.16
338204,0.2
338210,0.12
338229,0.06
338240,0.21
338250,0.13
338253,0.26
338254,0.09
338268,0.17
338290,0.08
338293,0.08
338297,0.12
338301,0.09
338306,0.08
338314,0.1
338318,0.16
338325,0.2
338340,0.21
338341,0.22
338351,0.11
338352,0.29
338368,0.15
338381,0.13
338404,0.12
338409,0.22
338417,0.14
338418,0.14
338426,0.11
338431,0.21
338435,0.09
338463,0.13
338465,0.11
338467,0.13
338479,0.26
338495,0.13
338510,0.14
338526,0.09
338528,0.2
338530,0.17
338539,0.11
338543,0.14
338554,0.08
338557,0.17
338581,0.32
338589,0.11
338595,0.08
338597,0.08
338604,0.08
338607,0.08
338613,0.09
338615,0.16
338628,0.24
338636,0.12
338642,0.13
338669,0.18
338671,0.13
338675,0.16
338676,0.14
338690,0.12
338696,0.23
338702,0.33
338703,0.08
338709,0.13
338719,0.16
338725,0.12
338727,0.16
338732,0.12
338749,0.14
338773,0.11
338774,0.08
338784,0.21
338789,0.11
338792,0.18
338804,0.19
338808,0.25
338822,0.09
338824,0.09
338833,0.11
338836,0.19
338840,0.12
338842,0.1
338843,0.1
338847,0.14
338849,0.2
338857,0.13
338860,0.21
338872,0.06
338874,0.08
338878,0.19
338895,0.17
338896,0.15
338904,0.17
338920,0.1
338931,0.14
338938,0.14
338955,0.09
338962,0.16
338969,0.18
338976,0.16
338994,0.11
339011,0.13
339014,0.12
339017,0.1
339018,0.38
339030,0.09
339038,0.13
339060,0.11
339079,0.17
339082,0.07
339099,0.13
339103,0.21
339105,0.13
339107,0.12
339121,0.23
339148,0.12
339152,0.03
339154,0.16
339170,0.25
339186,0.05
339187,0.14
339193,0.13
339196,0.18
339199,0.13
339203,0.21
339216,0.15
339228,0.15
339232,0.16
339237,0.06
339240,0.14
339242,0.14
339245,0.15
339252,0.09
339256,0.12
339258,0.1
339260,0.06
339263,0.14
339268,0.1
339269,0.19
339286,0.22
339304,0.1
339307,0.16
339317,0.25
339330,0.16
339346,0.26
339380,0.17
339381,0.18
339382,0.18
339391,0.07
339396,0.17
339406,0.16
339407,0.19
339409,0.2
339410,0.15
339425,0.19
339427,0.16
339433,0.11
339443,0.13
339449,0.08
339452,0.06
339453,0.1
339455,0.15
339457,0.18
339477,0.09
339483,0.1
339487,0.2
339490,0.1
339518,0.13
339523,0.11
339529,0.06
339541,0.13
339544,0.16
339546,0.25
339559,0.25
339563,0.14
339573,0.12
339591,0.12
339593,0.12
339599,0.14
339604,0.27
339615,0.14
339621,0.05
339625,0.25
339642,0.15
339647,0.25
339650,0.15
339656,0.12
339659,0.1
339681,0.19
339683,0.09
339684,0.21
339689,0.23
339694,0.07
339699,0.16
339718,0.41
339727,0.22
339735,0.15
339736,0.14
339745,0.18
339755,0.16
339758,0.12
339770,0.13
339772,0.11
339778,0.11
339786,0.09
339787,0.21
339788,0.17
339799,0.19
339814,0.07
339837,0.06
339842,0.16
339845,0.09
339852,0.11
339857,0.22
339864,0.13
339872,0.17
339873,0.13
339874,0.28
339875,0.17
339879,0.23
339884,0.2
339888,0.16
339891,0.11
339905,0.07
339920,0.2
339934,0.18
339938,0.13
339948,0.06
339949,0.12
339953,0.16
339954,0.11
339957,0.15
339958,0.15
339971,0.15
339975,0.15
339978,0.11
339984,0.1
339993,0.21
340009,0.08
340012,0.17
340019,0.09
340031,0.11
340041,0.16
340045,0.09
340046,0.15
340067,0.04
340079,0.1
340081,0.16
340082,0.05
340090,0.12
340091,0.13
340099,0.11
340104,0.22
340109,0.1
340123,0.15
340146,0.13
340162,0.09
340167,0.19
340181,0.12
340194,0.16
340195,0.06
340198,0.2
340202,0.22
340203,0.29
340219,0.15
340221,0.15
340224,0.14
340239,0.1
340248,0.2
340262,0.18
340264,0.11
340277,0.43
340285,0.12
340292,0.24
340356,0.19
340365,0.17
340375,0.12
340377,0.1
340378,0.36
340385,0.19
340387,0.04
340388,0.11
340405,0.18
340407,0.15
340408,0.15
340416,0.08
340420,0.14
340421,0.3
340425,0.12
340430,0.15
340448,0.11
340451,0.13
340456,0.15
340457,0.11
340459,0.16
340460,0.2
340463,0.11
340464,0.16
340486,0.06
340503,0.18
340504,0.1
340505,0.12
340507,0.25
340509,0.2
340511,0.18
340513,0.11
340516,0.23
340529,0.09
340535,0.18
340542,0.35
340545,0.1
340546,0.24
340556,0.17
340567,0.14
340576,0.17
340577,0.1
340586,0.07
340587,0.15
340594,0.14
340610,0.41
340611,0.2
340614,0.17
340625,0.07
340630,0.3
340640,0.08
340667,0.11
340674,0.09
340679,0.12
340683,0.19
340686,0.16
340698,0.09
340708,0.1
340717,0.19
340718,0.1
340720,0.12
340726,0.12
340746,0.16
340747,0.07
340768,0.15
340769,0.14
340772,0.2
340774,0.17
340778,0.1
340806,0.26
340816,0.15
340823,0.08
340826,0.14
340838,0.28
340840,0.14
340842,0.08
340844,0.15
340845,0.16
340853,0.21
340855,0.29
340857,0.2
340858,0.21
340864,0.12
340899,0.14
340901,0.05
340909,0.21
340921,0.21
340925,0.19
340953,0.14
340954,0.15
340961,0.12
340963,0.18
340975,0.2
340977,0.09
340996,0.13
341009,0.08
341013,0.13
341020,0.1
341024,0.14
341031,0.15
341038,0.19
341042,0.21
341050,0.11
341063,0.19
341066,0.09
341067,0.07
341070,0.19
341075,0.1
341089,0.06
341091,0.1
341122,0.21
341132,0.08
341135,0.15
341150,0.16
341168,0.2
341172,0.22
341182,0.18
341183,0.04
341187,0.19
341192,0.2
341194,0.15
341201,0.14
341226,0.12
341228,0.14
341231,0.2
341235,0.16
341237,0.1
341251,0.19
341278,0.11
341284,0.17
341285,0.18
341294,0.11
341296,0.11
341297,0.1
341298,0.06
341302,0.17
341304,0.09
341307,0.13
341314,0.16
341324,0.11
341332,0.34
341342,0.14
341347,0.13
341356,0.08
341358,0.09
341365,0.13
341368,0.15
341372,0.16
341374,0.14
341380,0.09
341381,0.17
341390,0.21
341398,0.13
341401,0.15
341406,0.17
341413,0.12
341419,0.13
341421,0.17
341427,0.09
341429,0.1
341434,0.14
341437,0.09
341444,0.31
341447,0.08
341452,0.15
341458,0.22
341475,0.13
341478,0.1
341495,0.15
341503,0.11
341520,0.13
341525,0.19
341544,0.12
341545,0.05
341548,0.08
341551,0.04
341552,0.07
341562,0.15
341574,0.14
341577,0.17
341585,0.18
341616,0.11
341630,0.07
341631,0.17
341640,0.23
341651,0.1
341653,0.11
341655,0.22
341659,0.11
341696,0.16
341705,0.34
341717,0.15
341720,0.14
341728,0.17
341729,0.13
341737,0.06
341758,0.11
341765,0.09
341780,0.17
341785,0.18
341787,0.1
341790,0.1
341796,0.06
341805,0.11
341811,0.06
341823,0.07
341828,0.33
341841,0.08
341865,0.18
341873,0.11
341891,0.16
341899,0.11
341906,0.07
341917,0.1
341926,0.18
341931,0.12
341934,0.13
341939,0.25
341943,0.14
341962,0.08
341967,0.19
341971,0.16
341990,0.06
341997,0.15
342001,0.16
342010,0.13
342042,0.13
342052,0.17
342084,0.29
342089,0.08
342091,0.1
342099,0.14
342109,0.07
342111,0.13
342119,0.11
342120,0.23
342125,0.14
342127,0.21
342128,0.1
342135,0.12
342136,0.15
342138,0.14
342148,0.16
342153,0.12
342154,0.21
342157,0.12
342163,0.17
342168,0.09
342173,0.28
342182,0.13
342185,0.11
342194,0.12
342198,0.17
342210,0.12
342214,0.12
342220,0.16
342222,0.1
342223,0.18
342230,0.13
342239,0.11
342247,0.13
342248,0.22
342252,0.12
342257,0.22
342271,0.29
342272,0.14
342290,0.11
342295,0.18
342297,0.15
342298,0.19
342301,0.17
342305,0.08
342308,0.06
342314,0.1
342322,0.14
342340,0.2
342350,0.02
342353,0.11
342358,0.18
342377,0.18
342378,0.1
342382,0.27
342390,0.12
342396,0.14
342439,0.13
342442,0.13
342447,0.18
342449,0.06
342450,0.14
342451,0.2
342454,0.16
342455,0.3
342467,0.16
342476,0.26
342481,0.19
342498,0.08
342503,0.12
342510,0.15
342513,0.11
342523,0.13
342527,0.19
342555,0.17
342566,0.16
342584,0.08
342593,0.1
342600,0.08
342611,0.15
342614,0.12
342637,0.14
342639,0.12
342656,0.32
342669,0.07
342684,0.21
342686,0.23
342690,0.23
342693,0.11
342701,0.23
342702,0.3
342703,0.13
342706,0.11
342711,0.16
342730,0.1
342744,0.24
342753,0.18
342769,0.12
342779,0.22
342788,0.1
342792,0.13
342794,0.28
342795,0.08
342799,0.07
342802,0.39
342803,0.27
342812,0.16
342820,0.12
342824,0.07
342835,0.16
342836,0.07
342851,0.11
342860,0.21
342862,0.17
342870,0.15
342873,0.14
342894,0.11
342916,0.12
342950,0.17
342970,0.09
342971,0.18
342980,0.08
342981,0.08
343004,0.24
343044,0.05
343045,0.21
343072,0.08
343078,0.11
343080,0.29
343085,0.16
343126,0.19
343137,0.18
343139,0.12
343144,0.12
343155,0.12
343163,0.14
343165,0.08
343190,0.1
343205,0.09
343221,0.18
343226,0.04
343233,0.07
343236,0.13
343241,0.11
343245,0.1
343256,0.14
343260,0.12
343276,0.2
343298,0.14
343299,0.09
343310,0.27
343312,0.09
343317,0.11
343319,0.07
343324,0.09
343345,0.09
343348,0.12
343354,0.17
343363,0.13
343365,0.37
343376,0.12
343380,0.29
343401,0.06
343412,0.13
343414,0.1
343415,0.15
343418,0.1
343419,0.15
343421,0.08
343423,0.15
343432,0.11
343436,0.06
343440,0.22
343458,0.12
343470,0.17
343471,0.08
343480,0.17
343484,0.12
343492,0.19
343500,0.08
343503,0.08
343522,0.2
343525,0.18
343562,0.2
343577,0.21
343580,0.07
343591,0.13
343594,0.1
343602,0.08
343611,0.13
343615,0.2
343639,0.14
343643,0.12
343645,0.13
343647,0.05
343669,0.13
343683,0.17
343702,0.4
343703,0.11
343704,0.17
343710,0.09
343724,0.25
343730,0.12
343742,0.15
343743,0.15
343745,0.18
343775,0.2
343783,0.11
343794,0.19
343795,0.09
343816,0.08
343820,0.03
343823,0.15
343836,0.03
343845,0.04
343888,0.25
343893,0.06
343898,0.19
343914,0.05
343918,0.12
343920,0.11
343928,0.1
343931,0.17
343968,0.08
343990,0.29
343991,0.07
343996,0.1
344002,0.16
344004,0.13
344008,0.16
344011,0.18
344013,0.15
344014,0.11
344015,0.18
344016,0.14
344019,0.08
344026,0.13
344027,0.12
344029,0.12
344039,0.17
344041,0.28
344042,0.12
344047,0.3
344053,0.19
344055,0.08
344060,0.09
344064,0.09
344067,0.14
344080,0.07
344083,0.16
344088,0.1
344090,0.13
344093,0.11
344099,0.1
344113,0.11
344114,0.17
344119,0.17
344121,0.09
344135,0.2
344138,0.16
344159,0.15
344172,0.08
344176,0.06
344192,0.17
344202,0.17
344219,0.14
344225,0.23
344229,0.25
344240,0.16
344241,0.19
344249,0.07
344252,0.26
344256,0.1
344260,0.07
344264,0.16
344267,0.07
344275,0.21
344283,0.05
344292,0.14
344296,0.16
344297,0.11
344299,0.06
344303,0.05
344313,0.13
344315,0.14
344317,0.16
344323,0.21
344328,0.18
344339,0.07
344343,0.12
344345,0.1
344356,0.23
344358,0.12
344359,0.17
344366,0.25
344370,0.14
344382,0.12
344383,0.08
344386,0.25
344388,0.3
344393,0.09
344395,0.12
344401,0.13
344402,0.33
344404,0.13
344422,0.09
344427,0.25
344433,0.09
344444,0.12
344454,0.17
344460,0.1
344480,0.08
344483,0.12
344488,0.18
344496,0.24
344504,0.19
344516,0.08
344524,0.13
344540,0.22
344542,0.14
344550,0.06
344558,0.07
344561,0.11
344568,0.19
344571,0.11
344621,0.13
344633,0.16
344635,0.16
344660,0.23
344662,0.2
344681,0.07
344683,0.33
344685,0.13
344716,0.22
344726,0.11
344749,0.17
344750,0.23
344752,0.19
344760,0.1
344762,0.23
344768,0.12
344770,0.15
344772,0.1
344778,0.22
344783,0.21
344793,0.08
344814,0.11
344815,0.14
344818,0.06
344819,0.1
344826,0.22
344828,0.34
344835,0.09
344864,0.17
344869,0.15
344875,0.24
344883,0.06
344885,0.08
344887,0.13
344889,0.19
344892,0.34
344895,0.27
344913,0.17
344934,0.11
344939,0.2
344947,0.17
344964,0.18
344969,0.15
344973,0.11
344977,0.14
344978,0.17
344991,0.2
345010,0.19
345011,0.13
345012,0.27
345020,0.17
345021,0.09
345042,0.13
345046,0.11
345070,0.24
345078,0.13
345085,0.17
345087,0.14
345093,0.09
345094,0.25
345097,0.18
345107,0.13
345109,0.25
345117,0.05
345118,0.06
345126,0.18
345142,0.08
345143,0.08
345149,0.12
345150,0.13
345154,0.25
345174,0.16
345184,0.1
345193,0.13
345196,0.13
345202,0.14
345207,0.08
345209,0.16
345211,0.2
345212,0.17
345213,0.11
345218,0.18
345228,0.13
345234,0.13
345251,0.07
345252,0.12
345260,0.14
345269,0.03
345275,0.17
345300,0.13
345305,0.12
345306,0.18
345310,0.14
345315,0.33
345324,0.16
345329,0.11
345359,0.23
345360,0.25
345364,0.07
345385,0.22
345387,0.14
345390,0.1
345402,0.21
345404,0.13
345405,0.1
345416,0.18
345425,0.27
345432,0.13
345437,0.39
345442,0.12
345450,0.14
345458,0.17
345467,0.18
345468,0.22
345470,0.18
345478,0.06
345479,0.16
345482,0.08
345489,0.15
345492,0.12
345499,0.16
345502,0.08
345515,0.13
345538,0.08
345542,0.16
345548,0.11
345550,0.1
345552,0.14
345557,0.04
345560,0.11
345563,0.15
345564,0.24
345580,0.11
345582,0.09
345583,0.02
345604,0.17
345622,0.07
345630,0.1
345634,0.14
345643,0.1
345646,0.15
345685,0.17
345687,0.13
345694,0.12
345717,0.14
345718,0.23
345726,0.1
345733,0.12
345738,0.14
345754,0.17
345761,0.13
345771,0.15
345778,0.14
345780,0.29
345788,0.16
345796,0.24
345800,0.32
345808,0.16
345812,0.18
345821,0.17
345822,0.16
345843,0.25
345853,0.22
345854,0.12
345857,0.04
345858,0.19
345867,0.13
345884,0.13
345892,0.18
345893,0.22
345896,0.11
345902,0.11
345906,0.14
345913,0.08
345916,0.13
345922,0.2
345923,0.36
345924,0.06
345935,0.11
345941,0.12
345948,0.24
345953,0.1
345958,0.17
345962,0.1
345966,0.13
345973,0.14
345976,0.19
345989,0.12
345999,0.1
346003,0.09
346014,0.07
346027,0.1
346036,0.22
346048,0.14
346052,0.14
346057,0.14
346058,0.14
346064,0.2
346076,0.26
346079,0.07
346081,0.1
346091,0.12
346099,0.2
346104,0.11
346111,0.05
346117,0.23
346118,0.06
346126,0.13
346135,0.15
346141,0.11
346150,0.22
346153,0.2
346155,0.2
346164,0.15
346166,0.23
346173,0.19
346179,0.07
346184,0.16
346188,0.07
346201,0.15
346207,0.15
346213,0.13
346219,0.04
346245,0.13
346271,0.21
346273,0.16
346290,0.17
346300,0.18
346314,0.09
346328,0.11
346329,0.13
346338,0.1
346340,0.16
346341,0.15
346347,0.13
346358,0.22
346362,0.11
346373,0.25
346377,0.26
346379,0.36
346384,0.09
346387,0.16
346392,0.11
346396,0.08
346402,0.21
346405,0.18
346407,0.14
346409,0.1
346414,0.08
346423,0.19
346424,0.08
346428,0.07
346443,0.09
346444,0.09
346446,0.1
346449,0.11
346456,0.06
346476,0.11
346477,0.13
346480,0.1
346492,0.17
346526,0.09
346536,0.17
346539,0.14
346543,0.14
346544,0.16
346546,0.09
346591,0.25
346598,0.16
346599,0.11
346618,0.13
346620,0.07
346623,0.09
346631,0.15
346639,0.12
346657,0.14
346661,0.29
346671,0.19
346672,0.13
346694,0.09
346712,0.17
346714,0.12
346723,0.13
346727,0.21
346729,0.11
346747,0.11
346765,0.21
346775,0.11
346784,0.21
346797,0.07
346799,0.18
346802,0.13
346807,0.21
346822,0.12
346828,0.22
346836,0.14
346838,0.08
346841,0.15
346843,0.2
346848,0.16
346850,0.1
346851,0.14
346855,0.19
346856,0.12
346860,0.22
346870,0.13
346881,0.29
346884,0.17
346887,0.06
346890,0.1
346904,0.2
346912,0.2
346914,0.25
346923,0.09
346924,0.14
346926,0.15
346934,0.12
346936,0.06
346951,0.14
346952,0.15
346970,0.08
346982,0.21
346993,0.07
347013,0.08
347018,0.18
347021,0.14
347031,0.1
347033,0.35
347039,0.09
347045,0.08
347046,0.16
347058,0.11
347071,0.23
347078,0.15
347079,0.08
347097,0.13
347101,0.11
347120,0.17
347121,0.1
347133,0.09
347161,0.11
347163,0.07
347173,0.14
347175,0.14
347181,0.07
347193,0.35
347196,0.34
347204,0.13
347205,0.13
347217,0.14
347229,0.09
347255,0.06
347261,0.15
347266,0.16
347283,0.15
347286,0.14
347302,0.13
347304,0.11
347321,0.12
347323,0.09
347331,0.09
347340,0.09
347350,0.15
347374,0.17
347379,0.19
347404,0.17
347415,0.17
347438,0.28
347439,0.18
347443,0.19
347450,0.17
347456,0.12
347458,0.18
347463,0.08
347471,0.14
347476,0.15
347482,0.08
347483,0.08
347492,0.12
347498,0.1
347499,0.08
347501,0.14
347521,0.13
347527,0.12
347531,0.02
347540,0.15
347556,0.16
347575,0.15
347579,0.08
347581,0.15
347583,0.23
347611,0.1
347614,0.18
347621,0.14
347629,0.25
347639,0.16
347642,0.1
347650,0.11
347665,0.13
347674,0.07
347678,0.17
347689,0.19
347690,0.11
347708,0.16
347712,0.3
347722,0.25
347728,0.09
347734,0.23
347736,0.25
347747,0.16
347748,0.08
347753,0.31
347755,0.24
347756,0.09
347757,0.13
347763,0.12
347770,0.25
347771,0.19
347784,0.1
347792,0.1
347793,0.15
347801,0.17
347808,0.11
347821,0.13
347824,0.06
347829,0.18
347841,0.32
347845,0.11
347846,0.2
347853,0.25
347854,0.13
347858,0.09
347859,0.04
347864,0.12
347869,0.1
347876,0.18
347880,0.17
347884,0.08
347888,0.13
347893,0.14
347900,0.09
347902,0.17
347910,0.11
347912,0.07
347915,0.1
347916,0.1
347919,0.13
347923,0.13
347952,0.39
348002,0.28
348003,0.05
348008,0.17
348014,0.08
348027,0.18
348031,0.13
348051,0.2
348060,0.12
348064,0.08
348066,0.1
348069,0.21
348077,0.16
348081,0.08
348087,0.2
348088,0.06
348094,0.21
348100,0.13
348119,0.11
348122,0.17
348141,0.34
348145,0.16
348154,0.09
348158,0.14
348163,0.23
348176,0.33
348177,0.12
348181,0.2
348190,0.19
348195,0.19
348197,0.19
348200,0.12
348209,0.14
348216,0.03
348217,0.12
348223,0.26
348228,0.17
348230,0.13
348249,0.1
348251,0.21
348261,0.21
348264,0.08
348271,0.06
348273,0.15
348280,0.14
348283,0.23
348285,0.1
348306,0.15
348312,0.26
348327,0.1
348328,0.14
348344,0.1
348358,0.26
348361,0.14
348362,0.25
348364,0.13
348370,0.07
348380,0.09
348400,0.12
348420,0.21
348428,0.11
348430,0.06
348445,0.11
348460,0.22
348462,0.1
348465,0.17
348481,0.15
348482,0.08
348485,0.1
348491,0.18
348492,0.25
348522,0.19
348531,0.16
348536,0.13
348546,0.17
348547,0.1
348548,0.16
348551,0.14
348554,0.26
348564,0.12
348571,0.21
348577,0.19
348593,0.18
348595,0.17
348606,0.08
348621,0.11
348630,0.11
348633,0.23
348644,0.17
348646,0.07
348680,0.11
348692,0.11
348698,0.18
348703,0.17
348712,0.12
348726,0.23
348727,0.15
348731,0.07
348733,0.16
348747,0.03
348753,0.08
348756,0.12
348760,0.19
348771,0.11
348785,0.13
348789,0.2
348793,0.09
348797,0.08
348799,0.09
348811,0.1
348812,0.1
348818,0.17
348822,0.1
348833,0.08
348849,0.15
348875,0.2
348878,0.06
348879,0.06
348884,0.27
348887,0.16
348890,0.18
348901,0.09
348911,0.15
348936,0.04
348941,0.11
348949,0.09
348950,0.13
348952,0.11
348954,0.15
348971,0.17
348979,0.22
348985,0.2
348989,0.12
348999,0.12
349006,0.18
349013,0.12
349015,0.08
349024,0.1
349033,0.17
349047,0.2
349060,0.07
349065,0.21
349071,0.35
349081,0.19
349088,0.21
349093,0.1
349101,0.07
349107,0.17
349113,0.16
349123,0.14
349125,0.08
349129,0.23
349131,0.14
349132,0.13
349163,0.06
349168,0.14
349172,0.13
349187,0.06
349192,0.25
349193,0.2
349203,0.11
349227,0.14
349234,0.25
349248,0.1
349249,0.11
349254,0.12
349259,0.21
349265,0.17
349276,0.14
349281,0.18
349283,0.19
349288,0.11
349297,0.1
349299,0.2
349304,0.14
349306,0.13
349310,0.15
349314,0.17
349320,0.13
349326,0.13
349329,0.13
349337,0.19
349357,0.1
349363,0.13
349374,0.06
349375,0.18
349394,0.14
349399,0.09
349404,0.05
349419,0.1
349422,0.17
349425,0.2
349432,0.09
349433,0.28
349436,0.07
349437,0.12
349439,0.16
349484,0.16
349488,0.18
349490,0.13
349538,0.22
349541,0.09
349543,0.15
349552,0.13
349560,0.06
349565,0.18
349570,0.11
349586,0.1
349589,0.17
349592,0.08
349596,0.24
349598,0.06
349601,0.21
349608,0.25
349615,0.22
349645,0.13
349654,0.18
349671,0.14
349679,0.09
349693,0.2
349706,0.19
349707,0.14
349708,0.12
349719,0.12
349727,0.21
349730,0.1
349735,0.17
349744,0.2
349745,0.1
349760,0.13
349765,0.1
349778,0.12
349787,0.17
349802,0.18
349812,0.23
349815,0.18
349847,0.22
349854,0.13
349855,0.14
349872,0.08
349873,0.16
349874,0.13
349886,0.16
349887,0.21
349911,0.06
349916,0.11
349920,0.3
349921,0.01
349929,0.11
349931,0.08
349935,0.18
349939,0.17
349960,0.1
349967,0.17
349969,0.27
349971,0.13
349977,0.09
349979,0.13
349981,0.13
349982,0.22
349992,0.11
349994,0.16
350005,0.09
350006,0.08
350009,0.18
350017,0.12
350021,0.1
350023,0.12
350032,0.21
350033,0.23
350036,0.15
350037,0.06
350048,0.28
350052,0.14
350063,0.14
350077,0.18
350078,0.17
350086,0.13
350087,0.15
350107,0.08
350110,0.12
350114,0.1
350119,0.16
350139,0.09
350154,0.17
350174,0.23
350177,0.13
350190,0.24
350193,0.14
350203,0.06
350206,0.21
350210,0.16
350225,0.1
350242,0.07
350264,0.11
350273,0.13
350277,0.07
350283,0.07
350286,0.17
350288,0.15
350290,0.12
350293,0.15
350310,0.27
350327,0.25
350330,0.17
350334,0.24
350340,0.13
350342,0.19
350344,0.26
350370,0.12
350372,0.24
350376,0.16
350387,0.07
350389,0.16
350395,0.24
350397,0.18
350433,0.06
350436,0.25
350442,0.07
350445,0.15
350446,0.21
350457,0.21
350480,0.17
350481,0.14
350484,0.13
350494,0.24
350511,0.13
350529,0.1
350531,0.18
350535,0.13
350539,0.1
350543,0.2
350544,0.12
350550,0.12
350558,0.22
350569,0.19
350571,0.18
350577,0.23
350582,0.16
350585,0.15
350596,0.1
350598,0.15
350599,0.2
350602,0.11
350612,0.13
350621,0.26
350626,0.21
350628,0.07
350638,0.15
350646,0.21
350652,0.15
350665,0.15
350671,0.14
350677,0.12
350694,0.13
350697,0.14
350699,0.17
350703,0.1
350705,0.28
350708,0.06
350724,0.22
350731,0.14
350740,0.1
350745,0.16
350749,0.15
350754,0.21
350757,0.09
350764,0.06
350766,0.24
350779,0.14
350794,0.29
350805,0.17
350810,0.11
350817,0.1
350825,0.1
350829,0.05
350832,0.14
350841,0.07
350855,0.15
350862,0.12
350867,0.15
350871,0.11
350874,0.14
350891,0.15
350895,0.1
350898,0.17
350899,0.08
350902,0.06
350913,0.15
350916,0.07
350933,0.12
350944,0.1
350954,0.15
350959,0.19
350965,0.03
350969,0.13
350984,0.09
350997,0.13
350999,0.15
351002,0.16
351008,0.11
351014,0.08
351025,0.16
351026,0.14
351046,0.24
351048,0.09
351070,0.14
351073,0.14
351079,0.14
351085,0.14
351091,0.07
351094,0.12
351115,0.12
351117,0.11
351126,0.12
351142,0.12
351151,0.1
351171,0.15
351178,0.21
351186,0.09
351194,0.24
351201,0.15
351223,0.12
351225,0.21
351226,0.13
351227,0.1
351240,0.21
351243,0.04
351244,0.18
351245,0.17
351248,0.12
351252,0.16
351259,0.21
351265,0.08
351291,0.23
351292,0.16
351294,0.1
351298,0.05
351303,0.24
351311,0.09
351326,0.1
351331,0.18
351338,0.17
351339,0.16
351364,0.11
351380,0.09
351383,0.12
351385,0.15
351386,0.18
351389,0.24
351392,0.15
351393,0.15
351407,0.14
351419,0.11
351422,0.1
351423,0.15
351430,0.23
351446,0.09
351454,0.12
351458,0.1
351461,0.11
351489,0.13
351495,0.13
351520,0.17
351526,0.28
351535,0.07
351541,0.06
351567,0.11
351580,0.13
351581,0.27
351584,0.15
351587,0.12
351589,0.13
351593,0.15
351616,0.21
351619,0.06
351625,0.16
351626,0.13
351635,0.08
351641,0.12
351655,0.15
351658,0.23
351669,0.21
351670,0.11
351671,0.12
351680,0.1
351687,0.09
351699,0.11
351722,0.17
351725,0.23
351740,0.22
351747,0.21
351758,0.14
351771,0.1
351780,0.11
351786,0.07
351789,0.16
351796,0.22
351801,0.13
351814,0.14
351817,0.17
351819,0.21
351825,0.17
351830,0.32
351831,0.21
351834,0.14
351836,0.14
351837,0.12
351838,0.16
351839,0.14
351846,0.42
351863,0.11
351864,0.14
351880,0.08
351887,0.16
351891,0.14
351892,0.2
351898,0.18
351907,0.13
351916,0.09
351936,0.18
351937,0.1
351945,0.13
351957,0.13
351958,0.14
351962,0.16
351967,0.21
351970,0.12
351973,0.1
351978,0.15
351984,0.08
351989,0.15
351992,0.07
352015,0.16
352036,0.1
352043,0.14
352049,0.08
352053,0.14
352056,0.12
352058,0.15
352064,0.11
352065,0.06
352075,0.13
352092,0.05
352096,0.14
352097,0.13
352102,0.07
352103,0.12
352117,0.12
352119,0.16
352139,0.14
352145,0.13
352158,0.13
352198,0.19
352199,0.2
352200,0.14
352205,0.2
352241,0.06
352244,0.22
352258,0.17
352260,0.11
352266,0.1
352273,0.12
352283,0.13
352303,0.17
352304,0.13
352351,0.16
352353,0.08
352379,0.1
352389,0.22
352390,0.12
352391,0.18
352403,0.13
352407,0.06
352409,0.31
352421,0.11
352425,0.13
352447,0.15
352450,0.17
352451,0.15
352457,0.08
352468,0.22
352482,0.16
352495,0.09
352501,0.12
352506,0.34
352508,0.07
352522,0.1
352528,0.2
352539,0.11
352540,0.12
352551,0.11
352560,0.15
352561,0.18
352565,0.13
352566,0.1
352584,0.26
352592,0.1
352626,0.15
352650,0.08
352655,0.16
352668,0.28
352670,0.1
352685,0.17
352690,0.03
352692,0.07
352694,0.13
352700,0.11
352701,0.11
352708,0.23
352711,0.22
352734,0.11
352738,0.14
352742,0.13
352745,0.15
352746,0.11
352751,0.21
352762,0.23
352767,0.05
352768,0.12
352785,0.19
352788,0.12
352795,0.11
352814,0.17
352825,0.08
352827,0.16
352828,0.06
352830,0.15
352850,0.21
352890,0.08
352901,0.09
352907,0.15
352909,0.14
352913,0.06
352925,0.21
352927,0.14
352928,0.11
352938,0.13
352942,0.12
352943,0.44
352952,0.09
352958,0.15
352962,0.1
352967,0.16
352972,0.21
352988,0.04
352991,0.12
353002,0.13
353008,0.13
353011,0.09
353014,0.14
353018,0.11
353023,0.15
353029,0.12
353031,0.19
353035,0.29
353037,0.17
353042,0.12
353054,0.14
353078,0.08
353122,0.14
353123,0.06
353140,0.08
353145,0.11
353167,0.24
353177,0.17
353179,0.24
353185,0.15
353194,0.2
353195,0.13
353208,0.14
353210,0.14
353214,0.12
353215,0.25
353240,0.16
353241,0.13
353247,0.1
353259,0.1
353262,0.31
353264,0.19
353278,0.12
353279,0.13
353280,0.18
353287,0.29
353288,0.12
353290,0.15
353299,0.1
353314,0.12
353328,0.22
353340,0.13
353350,0.11
353352,0.09
353364,0.12
353371,0.16
353373,0.18
353374,0.15
353389,0.15
353395,0.14
353419,0.4
353427,0.15
353441,0.07
353454,0.15
353469,0.27
353475,0.2
353481,0.08
353483,0.14
353484,0.11
353488,0.2
353496,0.13
353504,0.15
353505,0.13
353509,0.1
353527,0.17
353574,0.15
353585,0.16
353595,0.13
353598,0.13
353602,0.14
353610,0.17
353618,0.17
353625,0.11
353626,0.3
353631,0.07
353635,0.09
353654,0.12
353682,0.18
353688,0.17
353695,0.11
353711,0.13
353724,0.16
353729,0.09
353732,0.11
353749,0.19
353750,0.08
353752,0.16
353761,0.05
353782,0.05
353784,0.1
353801,0.1
353809,0.18
353812,0.14
353814,0.12
353821,0.12
353832,0.14
353845,0.1
353860,0.18
353863,0.07
353867,0.15
353876,0.17
353905,0.1
353923,0.14
353934,0.04
353943,0.18
353945,0.17
353973,0.07
353995,0.1
354001,0.13
354003,0.15
354011,0.09
354020,0.16
354024,0.18
354027,0.16
354031,0.07
354036,0.14
354037,0.1
354039,0.12
354044,0.11
354058,0.07
354071,0.13
354080,0.14
354084,0.04
354085,0.09
354089,0.04
354099,0.07
354100,0.12
354104,0.11
354106,0.21
354107,0.17
354111,0.14
354114,0.15
354115,0.19
354122,0.07
354130,0.15
354139,0.22
354140,0.13
354145,0.14
354149,0.16
354167,0.12
354173,0.33
354176,0.12
354178,0.09
354182,0.14
354184,0.04
354186,0.23
354192,0.06
354209,0.17
354214,0.12
354218,0.13
354230,0.33
354251,0.1
354257,0.12
354264,0.3
354265,0.13
354267,0.1
354272,0.13
354273,0.17
354285,0.16
354298,0.16
354309,0.11
354312,0.2
354320,0.06
354322,0.11
354327,0.12
354333,0.2
354335,0.17
354344,0.16
354355,0.1
354358,0.09
354365,0.14
354368,0.16
354377,0.14
354386,0.06
354390,0.04
354394,0.1
354398,0.09
354402,0.17
354403,0.09
354406,0.32
354414,0.22
354421,0.04
354430,0.21
354445,0.12
354470,0.05
354479,0.08
354481,0.08
354483,0.18
354497,0.12
354511,0.12
354533,0.06
354549,0.25
354561,0.21
354570,0.11
354571,0.17
354577,0.16
354586,0.2
354598,0.2
354601,0.12
354602,0.09
354603,0.17
354606,0.15
354612,0.13
354613,0.07
354616,0.15
354624,0.13
354625,0.37
354636,0.11
354639,0.1
354640,0.09
354644,0.21
354650,0.09
354666,0.16
354673,0.14
354674,0.13
354677,0.11
354684,0.17
354694,0.21
354698,0.1
354708,0.09
354709,0.08
354720,0.14
354738,0.22
354740,0.13
354757,0.08
354768,0.13
354775,0.17
354776,0.2
354792,0.1
354803,0.12
354809,0.17
354817,0.2
354818,0.09
354830,0.09
354832,0.14
354838,0.19
354839,0.14
354851,0.1
354861,0.15
354865,0.14
354890,0.13
354893,0.18
354898,0.15
354900,0.12
354910,0.24
354913,0.14
354937,0.16
354942,0.1
354953,0.03
354956,0.21
354958,0.09
354960,0.26
354984,0.21
354993,0.15
355017,0.2
355025,0.17
355026,0.04
355041,0.14
355043,0.06
355048,0.11
355057,0.09
355071,0.21
355075,0.19
355081,0.16
355083,0.18
355090,0.09
355105,0.17
355107,0.05
355108,0.09
355109,0.14
355114,0.15
355117,0.13
355127,0.07
355148,0.06
355174,0.14
355180,0.17
355181,0.2
355184,0.15
355201,0.14
355207,0.09
355209,0.11
355217,0.2
355218,0.16
355237,0.1
355239,0.09
355241,0.1
355243,0.29
355250,0.18
355275,0.08
355282,0.1
355284,0.08
355287,0.09
355293,0.16
355296,0.15
355305,0.12
355312,0.17
355320,0.2
355327,0.11
355328,0.13
355333,0.09
355335,0.05
355336,0.15
355337,0.22
355338,0.29
355341,0.09
355355,0.14
355358,0.14
355360,0.19
355372,0.1
355382,0.14
355385,0.13
355393,0.3
355404,0.12
355408,0.21
355417,0.1
355418,0.1
355431,0.1
355434,0.07
355445,0.12
355502,0.13
355503,0.22
355511,0.1
355517,0.22
355519,0.1
355524,0.19
355536,0.14
355549,0.14
355550,0.15
355560,0.08
355569,0.12
355571,0.14
355572,0.13
355575,0.16
355578,0.28
355584,0.18
355588,0.23
355592,0.28
355604,0.05
355638,0.13
355646,0.17
355649,0.08
355656,0.13
355657,0.06
355666,0.2
355681,0.21
355697,0.13
355700,0.16
355701,0.06
355703,0.18
355704,0.13
355708,0.12
355736,0.2
355743,0.1
355769,0.11
355773,0.15
355781,0.15
355785,0.19
355786,0.23
355798,0.12
355817,0.17
355819,0.07
355826,0.15
355842,0.19
355846,0.12
355855,0.13
355870,0.1
355873,0.09
355874,0.22
355876,0.19
355877,0.05
355880,0.12
355920,0.15
355922,0.19
355930,0.05
355935,0.11
355942,0.17
355963,0.09
355971,0.13
355973,0.11
355980,0.16
355981,0.13
355984,0.1
355987,0.21
355996,0.25
355997,0.08
356013,0.21
356016,0.04
356025,0.13
356027,0.13
356035,0.07
356036,0.21
356038,0.06
356041,0.11
356057,0.14
356063,0.12
356077,0.08
356080,0.19
356086,0.08
356102,0.11
356106,0.15
356118,0.13
356140,0.12
356150,0.34
356153,0.14
356159,0.16
356163,0.29
356164,0.12
356168,0.2
356169,0.22
356170,0.1
356199,0.09
356211,0.12
356220,0.09
356246,0.06
356249,0.11
356255,0.19
356258,0.19
356262,0.1
356273,0.06
356279,0.22
356281,0.2
356308,0.27
356324,0.25
356327,0.18
356328,0.09
356331,0.18
356336,0.12
356345,0.14
356382,0.11
356395,0.08
356399,0.16
356400,0.27
356413,0.12
356414,0.28
356418,0.15
356427,0.15
356433,0.12
356439,0.1
356444,0.11
356475,0.1
356480,0.24
356482,0.24
356497,0.06
356512,0.14
356517,0.19
356536,0.1
356539,0.12
356551,0.13
356556,0.15
356558,0.21
356559,0.11
356563,0.13
356578,0.11
356583,0.21
356584,0.14
356592,0.12
356594,0.1
356596,0.08
356597,0.08
356598,0.19
356602,0.13
356609,0.11
356624,0.25
356626,0.11
356627,0.11
356641,0.15
356648,0.2
356649,0.12
356650,0.09
356651,0.12
356659,0.17
356676,0.17
356687,0.24
356689,0.13
356698,0.14
356726,0.24
356732,0.18
356741,0.41
356742,0.13
356746,0.08
356750,0.14
356754,0.26
356760,0.15
356762,0.12
356763,0.1
356777,0.13
356784,0.14
356795,0.2
356801,0.14
356802,0.06
356808,0.06
356813,0.14
356816,0.14
356818,0.18
356825,0.17
356828,0.05
356836,0.09
356854,0.13
356857,0.11
356865,0.11
356873,0.13
356879,0.11
356880,0.03
356885,0.19
356889,0.11
356903,0.11
356905,0.09
356913,0.13
356916,0.08
356939,0.18
356944,0.15
356952,0.1
356958,0.11
356963,0.14
356967,0.09
356970,0.14
356977,0.06
356980,0.13
356981,0.09
356983,0.16
356998,0.25
357005,0.09
357022,0.09
357032,0.1
357033,0.12
357035,0.17
357047,0.11
357054,0.16
357057,0.18
357069,0.16
357096,0.15
357102,0.23
357118,0.12
357124,0.06
357137,0.13
357138,0.22
357149,0.07
357151,0.1
357157,0.07
357158,0.15
357162,0.17
357163,0.14
357171,0.1
357175,0.12
357192,0.12
357200,0.15
357204,0.07
357206,0.08
357215,0.18
357221,0.13
357228,0.14
357247,0.1
357249,0.18
357268,0.16
357270,0.1
357279,0.12
357287,0.13
357293,0.13
357306,0.15
357308,0.24
357321,0.07
357326,0.24
357340,0.1
357342,0.16
357352,0.13
357361,0.14
357368,0.12
357370,0.06
357377,0.14
357382,0.12
357383,0.12
357384,0.11
357398,0.11
357415,0.09
357420,0.14
357439,0.09
357440,0.16
357458,0.12
357464,0.19
357467,0.14
357469,0.25
357472,0.18
357489,0.16
357504,0.24
357522,0.08
357527,0.09
357547,0.18
357550,0.05
357558,0.13
357559,0.11
357562,0.21
357572,0.14
357583,0.19
357585,0.16
357598,0.07
357607,0.08
357613,0.12
357627,0.07
357630,0.04
357631,0.23
357680,0.05
357694,0.1
357698,0.22
357699,0.12
357707,0.12
357732,0.11
357748,0.21
357755,0.21
357767,0.25
357786,0.18
357791,0.12
357799,0.13
357824,0.1
357830,0.11
357832,0.29
357840,0.17
357863,0.16
357865,0.14
357868,0.27
357869,0.05
357878,0.09
357886,0.09
357891,0.08
357897,0.15
357915,0.2
357927,0.1
357947,0.1
357958,0.09
357959,0.07
357976,0.12
357992,0.13
357995,0.11
357996,0.14
358020,0.17
358022,0.24
358023,0.18
358029,0.07
358040,0.16
358059,0.12
358071,0.1
358076,0.12
358095,0.15
358096,0.09
358104,0.1
358110,0.09
358122,0.09
358137,0.16
358147,0.21
358149,0.14
358155,0.21
358161,0.11
358163,0.26
358172,0.19
358178,0.15
358183,0.24
358186,0.18
358189,0.15
358198,0.08
358211,0.15
358219,0.08
358220,0.16
358225,0.23
358231,0.16
358233,0.12
358247,0.22
358258,0.18
358264,0.21
358271,0.31
358273,0.2
358275,0.1
358278,0.2
358287,0.14
358309,0.17
358327,0.15
358342,0.14
358348,0.16
358352,0.08
358373,0.11
358384,0.08
358394,0.05
358405,0.29
358409,0.04
358412,0.26
358424,0.2
358427,0.13
358434,0.21
358444,0.16
358448,0.16
358449,0.11
358458,0.09
358472,0.25
358483,0.15
358490,0.09
358503,0.09
358504,0.13
358505,0.09
358512,0.25
358513,0.15
358528,0.15
358532,0.12
358536,0.12
358538,0.09
358559,0.07
358590,0.22
358601,0.17
358627,0.24
358631,0.18
358632,0.24
358640,0.22
358649,0.25
358650,0.14
358653,0.1
358676,0.14
358679,0.15
358695,0.18
358703,0.12
358705,0.12
358710,0.1
358730,0.08
358731,0.16
358735,0.08
358744,0.33
358748,0.15
358750,0.14
358752,0.16
358764,0.14
358777,0.15
358786,0.22
358789,0.12
358805,0.2
358809,0.1
358810,0.06
358824,0.03
358829,0.17
358838,0.13
358840,0.17
358841,0.15
358854,0.14
358873,0.4
358879,0.12
358884,0.14
358885,0.19
358886,0.11
358892,0.11
358895,0.14
358906,0.08
358910,0.13
358911,0.07
358924,0.25
358929,0.13
358937,0.27
358949,0.2
358955,0.09
358956,0.26
358959,0.11
358960,0.11
358969,0.03
358983,0.1
358990,0.1
358992,0.09
358994,0.11
359004,0.03
359015,0.17
359023,0.13
359030,0.12
359032,0.11
359038,0.1
359044,0.13
359049,0.23
359050,0.09
359064,0.08
359095,0.11
359100,0.36
359105,0.07
359116,0.18
359134,0.21
359136,0.15
359143,0.09
359147,0.13
359175,0.17
359182,0.09
359188,0.14
359196,0.1
359198,0.13
359202,0.18
359212,0.18
359229,0.11
359232,0.15
359247,0.13
359258,0.22
359260,0.15
359261,0.26
359262,0.23
359268,0.14
359285,0.1
359293,0.09
359294,0.06
359297,0.05
359299,0.17
359311,0.04
359319,0.16
359320,0.11
359322,0.12
359353,0.19
359355,0.18
359360,0.18
359367,0.12
359369,0.1
359372,0.08
359377,0.15
359381,0.08
359382,0.22
359387,0.17
359389,0.13
359392,0.18
359437,0.24
359438,0.13
359440,0.13
359442,0.16
359455,0.1
359474,0.2
359475,0.09
359480,0.3
359485,0.21
359493,0.05
359497,0.12
359505,0.09
359506,0.07
359516,0.14
359518,0.14
359523,0.13
359547,0.24
359548,0.09
359556,0.13
359577,0.11
359580,0.23
359588,0.16
359590,0.06
359592,0.11
359599,0.15
359609,0.31
359611,0.18
359619,0.16
359623,0.18
359654,0.1
359666,0.13
359669,0.11
359672,0.09
359673,0.38
359677,0.12
359685,0.07
359690,0.2
359697,0.18
359702,0.07
359707,0.14
359711,0.15
359719,0.19
359722,0.19
359726,0.25
359730,0.12
359731,0.15
359741,0.32
359743,0.2
359748,0.09
359753,0.09
359758,0.35
359773,0.12
359780,0.09
359785,0.09
359800,0.15
359806,0.23
359809,0.16
359822,0.17
359828,0.15
359847,0.12
359855,0.1
359858,0.18
359864,0.12
359884,0.09
359886,0.18
359898,0.18
359908,0.21
359921,0.17
359945,0.11
359958,0.07
359964,0.18
359980,0.12
359992,0.15
359994,0.17
360001,0.09
360004,0.09
360009,0.19
360020,0.08
360049,0.32
360058,0.02
360063,0.13
360064,0.15
360074,0.1
360095,0.2
360098,0.05
360099,0.1
360100,0.15
360103,0.15
360106,0.05
360107,0.17
360124,0.13
360126,0.08
360138,0.14
360140,0.2
360141,0.13
360149,0.15
360152,0.25
360165,0.14
360171,0.09
360176,0.16
360183,0.09
360186,0.02
360189,0.13
360191,0.21
360199,0.34
360204,0.09
360205,0.17
360217,0.22
360225,0.22
360231,0.12
360238,0.13
360248,0.34
360249,0.09
360254,0.14
360256,0.15
360257,0.1
360258,0.15
360277,0.15
360279,0.12
360280,0.24
360281,0.19
360283,0.12
360290,0.18
360312,0.13
360316,0.12
360320,0.07
360324,0.15
360333,0.23
360339,0.12
360347,0.18
360359,0.21
360360,0.21
360367,0.23
360372,0.11
360382,0.15
360386,0.16
360400,0.09
360411,0.09
360412,0.2
360415,0.15
360419,0.12
360421,0.11
360427,0.1
360429,0.22
360438,0.12
360439,0.07
360445,0.21
360454,0.19
360458,0.11
360467,0.08
360469,0.16
360471,0.12
360472,0.06
360475,0.11
360478,0.16
360479,0.11
360480,0.07
360484,0.12
360496,0.06
360504,0.1
360517,0.1
360518,0.12
360526,0.1
360530,0.14
360535,0.12
360538,0.1
360539,0.12
360545,0.12
360569,0.17
360579,0.16
360580,0.09
360611,0.14
360612,0.15
360626,0.08
360628,0.09
360631,0.14
360633,0.11
360640,0.1
360643,0.22
360645,0.13
360663,0.13
360666,0.17
360678,0.08
360683,0.08
360707,0.17
360715,0.12
360723,0.31
360727,0.12
360733,0.17
360746,0.1
360759,0.07
360767,0.11
360769,0.07
360770,0.1
360779,0.08
360791,0.1
360792,0.04
360801,0.17
360812,0.14
360814,0.13
360828,0.19
360830,0.31
360837,0.13
360838,0.14
360844,0.15
360860,0.05
360864,0.05
360871,0.13
360872,0.12
360877,0.28
360880,0.14
360881,0.09
360882,0.12
360884,0.12
360885,0.21
360889,0.2
360893,0.19
360898,0.08
360933,0.24
360941,0.12
360942,0.13
360943,0.06
360960,0.18
360973,0.19
360979,0.11
360987,0.2
360988,0.22
360999,0.12
361001,0.1
361005,0.28
361007,0.11
361024,0.13
361028,0.17
361051,0.14
361072,0.11
361086,0.13
361093,0.32
361098,0.1
361124,0.09
361130,0.18
361132,0.14
361133,0.15
361135,0.16
361148,0.26
361150,0.1
361152,0.13
361154,0.15
361158,0.1
361171,0.18
361175,0.08
361177,0.06
361195,0.21
361200,0.07
361203,0.33
361205,0.17
361214,0.13
361217,0.14
361226,0.1
361232,0.17
361236,0.21
361249,0.11
361251,0.13
361252,0.11
361284,0.15
361289,0.14
361297,0.08
361304,0.19
361311,0.21
361334,0.13
361339,0.14
361340,0.1
361348,0.11
361352,0.13
361354,0.17
361355,0.1
361370,0.19
361390,0.13
361392,0.09
361397,0.22
361402,0.18
361405,0.17
361406,0.15
361426,0.15
361431,0.14
361440,0.07
361451,0.14
361469,0.31
361473,0.16
361497,0.18
361511,0.09
361515,0.06
361525,0.11
361540,0.24
361557,0.11
361560,0.14
361565,0.12
361569,0.11
361570,0.07
361578,0.04
361580,0.17
361585,0.1
361589,0.14
361591,0.07
361599,0.06
361603,0.14
361605,0.08
361606,0.29
361615,0.19
361622,0.08
361627,0.1
361632,0.1
361636,0.09
361637,0.13
361638,0.15
361639,0.05
361651,0.07
361662,0.17
361684,0.14
361693,0.19
361697,0.21
361710,0.12
361713,0.26
361729,0.13
361785,0.13
361796,0.17
361805,0.2
361811,0.16
361812,0.21
361819,0.25
361828,0.06
361833,0.1
361836,0.14
361839,0.11
361855,0.09
361866,0.16
361870,0.17
361873,0.09
361885,0.16
361896,0.11
361913,0.12
361919,0.1
361932,0.22
361933,0.13
361935,0.26
361939,0.13
361946,0.08
361947,0.16
361949,0.19
361951,0.13
361962,0.13
361972,0.07
361975,0.16
361989,0.08
362004,0.1
362012,0.12
362014,0.12
362016,0.17
362028,0.11
362033,0.12
362034,0.13
362038,0.1
362052,0.09
362061,0.05
362063,0.13
362070,0.1
362072,0.16
362075,0.24
362079,0.2
362086,0.09
362091,0.17
362094,0.12
362101,0.15
362112,0.07
362115,0.18
362117,0.16
362121,0.29
362128,0.15
362130,0.07
362135,0.16
362142,0.14
362146,0.14
362149,0.15
362157,0.14
362165,0.06
362166,0.17
362167,0.11
362173,0.21
362187,0.11
362197,0.06
362206,0.15
362207,0.1
362210,0.11
362216,0.1
362219,0.25
362221,0.2
362224,0.15
362228,0.12
362236,0.15
362242,0.12
362251,0.13
362252,0.17
362257,0.08
362284,0.12
362286,0.08
362298,0.11
362300,0.14
362306,0.13
362308,0.28
362315,0.11
362318,0.12
362322,0.16
362332,0.19
362338,0.09
362341,0.24
362347,0.15
362348,0.17
362361,0.34
362365,0.1
362369,0.27
362373,0.06
362376,0.22
362384,0.1
362386,0.09
362387,0.08
362389,0.21
362393,0.12
362412,0.11
362420,0.14
362426,0.1
362432,0.08
362445,0.31
362450,0.14
362452,0.21
362465,0.2
362468,0.15
362474,0.13
362484,0.09
362487,0.14
362512,0.29
362530,0.07
362531,0.06
362552,0.08
362555,0.12
362556,0.11
362563,0.15
362572,0.13
362579,0.08
362580,0.18
362597,0.08
362635,0.11
362637,0.14
362641,0.19
362652,0.22
362657,0.16
362660,0.08
362661,0.13
362671,0.07
362675,0.14
362680,0.12
362682,0.06
362685,0.16
362697,0.09
362700,0.26
362702,0.14
362705,0.14
362707,0.21
362710,0.19
362711,0.16
362718,0.15
362723,0.1
362730,0.13
362742,0.19
362781,0.05
362789,0.27
362790,0.11
362795,0.18
362799,0.18
362800,0.11
362803,0.17
362808,0.17
362814,0.1
362820,0.11
362826,0.16
362831,0.16
362833,0.11
362839,0.22
362852,0.13
362872,0.09
362882,0.18
362885,0.2
362889,0.14
362890,0.11
362891,0.1
362900,0.12
362907,0.08
362908,0.08
362953,0.08
362967,0.19
362982,0.14
363015,0.1
363027,0.08
363035,0.07
363039,0.22
363045,0.12
363048,0.16
363057,0.26
363059,0.15
363063,0.14
363080,0.07
363082,0.32
363090,0.2
363094,0.2
363106,0.09
363114,0.25
363118,0.27
363121,0.17
363128,0.08
363136,0.1
363141,0.13
363142,0.07
363147,0.15
363151,0.11
363153,0.05
363158,0.07
363171,0.09
363174,0.11
363180,0.1
363187,0.07
363191,0.14
363192,0.07
363196,0.15
363199,0.06
363209,0.15
363210,0.16
363212,0.18
363227,0.15
363231,0.19
363232,0.13
363243,0.15
363253,0.11
363285,0.09
363299,0.09
363310,0.11
363311,0.12
363316,0.12
363322,0.27
363329,0.16
363331,0.12
363334,0.18
363339,0.09
363340,0.22
363341,0.15
363343,0.4
363347,0.14
363350,0.11
363377,0.19
363379,0.14
363382,0.08
363386,0.1
363387,0.11
363388,0.12
363391,0.1
363394,0.18
363397,0.11
363405,0.21
363422,0.1
363427,0.23
363455,0.19
363467,0.14
363493,0.12
363508,0.17
363514,0.19
363525,0.26
363530,0.23
363531,0.1
363538,0.25
363539,0.1
363542,0.25
363543,0.16
363551,0.23
363568,0.11
363576,0.18
363580,0.22
363582,0.19
363598,0.13
363601,0.2
363611,0.12
363612,0.07
363618,0.1
363623,0.1
363624,0.16
363642,0.2
363645,0.29
363651,0.33
363657,0.19
363663,0.09
363667,0.16
363687,0.14
363704,0.1
363705,0.18
363717,0.16
363725,0.08
363728,0.06
363733,0.08
363744,0.11
363745,0.17
363756,0.2
363759,0.18
363760,0.17
363762,0.07
363768,0.07
363777,0.15
363782,0.11
363785,0.11
363797,0.17
363815,0.04
363822,0.09
363834,0.14
363842,0.13
363845,0.35
363846,0.17
363849,0.1
363850,0.12
363853,0.12
363859,0.08
363860,0.08
363877,0.1
363881,0.08
363893,0.04
363902,0.26
363903,0.14
363916,0.08
363924,0.17
363940,0.13
363944,0.11
363955,0.26
363960,0.12
363984,0.1
363990,0.15
364009,0.24
364014,0.19
364035,0.15
364043,0.09
364065,0.12
364067,0.08
364068,0.23
364072,0.2
364079,0.2
364094,0.16
364096,0.11
364105,0.07
364109,0.11
364122,0.18
364141,0.14
364146,0.24
364147,0.13
364151,0.14
364152,0.08
364156,0.1
364160,0.11
364171,0.11
364183,0.06
364199,0.11
364206,0.13
364220,0.16
364222,0.07
364224,0.18
364232,0.18
364248,0.08
364251,0.18
364274,0.1
364286,0.16
364289,0.07
364290,0.18
364291,0.14
364292,0.07
364308,0.11
364310,0.16
364311,0.17
364312,0.2
364314,0.13
364337,0.19
364339,0.1
364357,0.44
364359,0.18
364371,0.19
364374,0.16
364378,0.11
364382,0.2
364397,0.08
364401,0.15
364403,0.06
364411,0.1
364413,0.11
364414,0.15
364415,0.07
364418,0.11
364428,0.08
364430,0.11
364436,0.26
364451,0.13
364457,0.15
364461,0.15
364471,0.22
364472,0.15
364481,0.3
364482,0.06
364484,0.24
364492,0.12
364494,0.12
364507,0.08
364508,0.07
364537,0.11
364538,0.22
364539,0.38
364547,0.26
364561,0.22
364586,0.17
364603,0.14
364622,0.12
364660,0.06
364662,0.12
364669,0.24
364698,0.15
364699,0.19
364700,0.06
364702,0.14
364710,0.16
364714,0.17
364731,0.15
364738,0.05
364739,0.14
364743,0.1
364762,0.22
364767,0.16
364775,0.08
364781,0.17
364783,0.09
364796,0.03
364810,0.18
364815,0.26
364823,0.07
364826,0.06
364837,0.13
364839,0.27
364844,0.11
364851,0.21
364853,0.16
364854,0.1
364858,0.06
364872,0.13
364875,0.06
364877,0.14
364878,0.16
364884,0.06
364907,0.16
364911,0.17
364916,0.17
364920,0.1
364927,0.12
364944,0.15
364948,0.24
364950,0.06
364953,0.13
364955,0.08
364959,0.12
364966,0.23
364971,0.16
364979,0.19
364980,0.13
364982,0.27
364984,0.1
364993,0.16
365001,0.03
365030,0.08
365035,0.2
365044,0.15
365046,0.13
365050,0.06
365051,0.18
365054,0.19
365055,0.12
365064,0.09
365069,0.16
365092,0.14
365102,0.15
365109,0.17
365110,0.16
365117,0.12
365120,0.16
365128,0.17
365131,0.19
365136,0.18
365151,0.16
365153,0.2
365154,0.18
365160,0.09
365166,0.09
365171,0.04
365181,0.11
365194,0.14
365210,0.17
365221,0.14
365234,0.16
365252,0.2
365254,0.2
365264,0.07
365276,0.08
365282,0.11
365284,0.14
365290,0.09
365317,0.14
365329,0.14
365353,0.09
365356,0.21
365358,0.18
365374,0.11
365392,0.22
365396,0.07
365408,0.14
365412,0.06
365429,0.08
365431,0.17
365435,0.14
365439,0.2
365473,0.08
365476,0.13
365486,0.11
365497,0.09
365518,0.18
365519,0.17
365520,0.24
365523,0.1
365531,0.14
365532,0.12
365534,0.04
365544,0.18
365552,0.1
365564,0.15
365569,0.17
365570,0.16
365575,0.39
365576,0.11
365585,0.27
365595,0.11
365612,0.17
365613,0.21
365624,0.17
365631,0.11
365634,0.17
365643,0.11
365644,0.14
365663,0.15
365666,0.2
365672,0.12
365676,0.22
365680,0.06
365696,0.15
365699,0.18
365706,0.13
365707,0.12
365711,0.15
365716,0.11
365717,0.1
365718,0.09
365757,0.1
365770,0.11
365776,0.12
365781,0.17
365784,0.22
365787,0.14
365805,0.17
365820,0.11
365831,0.18
365836,0.23
365837,0.29
365859,0.39
365861,0.14
365863,0.17
365872,0.11
365877,0.08
365882,0.08
365893,0.14
365894,0.11
365900,0.08
365910,0.11
365913,0.08
365916,0.21
365923,0.17
365946,0.28
365948,0.12
365951,0.18
365965,0.16
365966,0.13
365975,0.09
365979,0.24
365989,0.12
365991,0.29
365992,0.17
366001,0.15
366010,0.16
366013,0.21
366028,0.17
366036,0.04
366038,0.1
366044,0.11
366048,0.18
366060,0.07
366067,0.15
366071,0.12
366078,0.1
366081,0.09
366082,0.09
366093,0.16
366099,0.16
366103,0.16
366105,0.2
366111,0.29
366112,0.15
366125,0.21
366144,0.16
366147,0.13
366149,0.31
366166,0.07
366168,0.21
366173,0.18
366178,0.05
366180,0.15
366209,0.09
366213,0.15
366214,0.13
366215,0.16
366220,0.07
366226,0.16
366230,0.3
366236,0.2
366245,0.09
366282,0.22
366286,0.1
366295,0.04
366296,0.15
366297,0.15
366300,0.11
366303,0.11
366307,0.16
366314,0.09
366320,0.15
366321,0.12
366327,0.09
366330,0.08
366332,0.13
366334,0.14
366341,0.16
366363,0.24
366367,0.15
366369,0.24
366382,0.1
366394,0.22
366396,0.12
366398,0.27
366406,0.21
366414,0.11
366417,0.13
366419,0.15
366422,0.12
366436,0.05
366442,0.32
366451,0.17
366455,0.14
366458,0.24
366460,0.05
366466,0.19
366473,0.19
366502,0.15
366505,0.22
366526,0.21
366530,0.26
366532,0.14
366539,0.1
366541,0.17
366542,0.14
366553,0.12
366571,0.12
366582,0.14
366583,0.21
366589,0.21
366595,0.24
366606,0.07
366611,0.17
366613,0.22
366615,0.11
366616,0.22
366624,0.23
366632,0.08
366649,0.06
366650,0.08
366657,0.13
366664,0.16
366666,0.11
366674,0.23
366676,0.11
366677,0.16
366688,0.12
366689,0.06
366693,0.18
366696,0.14
366698,0.09
366700,0.1
366703,0.3
366709,0.12
366711,0.07
366725,0.09
366741,0.1
366742,0.1
366747,0.13
366750,0.13
366754,0.15
366762,0.16
366774,0.13
366781,0.16
366784,0.15
366789,0.09
366790,0.18
366797,0.15
366806,0.14
366820,0.06
366845,0.19
366858,0.15
366860,0.16
366874,0.1
366876,0.17
366879,0.17
366884,0.17
366886,0.17
366905,0.27
366908,0.1
366909,0.23
366917,0.17
366921,0.17
366927,0.1
366936,0.11
366952,0.22
366962,0.2
366964,0.13
366965,0.16
366981,0.07
366988,0.09
366992,0.11
366998,0.22
366999,0.09
367017,0.08
367023,0.14
367024,0.18
367025,0.14
367037,0.08
367040,0.15
367043,0.12
367052,0.13
367056,0.14
367064,0.25
367075,0.16
367089,0.18
367098,0.1
367119,0.14
367124,0.14
367134,0.23
367136,0.18
367138,0.09
367153,0.13
367158,0.13
367169,0.22
367179,0.19
367180,0.08
367212,0.12
367216,0.27
367217,0.13
367220,0.13
367224,0.19
367241,0.2
367245,0.2
367256,0.23
367266,0.17
367283,0.11
367290,0.15
367295,0.1
367310,0.03
367315,0.18
367322,0.15
367332,0.04
367338,0.21
367347,0.14
367381,0.14
367383,0.15
367386,0.11
367392,0.12
367399,0.27
367411,0.11
367414,0.11
367436,0.17
367439,0.16
367440,0.1
367465,0.2
367466,0.23
367478,0.17
367479,0.22
367481,0.1
367505,0.16
367515,0.16
367516,0.09
367526,0.19
367527,0.13
367533,0.15
367535,0.07
367545,0.19
367546,0.14
367547,0.14
367555,0.16
367557,0.1
367558,0.14
367573,0.15
367580,0.26
367581,0.05
367582,0.12
367588,0.13
367601,0.12
367617,0.19
367624,0.24
367626,0.09
367632,0.2
367651,0.11
367663,0.11
367674,0.14
367677,0.3
367678,0.05
367691,0.11
367698,0.08
367710,0.14
367712,0.13
367727,0.13
367739,0.14
367740,0.14
367746,0.11
367759,0.1
367770,0.23
367780,0.1
367783,0.17
367787,0.08
367791,0.19
367797,0.13
367799,0.22
367811,0.09
367817,0.09
367827,0.12
367829,0.26
367830,0.24
367837,0.19
367843,0.16
367847,0.14
367849,0.14
367854,0.06
367855,0.1
367862,0.04
367863,0.07
367868,0.07
367873,0.17
367879,0.16
367889,0.26
367890,0.25
367892,0.1
367893,0.09
367895,0.07
367896,0.12
367898,0.04
367903,0.09
367906,0.25
367919,0.07
367927,0.08
367931,0.14
367935,0.21
367945,0.12
367947,0.25
367952,0.2
367958,0.2
367971,0.11
367975,0.23
367983,0.23
367994,0.18
367998,0.17
367999,0.05
368005,0.18
368029,0.24
368034,0.15
368036,0.17
368041,0.11
368064,0.05
368066,0.12
368079,0.17
368082,0.11
368090,0.17
368092,0.13
368097,0.12
368107,0.19
368127,0.14
368129,0.14
368134,0.13
368150,0.22
368166,0.18
368172,0.13
368179,0.11
368185,0.24
368193,0.17
368207,0.13
368251,0.17
368253,0.08
368256,0.13
368257,0.16
368263,0.19
368271,0.17
368273,0.09
368279,0.17
368281,0.23
368282,0.25
368288,0.24
368303,0.11
368315,0.16
368323,0.06
368324,0.19
368326,0.07
368334,0.05
368337,0.09
368351,0.13
368353,0.26
368358,0.13
368389,0.12
368392,0.22
368393,0.06
368415,0.11
368424,0.16
368436,0.08
368448,0.05
368456,0.1
368457,0.17
368465,0.15
368484,0.11
368485,0.25
368487,0.09
368489,0.11
368493,0.14
368509,0.16
368513,0.14
368523,0.1
368530,0.11
368539,0.13
368543,0.27
368544,0.04
368557,0.15
368561,0.16
368577,0.22
368579,0.1
368580,0.18
368583,0.08
368589,0.09
368594,0.06
368598,0.13
368621,0.18
368622,0.2
368627,0.08
368628,0.12
368633,0.17
368638,0.36
368645,0.1
368646,0.28
368652,0.13
368659,0.12
368672,0.21
368679,0.15
368683,0.2
368697,0.09
368702,0.33
368707,0.07
368715,0.28
368740,0.12
368754,0.05
368765,0.14
368770,0.16
368777,0.3
368780,0.12
368782,0.21
368784,0.31
368790,0.22
368792,0.04
368793,0.12
368811,0.1
368816,0.28
368819,0.1
368843,0.09
368853,0.08
368857,0.1
368858,0.2
368887,0.09
368898,0.1
368909,0.19
368919,0.08
368930,0.1
368944,0.09
368949,0.18
368953,0.09
368956,0.15
368959,0.11
368968,0.21
368971,0.09
368974,0.15
368975,0.2
368983,0.13
368991,0.11
368994,0.11
369001,0.23
369004,0.19
369016,0.08
369030,0.11
369047,0.15
369055,0.14
369067,0.09
369068,0.11
369096,0.12
369103,0.18
369105,0.16
369107,0.2
369109,0.17
369130,0.07
369133,0.13
369144,0.09
369150,0.16
369152,0.16
369156,0.09
369180,0.15
369183,0.2
369184,0.3
369186,0.11
369187,0.1
369200,0.11
369201,0.12
369220,0.14
369223,0.09
369233,0.12
369240,0.25
369254,0.09
369264,0.13
369266,0.15
369272,0.15
369283,0.16
369295,0.15
369300,0.09
369302,0.15
369305,0.13
369322,0.04
369334,0.25
369350,0.14
369355,0.16
369361,0.14
369367,0.06
369371,0.11
369373,0.14
369375,0.23
369385,0.07
369394,0.16
369398,0.12
369408,0.13
369413,0.28
369419,0.13
369424,0.21
369439,0.13
369466,0.2
369482,0.13
369494,0.1
369504,0.16
369512,0.16
369528,0.07
369531,0.22
369540,0.22
369547,0.07
369565,0.13
369569,0.09
369581,0.1
369583,0.16
369593,0.18
369601,0.08
369608,0.08
369612,0.26
369615,0.06
369621,0.14
369636,0.1
369648,0.15
369649,0.29
369651,0.1
369659,0.09
369666,0.1
369684,0.11
369686,0.22
369698,0.22
369701,0.22
369712,0.13
369717,0.15
369722,0.18
369732,0.35
369740,0.29
369751,0.07
369755,0.11
369757,0.15
369761,0.19
369767,0.09
369782,0.18
369788,0.13
369790,0.21
369791,0.11
369792,0.11
369803,0.13
369812,0.08
369813,0.2
369827,0.14
369835,0.09
369838,0.12
369839,0.22
369843,0.15
369846,0.1
369860,0.1
369870,0.27
369871,0.42
369872,0.13
369884,0.12
369893,0.16
369901,0.11
369904,0.17
369908,0.24
369910,0.08
369911,0.16
369919,0.09
369920,0.14
369921,0.1
369931,0.26
369935,0.08
369936,0.06
369948,0.18
369953,0.11
369955,0.16
369961,0.13
369964,0.13
369967,0.15
369971,0.26
369983,0.17
369993,0.21
369995,0.18
370012,0.08
370022,0.16
370023,0.09
370027,0.06
370030,0.14
370033,0.27
370037,0.13
370051,0.08
370055,0.11
370077,0.14
370088,0.1
370091,0.15
370114,0.17
370117,0.29
370120,0.29
370122,0.1
370128,0.16
370135,0.11
370144,0.16
370146,0.24
370148,0.08
370150,0.09
370155,0.06
370164,0.1
370179,0.07
370188,0.07
370190,0.11
370199,0.07
370203,0.17
370213,0.11
370216,0.14
370219,0.06
370220,0.25
370224,0.12
370230,0.27
370254,0.16
370255,0.11
370265,0.18
370273,0.14
370288,0.2
370295,0.18
370297,0.16
370319,0.12
370323,0.1
370329,0.13
370330,0.08
370333,0.17
370346,0.12
370354,0.14
370355,0.12
370358,0.16
370362,0.08
370373,0.07
370376,0.08
370379,0.08
370380,0.13
370386,0.1
370392,0.23
370411,0.07
370416,0.07
370432,0.08
370439,0.16
370440,0.14
370445,0.07
370446,0.04
370455,0.25
370473,0.1
370474,0.11
370475,0.1
370482,0.31
370489,0.17
370512,0.08
370518,0.21
370522,0.12
370533,0.12
370538,0.2
370551,0.04
370552,0.11
370556,0.11
370566,0.07
370568,0.12
370573,0.09
370575,0.11
370578,0.12
370582,0.15
370596,0.14
370597,0.12
370599,0.11
370602,0.14
370609,0.13
370632,0.16
370634,0.23
370646,0.19
370666,0.25
370670,0.17
370672,0.11
370675,0.13
370676,0.24
370682,0.06
370685,0.22
370697,0.06
370699,0.06
370701,0.21
370711,0.17
370719,0.17
370728,0.12
370731,0.1
370735,0.12
370749,0.16
370753,0.15
370757,0.19
370763,0.13
370770,0.23
370779,0.16
370794,0.07
370805,0.09
370806,0.09
370808,0.15
370814,0.09
370827,0.28
370833,0.15
370844,0.15
370845,0.09
370850,0.19
370853,0.05
370856,0.1
370858,0.16
370862,0.12
370866,0.34
370874,0.15
370876,0.07
370878,0.25
370881,0.17
370882,0.23
370884,0.21
370887,0.09
370904,0.22
370905,0.12
370913,0.07
370915,0.1
370921,0.14
370922,0.07
370932,0.19
370939,0.08
370953,0.14
370964,0.11
370968,0.11
370969,0.17
370972,0.09
370978,0.12
371000,0.12
371001,0.13
371013,0.16
371053,0.13
371059,0.15
371060,0.14
371065,0.06
371069,0.16
371073,0.25
371084,0.19
371085,0.12
371088,0.19
371099,0.13
371115,0.07
371118,0.25
371127,0.3
371132,0.22
371136,0.09
371139,0.21
371152,0.17
371161,0.19
371162,0.13
371174,0.12
371176,0.11
371182,0.11
371185,0.15
371193,0.17
371197,0.1
371198,0.1
371202,0.1
371207,0.19
371211,0.26
371242,0.04
371243,0.09
371244,0.15
371255,0.18
371258,0.11
371259,0.15
371265,0.09
371274,0.14
371275,0.2
371288,0.16
371291,0.31
371295,0.17
371314,0.12
371322,0.1
371323,0.17
371328,0.14
371332,0.16
371333,0.23
371335,0.1
371342,0.11
371350,0.18
371357,0.12
371365,0.09
371383,0.15
371384,0.12
371385,0.16
371393,0.11
371394,0.14
371397,0.11
371417,0.12
371431,0.11
371433,0.11
371437,0.05
371439,0.28
371445,0.13
371452,0.11
371457,0.07
371469,0.13
371470,0.1
371477,0.11
371500,0.11
371504,0.14
371508,0.13
371514,0.13
371518,0.16
371520,0.16
371521,0.11
371522,0.1
371525,0.11
371530,0.14
371532,0.09
371548,0.12
371561,0.07
371566,0.3
371568,0.16
371571,0.11
371573,0.2
371577,0.13
371587,0.19
371592,0.21
371593,0.24
371595,0.16
371603,0.13
371614,0.08
371616,0.08
371619,0.07
371627,0.26
371641,0.13
371657,0.11
371664,0.1
371693,0.16
371698,0.08
371700,0.12
371707,0.17
371710,0.19
371715,0.21
371722,0.12
371731,0.1
371741,0.14
371744,0.14
371753,0.07
371755,0.13
371760,0.15
371773,0.08
371797,0.06
371807,0.13
371809,0.07
371811,0.11
371815,0.19
371822,0.12
371824,0.25
371828,0.14
371835,0.11
371837,0.12
371840,0.22
371849,0.14
371857,0.09
371860,0.27
371862,0.05
371875,0.12
371896,0.22
371898,0.15
371901,0.21
371903,0.15
371908,0.09
371910,0.16
371944,0.13
371947,0.07
371955,0.21
371963,0.16
371972,0.15
371973,0.08
371978,0.08
371980,0.13
371988,0.16
372020,0.04
372043,0.14
372060,0.13
372070,0.05
372082,0.09
372085,0.07
372090,0.07
372091,0.23
372112,0.09
372115,0.15
372132,0.07
372134,0.22
372136,0.08
372142,0.14
372145,0.1
372146,0.15
372159,0.08
372172,0.11
372179,0.23
372183,0.2
372184,0.07
372192,0.08
372234,0.1
372239,0.2
372244,0.15
372268,0.19
372287,0.13
372289,0.2
372292,0.07
372301,0.14
372315,0.11
372316,0.26
372328,0.13
372337,0.06
372347,0.3
372350,0.2
372381,0.21
372382,0.08
372384,0.22
372393,0.06
372398,0.15
372399,0.16
372400,0.14
372402,0.14
372410,0.18
372415,0.24
372425,0.09
372428,0.11
372430,0.12
372431,0.14
372449,0.05
372452,0.08
372453,0.15
372460,0.25
372463,0.37
372471,0.19
372484,0.17
372486,0.18
372489,0.1
372506,0.14
372513,0.12
372527,0.27
372568,0.16
372596,0.18
372606,0.09
372617,0.12
372618,0.08
372622,0.15
372624,0.13
372633,0.15
372637,0.1
372643,0.06
372644,0.12
372656,0.2
372662,0.08
372664,0.08
372666,0.08
372672,0.15
372674,0.15
372693,0.15
372704,0.12
372719,0.22
372727,0.13
372740,0.19
372745,0.12
372753,0.12
372762,0.12
372764,0.11
372771,0.09
372772,0.1
372789,0.12
372793,0.18
372799,0.12
372806,0.3
372809,0.14
372829,0.1
372848,0.08
372850,0.13
372853,0.14
372854,0.1
372858,0.12
372861,0.12
372863,0.22
372876,0.2
372878,0.11
372893,0.14
372894,0.19
372911,0.15
372912,0.19
372924,0.16
372942,0.09
372946,0.21
372955,0.14
372956,0.24
372957,0.16
372984,0.17
372993,0.23
372995,0.18
372997,0.13
373014,0.15
373018,0.23
373022,0.1
373023,0.08
373029,0.08
373063,0.09
373071,0.28
373075,0.12
373088,0.11
373089,0.08
373098,0.16
373101,0.16
373112,0.04
373114,0.22
373118,0.19
373120,0.41
373121,0.19
373122,0.09
373138,0.26
373145,0.07
373153,0.09
373154,0.3
373155,0.11
373159,0.12
373167,0.12
373190,0.07
373195,0.17
373202,0.12
373205,0.04
373209,0.06
373215,0.19
373222,0.23
373239,0.09
373240,0.2
373247,0.17
373251,0.12
373260,0.05
373284,0.1
373286,0.06
373292,0.15
373297,0.04
373299,0.21
373305,0.23
373307,0.12
373323,0.06
373327,0.11
373328,0.08
373363,0.19
373390,0.1
373396,0.1
373407,0.11
373413,0.17
373437,0.3
373445,0.16
373448,0.13
373458,0.2
373464,0.09
373472,0.24
373474,0.17
373475,0.08
373480,0.17
373484,0.19
373491,0.13
373493,0.15
373504,0.08
373537,0.22
373542,0.07
373545,0.13
373554,0.19
373559,0.21
373560,0.16
373562,0.17
373565,0.14
373573,0.17
373577,0.13
373591,0.12
373592,0.12
373596,0.1
373598,0.11
373600,0.14
373605,0.1
373607,0.1
373616,0.15
373618,0.14
373624,0.08
373630,0.16
373631,0.22
373634,0.23
373646,0.15
373651,0.18
373669,0.2
373682,0.14
373716,0.22
373751,0.21
373756,0.32
373757,0.17
373767,0.12
373778,0.13
373780,0.12
373781,0.14
373796,0.18
373801,0.14
373805,0.19
373811,0.13
373815,0.09
373820,0.13
373833,0.06
373839,0.14
373841,0.1
373871,0.13
373875,0.27
373893,0.1
373894,0.29
373898,0.16
373899,0.2
373908,0.27
373909,0.13
373911,0.13
373918,0.12
373927,0.06
373938,0.11
373943,0.19
373946,0.14
373948,0.16
373953,0.11
373956,0.14
373984,0.06
373985,0.17
373986,0.2
374002,0.11
374014,0.16
374015,0.07
374024,0.08
374029,0.2
374034,0.12
374039,0.04
374042,0.17
374048,0.17
374051,0.14
374054,0.2
374055,0.15
374061,0.13
374075,0.11
374087,0.1
374101,0.2
374103,0.14
374114,0.29
374116,0.14
374119,0.13
374121,0.24
374133,0.08
374134,0.08
374140,0.06
374141,0.13
374145,0.25
374155,0.09
374163,0.19
374169,0.19
374173,0.14
374188,0.23
374199,0.15
374200,0.11
374207,0.17
374225,0.09
374226,0.05
374227,0.24
374249,0.19
374254,0.2
374284,0.09
374293,0.16
374296,0.21
374297,0.14
374298,0.15
374307,0.19
374320,0.17
374322,0.22
374324,0.18
374328,0.2
374334,0.12
374341,0.11
374343,0.18
374346,0.08
374359,0.22
374374,0.12
374381,0.18
374400,0.1
374405,0.22
374409,0.2
374420,0.32
374442,0.16
374443,0.15
374445,0.27
374447,0.15
374452,0.12
374458,0.13
374485,0.13
374487,0.12
374496,0.12
374503,0.17
374518,0.18
374519,0.05
374532,0.09
374534,0.1
374536,0.01
374546,0.06
374559,0.08
374568,0.11
374573,0.08
374582,0.11
374585,0.04
374598,0.25
374606,0.06
374612,0.11
374617,0.07
374619,0.12
374626,0.1
374646,0.15
374653,0.15
374656,0.16
374664,0.08
374666,0.09
374677,0.12
374679,0.12
374682,0.22
374700,0.16
374703,0.18
374705,0.2
374720,0.16
374724,0.23
374731,0.14
374732,0.25
374734,0.08
374759,0.11
374770,0.06
374774,0.19
374777,0.15
374788,0.11
374796,0.2
374799,0.22
374813,0.21
374819,0.04
374826,0.19
374827,0.1
374832,0.25
374837,0.05
374844,0.23
374848,0.18
374853,0.15
374854,0.11
374856,0.19
374864,0.23
374868,0.13
374888,0.07
374891,0.1
374892,0.17
374896,0.12
374909,0.15
374911,0.13
374912,0.08
374913,0.29
374916,0.04
374917,0.11
374923,0.1
374933,0.19
374935,0.18
374940,0.11
374941,0.09
374943,0.17
374951,0.17
374967,0.2
374970,0.22
374990,0.34
374993,0.22
374994,0.14
375015,0.14
375017,0.21
375018,0.13
375021,0.06
375023,0.13
375030,0.23
375038,0.1
375040,0.14
375041,0.2
375052,0.11
375061,0.18
375064,0.12
375076,0.07
375086,0.26
375109,0.17
375118,0.17
375133,0.11
375140,0.19
375156,0.14
375168,0.12
375170,0.2
375182,0.09
375187,0.29
375188,0.27
375197,0.15
375201,0.15
375204,0.07
375216,0.37
375225,0.06
375231,0.08
375234,0.1
375241,0.08
375242,0.32
375244,0.1
375246,0.14
375257,0.11
375290,0.17
375292,0.1
375293,0.15
375295,0.12
375296,0.07
375300,0.15
375322,0.15
375332,0.13
375338,0.12
375342,0.09
375365,0.11
375367,0.15
375384,0.15
375418,0.13
375464,0.22
375477,0.09
375485,0.17
375496,0.05
375534,0.12
375544,0.13
375556,0.11
375588,0.08
375589,0.1
375594,0.18
375629,0.14
375649,0.15
375654,0.18
375696,0.16
375758,0.08
375795,0.24
375843,0.06
375844,0.14
375853,0.25
375878,0.14
375879,0.1
375883,0.11
375887,0.21
375929,0.1
375934,0.15
375936,0.18
375937,0.11
375948,0.09
375951,0.1
375953,0.19
375964,0.16
375969,0.06
375970,0.1
375973,0.3
375976,0.13
375997,0.09
376000,0.14
376011,0.09
376019,0.05
376035,0.09
376036,0.17
376041,0.23
376042,0.07
376045,0.17
376047,0.14
376060,0.1
376061,0.26
376067,0.18
376068,0.15
376070,0.08
376074,0.13
376075,0.07
376076,0.17
376078,0.15
376080,0.13
376081,0.11
376082,0.09
376083,0.18
376084,0.2
376086,0.13
376087,0.07
376088,0.07
376089,0.28
376090,0.18
376091,0.07
376092,0.13
376093,0.17
376094,0.25
376095,0.16
376096,0.22
376097,0.13
376098,0.21
376206,0.06
376209,0.16
376225,0.13
376239,0.08
376247,0.12
376248,0.18
376252,0.15
376257,0.2
376273,0.09
376274,0.15
376275,0.11
376279,0.16
376283,0.11
376284,0.11
376288,0.09
376289,0.13
376292,0.06
376298,0.14
376301,0.06
376311,0.08
376312,0.16
376313,0.21
376316,0.05
376317,0.17
376319,0.14
376320,0.29
376321,0.07
376322,0.15
376325,0.21
376326,0.17
376328,0.11
376329,0.2
376330,0.06
376332,0.1
376334,0.21
376335,0.21
376336,0.12
376337,0.18
376338,0.16
376339,0.12
376340,0.16
376341,0.16
376343,0.14
376344,0.13
376345,0.17
376346,0.15
376347,0.3
376348,0.1
376349,0.26
376350,0.12
376351,0.16
376352,0.1
376353,0.15
376354,0.13
376355,0.08
376356,0.1
376357,0.07
376360,0.07
376445,0.23
376447,0.1
376449,0.22
376470,0.15
376483,0.12
376484,0.17
376486,0.18
376487,0.16
376488,0.11
376491,0.17
376492,0.15
376494,0.2
376495,0.29
376496,0.14
376497,0.17
376498,0.09
376502,0.09
376503,0.14
376504,0.19
376506,0.15
376509,0.12
376515,0.05
376517,0.15
376518,0.23
376519,0.26
376520,0.14
376521,0.09
376522,0.17
376523,0.2
376524,0.1
376527,0.16
376530,0.15
376531,0.21
376532,0.13
376533,0.18
376534,0.07
376535,0.17
376537,0.19
376538,0.07
376539,0.11
376546,0.18
376594,0.1
376595,0.17
376614,0.08
376616,0.14
376617,0.18
376618,0.16
376619,0.12
376620,0.08
376627,0.17
376630,0.13
376631,0.1
376632,0.07
376633,0.16
376635,0.16
376636,0.19
376637,0.08
376639,0.25
376640,0.09
376642,0.1
376643,0.13
376644,0.11
376645,0.08
376646,0.14
376648,0.17
376650,0.06
376651,0.16
376652,0.26
376732,0.09
376733,0.12
376734,0.1
376756,0.22
376804,0.09
376856,0.32
376869,0.15
376893,0.13
377045,0.17
377088,0.07
377137,0.17
377138,0.06
377159,0.04
377176,0.22
377201,0.17
377226,0.16
377335,0.07
377358,0.24
377362,0.06
377363,0.19
377389,0.2
377426,0.15
377427,0.11
377429,0.07
377441,0.09
377449,0.13
377450,0.26
377458,0.09
377472,0.22
377541,0.27
377567,0.1
377573,0.07
377605,0.17
377611,0.17
377622,0.13
377631,0.11
377657,0.09
377681,0.12
377711,0.15
377717,0.26
377720,0.15
377721,0.19
377723,0.19
377727,0.12
377729,0.12
377733,0.08
377735,0.15
377736,0.11
377737,0.09
377738,0.15
377750,0.22
377751,0.13
377753,0.12
377754,0.2
377755,0.19
377756,0.19
377757,0.29
377758,0.14
377759,0.18
377760,0.06
377761,0.19
377762,0.12
377763,0.08
377764,0.12
377765,0.26
377766,0.22
377767,0.09
377768,0.17
377771,0.16
377772,0.11
377773,0.15
377774,0.18
377775,0.13
377776,0.08
377778,0.09
377779,0.14
377780,0.06
377781,0.14
377782,0.17
377783,0.14
377784,0.12
377785,0.08
377786,0.12
377862,0.24
377871,0.15
377930,0.12
377970,0.07
377987,0.07
377988,0.11
377990,0.14
377992,0.19
377995,0.12
378005,0.06
378006,0.11
378011,0.14
378018,0.09
378019,0.16
378023,0.2
378025,0.14
378026,0.16
378027,0.07
378031,0.09
378033,0.11
378034,0.12
378035,0.14
378040,0.15
378041,0.14
378042,0.11
378043,0.15
378044,0.1
378045,0.25
378046,0.15
378047,0.08
378048,0.08
378049,0.15
378051,0.15
378052,0.12
378053,0.09
378054,0.19
378055,0.11
378056,0.17
378057,0.11
378059,0.12
378060,0.18
378061,0.24
378062,0.15
378063,0.08
378065,0.17
378066,0.13
378067,0.17
378068,0.07
378069,0.19
378070,0.14
378096,0.16
378098,0.24
378104,0.12
378105,0.13
378106,0.13
378107,0.11
378108,0.13
378109,0.12
378110,0.11
378111,0.16
378112,0.09
378113,0.22
378114,0.22
378115,0.14
378116,0.11
378117,0.22
378119,0.08
378120,0.15
378121,0.21
378122,0.06
378123,0.12
378124,0.09
378136,0.15
378181,0.08
378184,0.1
378190,0.19
378263,0.12
378300,0.12
378304,0.29
378305,0.19
378311,0.14
378313,0.09
378314,0.17
378317,0.09
378320,0.15
378322,0.14
378325,0.21
378327,0.19
378328,0.18
378329,0.21
378330,0.06
378331,0.17
378334,0.12
378335,0.07
378336,0.1
378339,0.11
378340,0.19
378341,0.2
378342,0.14
378343,0.13
378344,0.15
378345,0.29
378346,0.08
378347,0.27
378348,0.15
378349,0.18
378350,0.22
378351,0.11
378352,0.08
378353,0.19
378354,0.21
378355,0.19
378356,0.15
378427,0.16
378434,0.22
378564,0.16
378671,0.29
378689,0.1
378710,0.29
378755,0.12
378887,0.13
378907,0.14
378924,0.14
378944,0.09
378945,0.16
378991,0.09
379009,0.14
379025,0.15
379046,0.15
379047,0.19
379048,0.21
379052,0.19
379065,0.13
379066,0.25
379076,0.12
379080,0.19
379085,0.21
379086,0.1
379087,0.16
379089,0.1
379094,0.07
379095,0.24
379101,0.12
379102,0.08
379103,0.14
379105,0.16
379108,0.08
379111,0.14
379112,0.16
379113,0.3
379114,0.2
379115,0.13
379116,0.17
379117,0.19
379118,0.12
379119,0.38
379120,0.17
379121,0.12
379123,0.15
379124,0.13
379126,0.19
379127,0.09
379128,0.14
379129,0.11
379131,0.25
379132,0.2
379133,0.16
379134,0.16
379178,0.12
379266,0.1
379268,0.16
379291,0.15
379296,0.11
379301,0.11
379313,0.15
379318,0.2
379319,0.22
379329,0.21
379336,0.2
379348,0.24
379356,0.16
379357,0.2
379363,0.3
379385,0.29
379408,0.22
379432,0.09
379437,0.21
379440,0.05
379456,0.11
379457,0.16
379463,0.21
379464,0.12
379467,0.21
379469,0.2
379470,0.1
379472,0.3
379473,0.1
379474,0.15
379475,0.13
379476,0.16
379481,0.28
379482,0.16
379483,0.09
379484,0.12
379485,0.54
379486,0.16
379487,0.08
379488,0.11
379490,0.18
379491,0.1
379492,0.19
379494,0.12
379495,0.16
379496,0.06
379497,0.12
379500,0.22
379501,0.12
379502,0.16
379503,0.04
379504,0.16
379505,0.23
379506,0.13
379507,0.09
379508,0.22
379509,0.28
379510,0.07
379512,0.07
379513,0.15
379514,0.37
379515,0.22
379516,0.09
379517,0.15
379518,0.19
379520,0.19
379627,0.15
379673,0.17
379674,0.06
379720,0.18
379726,0.18
379730,0.11
379746,0.22
379775,0.15
379776,0.12
379778,0.22
379841,0.04
379921,0.13
379951,0.11
380002,0.29
380003,0.23
380005,0.08
380006,0.14
380010,0.1
380012,0.13
380014,0.17
380015,0.21
380017,0.14
380018,0.15
380019,0.1
380020,0.07
380022,0.09
380023,0.19
380025,0.14
380026,0.18
380028,0.11
380030,0.13
380031,0.18
380032,0.11
380033,0.05
380034,0.16
380035,0.06
380037,0.14
380038,0.14
380039,0.21
380040,0.22
380064,0.17
380065,0.13
380121,0.13
380122,0.07
380130,0.2
380219,0.15
380228,0.22
380229,0.07
380366,0.15
380408,0.08
380414,0.11
380487,0.08
380488,0.17
380489,0.06
380494,0.09
380543,0.1
380553,0.13
380600,0.07
380625,0.13
380635,0.15
380643,0.16
380762,0.15
380773,0.15
380781,0.24
380785,0.1
380787,0.07
380788,0.1
380789,0.04
380797,0.13
380800,0.09
380802,0.09
380805,0.15
380806,0.17
380807,0.18
380811,0.17
380812,0.08
380815,0.14
380816,0.08
380817,0.19
380819,0.17
380823,0.05
380824,0.18
380825,0.2
380826,0.13
380827,0.26
380828,0.17
380830,0.16
380831,0.18
380832,0.06
380833,0.08
380834,0.2
380836,0.3
380837,0.09
380838,0.14
380839,0.07
380840,0.17
380841,0.1
380879,0.05
380901,0.1
380928,0.14
380956,0.12
380979,0.14
381037,0.11
381047,0.17
381074,0.22
381104,0.13
381121,0.28
381130,0.19
381133,0.11
381139,0.14
381141,0.23
381142,0.12
381145,0.05
381152,0.1
381153,0.26
381154,0.28
381156,0.11
381160,0.09
381164,0.23
381168,0.11
381171,0.15
381173,0.23
381174,0.14
381176,0.16
381178,0.13
381179,0.13
381182,0.16
381185,0.1
381187,0.08
381189,0.1
381190,0.09
381191,0.1
381192,0.18
381193,0.1
381194,0.15
381195,0.16
381198,0.13
381199,0.16
381200,0.07
381201,0.17
381202,0.15
381203,0.38
381204,0.28
381205,0.08
381259,0.1
381288,0.17
381289,0.16
381335,0.18
381344,0.08
381367,0.12
381376,0.04
381381,0.15
381397,0.11
381406,0.08
381412,0.16
381421,0.25
381424,0.11
381427,0.16
381428,0.31
381429,0.09
381430,0.14
381434,0.16
381435,0.09
381436,0.16
381437,0.07
381438,0.19
381439,0.14
381444,0.08
381446,0.05
381447,0.28
381449,0.36
381450,0.11
381453,0.2
381454,0.11
381455,0.19
381456,0.18
381457,0.14
381458,0.17
381459,0.06
381460,0.1
381461,0.09
381462,0.25
381463,0.12
381464,0.23
381465,0.08
381466,0.21
381467,0.19
381468,0.17
381469,0.33
381470,0.11
381471,0.15
381472,0.06
381473,0.15
381475,0.14
381476,0.1
381477,0.15
381478,0.11
381479,0.19
381480,0.28
381481,0.18
381482,0.12
381483,0.12
381495,0.13
381545,0.13
381580,0.1
381657,0.25
381674,0.13
381691,0.12
381697,0.1
381704,0.19
381711,0.22
381721,0.24
381728,0.13
381729,0.13
381734,0.13
381735,0.19
381736,0.13
381740,0.22
381742,0.3
381743,0.2
381744,0.11
381747,0.11
381748,0.14
381749,0.06
381750,0.15
381751,0.13
381752,0.26
381753,0.09
381754,0.11
381755,0.14
381756,0.16
381757,0.12
381758,0.22
381759,0.12
381760,0.14
381761,0.19
381762,0.13
381763,0.06
381764,0.26
381765,0.17
381766,0.04
381767,0.11
381768,0.13
381769,0.1
381770,0.07
381772,0.11
381774,0.18
381777,0.17
381861,0.06
381974,0.11
381991,0.08
382024,0.16
382051,0.19
382066,0.11
382067,0.15
382068,0.14
382107,0.1
382108,0.26
382111,0.11
382113,0.1
382114,0.1
382120,0.11
382121,0.12
382122,0.27
382124,0.23
382126,0.16
382131,0.17
382132,0.12
382135,0.21
382136,0.13
382137,0.13
382138,0.09
382140,0.27
382141,0.25
382142,0.07
382143,0.08
382144,0.18
382145,0.09
382146,0.16
382147,0.08
382149,0.25
382150,0.08
382152,0.11
382153,0.17
382164,0.26
382180,0.2
382239,0.22
382275,0.15
382297,0.05
382391,0.17
382392,0.28
382396,0.19
382424,0.09
382471,0.24
382493,0.09
382496,0.11
382504,0.12
382505,0.15
382513,0.08
382517,0.16
382521,0.13
382528,0.14
382530,0.26
382544,0.16
382603,0.34
382604,0.11
382642,0.08
382666,0.12
382699,0.11
382737,0.16
382792,0.23
382796,0.05
382807,0.09
382813,0.17
382817,0.28
382818,0.08
382826,0.08
382845,0.05
382846,0.08
382850,0.29
382851,0.2
382856,0.11
382858,0.09
382859,0.12
382862,0.09
382863,0.1
382865,0.12
382866,0.25
382868,0.18
382870,0.07
382871,0.18
382872,0.2
382873,0.12
382874,0.42
382875,0.07
382876,0.17
382877,0.16
382878,0.19
382879,0.21
382880,0.07
382882,0.14
382883,0.12
382884,0.13
382885,0.13
382886,0.09
382887,0.29
382989,0.1
383009,0.2
383039,0.14
383068,0.12
383072,0.1
383093,0.11
383099,0.2
383167,0.11
383168,0.1
383170,0.16
383171,0.27
383174,0.11
383175,0.17
383176,0.09
383178,0.12
383181,0.13
383182,0.2
383184,0.11
383186,0.16
383187,0.05
383189,0.09
383190,0.13
383191,0.23
383192,0.1
383194,0.1
383195,0.11
383196,0.11
383197,0.15
383198,0.04
383199,0.08
383200,0.18
383201,0.1
383202,0.14
383203,0.05
383204,0.14
383205,0.18
383206,0.14
383207,0.1
383208,0.14
383279,0.2
383335,0.12
383384,0.15
383394,0.07
383400,0.22
383401,0.14
383409,0.06
383410,0.13
383412,0.2
383414,0.14
383419,0.2
383422,0.12
383425,0.14
383426,0.12
383427,0.21
383428,0.26
383429,0.16
383430,0.26
383431,0.09
383433,0.43
383434,0.07
383435,0.14
383436,0.21
383437,0.14
383438,0.16
383439,0.13
383440,0.1
383441,0.09
383442,0.1
383443,0.05
383444,0.07
383445,0.09
383446,0.12
383447,0.15
383448,0.16
383449,0.1
383450,0.19
383451,0.11
383452,0.13
383453,0.07
383454,0.07
383533,0.09
383583,0.16
383608,0.14
383622,0.18
383673,0.26
383804,0.08
383806,0.17
383812,0.16
383814,0.11
383816,0.16
383825,0.17
383827,0.17
383833,0.17
383841,0.14
383842,0.25
383849,0.09
383859,0.07
383883,0.14
383891,0.22
383910,0.12
383925,0.11
383943,0.18
383946,0.18
383959,0.07
383960,0.16
383961,0.17
383962,0.18
383979,0.16
383985,0.13
383990,0.14
383999,0.15
384001,0.19
384003,0.1
384008,0.11
384019,0.21
384020,0.11
384065,0.15
384102,0.14
384154,0.1
384155,0.19
384171,0.16
384177,0.11
384183,0.14
384186,0.12
384198,0.16
384199,0.13
384201,0.18
384203,0.15
384204,0.18
384205,0.17
384207,0.15
384208,0.15
384209,0.22
384210,0.13
384211,0.15
384212,0.1
384215,0.32
384216,0.13
384220,0.18
384221,0.08
384226,0.18
384273,0.08
384287,0.1
384288,0.09
384332,0.3
384365,0.16
384380,0.21
384392,0.2
384412,0.07
384424,0.16
384428,0.11
384429,0.23
384430,0.08
384434,0.1
384480,0.08
384502,0.18
384503,0.07
384504,0.1
384505,0.14
384508,0.07
384519,0.14
384520,0.18
384524,0.09
384528,0.07
384532,0.11
384539,0.13
384542,0.12
384543,0.13
384544,0.12
384546,0.26
384547,0.1
384548,0.17
384549,0.15
384552,0.26
384554,0.13
384556,0.15
384557,0.1
384558,0.05
384559,0.05
384560,0.15
384561,0.29
384562,0.2
384563,0.08
384564,0.16
384565,0.17
384656,0.13
384657,0.12
384672,0.26
384679,0.2
384680,0.1
384689,0.14
384692,0.13
384695,0.26
384710,0.19
384712,0.11
384715,0.13
384735,0.17
384749,0.11
384751,0.07
384753,0.1
384757,0.05
384759,0.12
384761,0.03
384762,0.16
384765,0.26
384775,0.16
384782,0.18
384794,0.07
384798,0.12
384805,0.08
384807,0.1
384812,0.05
384821,0.1
384834,0.15
384847,0.1
384856,0.14
384857,0.15
384858,0.12
384859,0.11
384860,0.15
384861,0.31
384862,0.16
384863,0.18
384864,0.1
384865,0.12
384866,0.33
384867,0.17
384868,0.04
384869,0.18
384870,0.14
384871,0.16
384873,0.16
384874,0.18
384876,0.16
384877,0.14
384878,0.11
384880,0.14
384881,0.06
384882,0.18
384883,0.09
384884,0.17
384885,0.17
384886,0.04
384887,0.1
384969,0.06
385023,0.09
385049,0.13
385081,0.1
385091,0.12
385092,0.08
385093,0.21
385094,0.13
385106,0.21
385107,0.28
385110,0.12
385111,0.09
385113,0.16
385114,0.11
385115,0.26
385117,0.16
385119,0.08
385120,0.17
385121,0.22
385122,0.06
385123,0.06
385125,0.15
385126,0.1
385127,0.11
385128,0.06
385129,0.08
385130,0.11
385131,0.08
385132,0.13
385133,0.07
385134,0.18
385135,0.1
385136,0.17
385137,0.2
385138,0.11
385139,0.33
385140,0.31
385141,0.11
385142,0.14
385143,0.14
385144,0.15
385145,0.24
385146,0.11
385147,0.26
385149,0.14
385151,0.11
385152,0.12
385153,0.11
385197,0.13
385230,0.16
385231,0.2
385252,0.24
385299,0.16
385351,0.14
385376,0.19
385405,0.12
385452,0.06
385479,0.19
385510,0.12
385522,0.18
385524,0.2
385544,0.09
385563,0.07
385566,0.1
385571,0.07
385585,0.09
385586,0.1
385611,0.19
385621,0.11
385623,0.19
385628,0.33
385633,0.19
385634,0.13
385643,0.14
385650,0.16
385656,0.08
385666,0.11
385693,0.18
385705,0.18
385706,0.09
385835,0.06
385847,0.1
385867,0.22
385871,0.17
385872,0.09
385879,0.06
385883,0.13
385884,0.14
385885,0.12
385889,0.11
385893,0.13
385894,0.23
385898,0.16
385899,0.09
385902,0.08
385903,0.16
385904,0.08
385905,0.17
385906,0.09
385907,0.19
385908,0.27
385909,0.18
385910,0.1
385973,0.1
386003,0.25
386013,0.09
386023,0.08
386065,0.04
386072,0.25
386077,0.37
386135,0.12
386141,0.11
386178,0.25
386198,0.1
386200,0.19
386203,0.11
386223,0.11
386225,0.1
386245,0.09
386250,0.09
386253,0.14
386254,0.17
386255,0.11
386262,0.35
386263,0.17
386264,0.16
386267,0.15
386268,0.12
386276,0.27
386279,0.14
386281,0.1
386282,0.26
386283,0.21
386284,0.13
386285,0.12
386286,0.12
386287,0.08
386288,0.17
386289,0.21
386290,0.19
386292,0.09
386293,0.08
386294,0.06
386295,0.36
386296,0.2
386297,0.08
386299,0.08
386300,0.11
386301,0.08
386302,0.2
386303,0.18
386304,0.28
386305,0.13
386307,0.05
386308,0.13
386309,0.13
386310,0.08
386311,0.09
386347,0.25
386350,0.16
386352,0.14
386365,0.08
386378,0.1
386380,0.13
386399,0.19
386458,0.09
386523,0.1
386531,0.19
386545,0.2
386546,0.09
386547,0.14
386549,0.18
386550,0.17
386551,0.1
386552,0.04
386633,0.1
386647,0.11
386665,0.1
386767,0.14
386773,0.16
386774,0.1
386775,0.1
386777,0.1
386785,0.15
386791,0.15
386792,0.05
386795,0.1
386798,0.13
386803,0.19
386805,0.14
386806,0.2
386808,0.07
386811,0.06
386813,0.18
386814,0.22
386817,0.16
386819,0.06
386820,0.17
386821,0.22
386822,0.24
386824,0.14
386825,0.18
386826,0.16
386827,0.15
386828,0.29
386830,0.1
386831,0.23
386832,0.09
386833,0.28
386834,0.16
386835,0.14
386836,0.12
386837,0.19
386838,0.12
386839,0.19
386840,0.09
386841,0.16
386843,0.19
386844,0.22
386845,0.11
386847,0.16
386848,0.16
386849,0.09
386860,0.15
386938,0.13
386940,0.11
386989,0.13
387021,0.13
387193,0.19
387194,0.15
387286,0.08
387291,0.11
387292,0.15
387324,0.18
387325,0.19
387329,0.09
387331,0.2
387333,0.1
387337,0.19
387341,0.12
387342,0.15
387349,0.16
387350,0.12
387351,0.12
387352,0.11
387353,0.11
387355,0.2
387356,0.11
387357,0.18
387358,0.1
387360,0.19
387361,0.1
387362,0.11
387363,0.09
387364,0.1
387365,0.14
387366,0.13
387367,0.14
387368,0.18
387369,0.2
387370,0.1
387371,0.17
387372,0.21
387377,0.13
387378,0.15
387424,0.07
387440,0.1
387447,0.2
387489,0.13
387501,0.16
387526,0.27
387542,0.08
387543,0.2
387544,0.21
387565,0.12
387572,0.06
387577,0.21
387578,0.14
387583,0.09
387584,0.08
387588,0.22
387595,0.21
387596,0.11
387597,0.17
387598,0.11
387662,0.14
387687,0.22
387688,0.11
387689,0.08
387718,0.22
387730,0.08
387753,0.09
387807,0.29
387843,0.08
387848,0.15
387882,0.12
387884,0.16
387892,0.05
387896,0.13
387916,0.28
387920,0.13
387927,0.3
387928,0.03
387929,0.28
387932,0.15
387934,0.15
387937,0.14
387942,0.09
387947,0.15
387948,0.14
387952,0.14
387953,0.15
387954,0.13
387955,0.12
387956,0.24
387957,0.15
387958,0.14
387960,0.07
387961,0.19
387962,0.14
387963,0.19
387964,0.3
387965,0.12
387966,0.12
387967,0.12
387968,0.08
387969,0.05
387970,0.1
387971,0.14
387972,0.17
387973,0.08
388053,0.19
388056,0.13
388057,0.16
388078,0.22
388079,0.08
388127,0.13
388155,0.24
388159,0.1
388169,0.11
388170,0.07
388173,0.12
388174,0.13
388176,0.09
388179,0.13
388182,0.11
388183,0.14
388187,0.16
388189,0.11
388191,0.12
388193,0.1
388194,0.09
388195,0.14
388196,0.11
388198,0.09
388199,0.26
388201,0.15
388202,0.09
388203,0.15
388204,0.18
388206,0.11
388208,0.16
388209,0.07
388210,0.13
388211,0.05
388212,0.19
388213,0.07
388214,0.08
388215,0.13
388216,0.22
388217,0.08
388218,0.18
388219,0.09
388220,0.17
388221,0.16
388222,0.14
388223,0.15
388237,0.14
388238,0.12
388242,0.04
388243,0.15
388248,0.17
388249,0.22
388251,0.16
388253,0.13
388255,0.16
388256,0.11
388258,0.06
388259,0.18
388260,0.2
388262,0.29
388263,0.17
388264,0.12
388265,0.24
388266,0.12
388267,0.21
388269,0.43
388270,0.15
388271,0.1
388272,0.14
388273,0.05
388274,0.2
388275,0.23
388276,0.09
388397,0.15
388428,0.24
388429,0.16
388448,0.07
388449,0.1
388460,0.13
388463,0.15
388465,0.14
388505,0.16
388508,0.11
388511,0.07
388525,0.17
388554,0.14
388561,0.38
388566,0.13
388572,0.11
388574,0.14
388585,0.15
388589,0.1
388590,0.12
388594,0.17
388596,0.14
388616,0.2
388621,0.11
388622,0.1
388627,0.07
388633,0.07
388639,0.09
388647,0.13
388655,0.14
388665,0.12
388667,0.15
388668,0.13
388669,0.23
388679,0.14
388683,0.07
388687,0.12
388688,0.17
388700,0.19
388703,0.13
388704,0.15
388705,0.21
388707,0.1
388712,0.19
388729,0.08
388733,0.04
388748,0.12
388754,0.06
388763,0.17
388777,0.14
388790,0.08
388800,0.3
388801,0.09
388812,0.18
388816,0.27
388835,0.13
388837,0.08
388842,0.04
388847,0.11
388848,0.13
388849,0.11
388850,0.27
388859,0.13
388864,0.14
388865,0.24
388870,0.15
388872,0.15
388873,0.17
388879,0.12
388890,0.3
388898,0.17
388899,0.14
388900,0.14
388913,0.34
388919,0.13
388921,0.18
388929,0.03
388945,0.17
388962,0.12
388963,0.07
388985,0.12
388986,0.14
388992,0.2
388993,0.18
389002,0.11
389006,0.15
389009,0.14
389018,0.28
389048,0.23
389051,0.14
389068,0.13
389069,0.17
389070,0.14
389080,0.1
389085,0.12
389090,0.12
389094,0.23
389097,0.28
389098,0.1
389101,0.19
389104,0.18
389131,0.3
389133,0.17
389134,0.09
389143,0.1
389176,0.17
389181,0.09
389192,0.14
389202,0.16
389222,0.08
389225,0.25
389227,0.19
389239,0.15
389245,0.21
389248,0.15
389258,0.21
389266,0.09
389268,0.13
389277,0.19
389280,0.18
389300,0.08
389319,0.13
389330,0.11
389338,0.12
389356,0.12
389363,0.16
389371,0.12
389377,0.19
389398,0.12
389409,0.07
389415,0.07
389418,0.19
389420,0.11
389426,0.22
389433,0.19
389434,0.15
389440,0.11
389441,0.12
389443,0.24
389448,0.18
389464,0.12
389466,0.16
389471,0.19
389473,0.11
389480,0.14
389481,0.14
389483,0.17
389486,0.07
389490,0.27
389500,0.08
389507,0.34
389509,0.07
389515,0.29
389517,0.14
389523,0.09
389527,0.06
389529,0.33
389532,0.15
389539,0.14
389550,0.1
389551,0.19
389552,0.1
389554,0.29
389563,0.21
389566,0.12
389572,0.16
389573,0.08
389585,0.21
389587,0.13
389589,0.11
389592,0.12
389601,0.3
389603,0.13
389604,0.19
389617,0.08
389618,0.24
389619,0.08
389622,0.22
389623,0.11
389627,0.11
389644,0.34
389667,0.09
389678,0.16
389694,0.09
389700,0.1
389707,0.16
389714,0.11
389717,0.1
389732,0.09
389737,0.15
389741,0.1
389755,0.12
389756,0.13
389763,0.21
389772,0.24
389777,0.06
389778,0.19
389796,0.18
389798,0.16
389805,0.17
389807,0.28
389815,0.1
389818,0.09
389823,0.13
389824,0.13
389831,0.14
389856,0.25
389860,0.08
389862,0.19
389872,0.19
389875,0.26
389878,0.19
389879,0.13
389881,0.11
389895,0.07
389897,0.05
389898,0.11
389924,0.09
389929,0.11
389934,0.24
389947,0.15
389962,0.06
389981,0.02
390003,0.12
390006,0.23
390011,0.06
390041,0.12
390044,0.15
390045,0.18
390047,0.21
390048,0.21
390052,0.25
390056,0.14
390061,0.13
390065,0.12
390070,0.1
390073,0.17
390076,0.17
390087,0.17
390092,0.13
390095,0.07
390099,0.17
390107,0.19
390116,0.12
390130,0.08
390133,0.26
390144,0.12
390155,0.13
390159,0.19
390181,0.12
390183,0.16
390214,0.14
390222,0.15
390230,0.12
390235,0.12
390237,0.17
390242,0.29
390256,0.11
390259,0.19
390261,0.13
390268,0.14
390271,0.12
390274,0.09
390276,0.1
390279,0.14
390283,0.18
390285,0.1
390299,0.17
390316,0.07
390321,0.05
390330,0.19
390343,0.22
390346,0.37
390357,0.17
390359,0.17
390361,0.15
390365,0.14
390366,0.2
390372,0.13
390376,0.11
390378,0.28
390388,0.11
390391,0.17
390400,0.15
390407,0.14
390411,0.06
390419,0.06
390423,0.11
390437,0.05
390445,0.12
390449,0.1
390455,0.18
390465,0.11
390491,0.13
390492,0.23
390494,0.19
390495,0.14
390497,0.11
390504,0.11
390508,0.18
390510,0.13
390512,0.1
390524,0.17
390531,0.1
390558,0.26
390561,0.11
390564,0.11
390569,0.14
390574,0.14
390575,0.15
390587,0.19
390620,0.13
390621,0.17
390633,0.16
390634,0.17
390638,0.16
390639,0.12
390642,0.05
390647,0.25
390648,0.1
390663,0.14
390686,0.11
390688,0.2
390690,0.15
390691,0.21
390696,0.17
390703,0.1
390711,0.14
390722,0.14
390736,0.16
390747,0.27
390752,0.15
390760,0.13
390774,0.14
390777,0.04
390781,0.14
390793,0.22
390838,0.14
390847,0.23
390851,0.13
390854,0.08
390858,0.13
390864,0.14
390871,0.19
390905,0.24
390908,0.29
390910,0.07
390917,0.08
390919,0.16
390920,0.15
390922,0.17
390928,0.17
390929,0.21
390953,0.16
390955,0.14
390959,0.18
390962,0.11
390971,0.17
390972,0.13
390990,0.07
390994,0.13
390997,0.2
391015,0.16
391034,0.11
391038,0.11
391043,0.14
391048,0.06
391049,0.17
391056,0.17
391060,0.13
391072,0.18
391073,0.12
391077,0.11
391086,0.11
391092,0.08
391096,0.06
391118,0.22
391123,0.18
391136,0.12
391137,0.1
391145,0.08
391162,0.08
391164,0.22
391168,0.24
391172,0.1
391184,0.15
391188,0.13
391198,0.15
391207,0.09
391208,0.06
391209,0.15
391230,0.22
391232,0.12
391236,0.1
391237,0.26
391245,0.17
391269,0.1
391274,0.05
391275,0.25
391276,0.18
391279,0.07
391285,0.04
391306,0.08
391310,0.1
391321,0.14
391327,0.12
391341,0.22
391350,0.13
391353,0.06
391354,0.09
391357,0.15
391367,0.27
391371,0.08
391384,0.17
391387,0.15
391388,0.13
391392,0.07
391408,0.13
391433,0.17
391439,0.14
391443,0.13
391445,0.14
391449,0.15
391450,0.19
391461,0.13
391469,0.16
391486,0.12
391487,0.26
391500,0.1
391501,0.1
391505,0.08
391516,0.12
391517,0.09
391522,0.11
391539,0.3
391543,0.22
391546,0.2
391552,0.19
391555,0.21
391564,0.09
391565,0.1
391570,0.05
391586,0.12
391587,0.16
391588,0.12
391590,0.11
391613,0.26
391614,0.1
391617,0.05
391623,0.19
391635,0.16
391653,0.07
391661,0.1
391670,0.14
391682,0.15
391713,0.04
391717,0.15
391726,0.39
391738,0.16
391740,0.11
391741,0.13
391742,0.11
391756,0.07
391765,0.25
391766,0.11
391768,0.09
391771,0.06
391784,0.13
391786,0.19
391791,0.14
391798,0.1
391820,0.26
391831,0.14
391842,0.16
391843,0.04
391853,0.09
391858,0.2
391866,0.32
391867,0.14
391870,0.16
391879,0.13
391903,0.03
391915,0.13
391920,0.14
391929,0.22
391935,0.09
391944,0.11
391945,0.26
391947,0.27
391957,0.1
391960,0.18
391966,0.16
391977,0.11
391983,0.13
391990,0.15
391999,0.12
392010,0.06
392011,0.2
392012,0.16
392013,0.09
392015,0.2
392027,0.16
392029,0.07
392031,0.14
392035,0.09
392042,0.08
392049,0.18
392050,0.08
392062,0.1
392068,0.14
392071,0.06
392079,0.24
392087,0.08
392106,0.18
392111,0.13
392123,0.1
392127,0.14
392132,0.28
392149,0.25
392151,0.09
392175,0.21
392186,0.18
392190,0.19
392196,0.24
392202,0.11
392212,0.13
392221,0.14
392224,0.28
392230,0.08
392232,0.22
392234,0.24
392239,0.19
392240,0.2
392241,0.1
392243,0.25
392250,0.13
392253,0.12
392258,0.26
392260,0.13
392270,0.22
392280,0.16
392283,0.11
392293,0.11
392311,0.18
392316,0.09
392317,0.2
392319,0.21
392328,0.16
392363,0.11
392369,0.16
392371,0.17
392372,0.11
392386,0.15
392389,0.18
392390,0.13
392391,0.17
392398,0.12
392399,0.17
392404,0.22
392405,0.1
392408,0.21
392422,0.17
392423,0.12
392424,0.08
392429,0.09
392430,0.14
392431,0.17
392437,0.12
392450,0.07
392458,0.08
392460,0.13
392469,0.15
392474,0.16
392491,0.21
392495,0.13
392513,0.34
392526,0.07
392527,0.2
392534,0.12
392540,0.15
392554,0.17
392571,0.12
392578,0.17
392583,0.12
392588,0.12
392594,0.13
392604,0.04
392610,0.32
392613,0.13
392619,0.13
392622,0.32
392624,0.06
392629,0.24
392634,0.13
392639,0.17
392649,0.1
392671,0.2
392680,0.19
392682,0.12
392684,0.14
392685,0.13
392686,0.22
392699,0.14
392704,0.13
392709,0.16
392714,0.22
392717,0.17
392727,0.12
392730,0.17
392741,0.14
392754,0.14
392762,0.11
392774,0.13
392775,0.06
392793,0.12
392800,0.22
392809,0.14
392812,0.11
392814,0.11
392820,0.19
392825,0.05
392847,0.07
392849,0.13
392861,0.13
392868,0.16
392880,0.28
392882,0.2
392888,0.16
392905,0.11
392909,0.23
392915,0.12
392925,0.09
392931,0.13
392933,0.1
392935,0.2
392939,0.09
392951,0.12
392960,0.14
392962,0.12
392964,0.14
392970,0.15
392980,0.12
392981,0.07
392985,0.06
392990,0.14
392992,0.24
392998,0.11
392999,0.17
393007,0.13
393009,0.1
393012,0.13
393014,0.1
393015,0.13
393035,0.11
393055,0.13
393056,0.14
393075,0.1
393078,0.06
393094,0.12
393111,0.2
393115,0.1
393117,0.13
393118,0.15
393128,0.15
393129,0.12
393136,0.07
393138,0.14
393139,0.32
393156,0.17
393159,0.21
393168,0.13
393172,0.14
393177,0.17
393189,0.04
393194,0.14
393201,0.11
393202,0.09
393209,0.08
393216,0.34
393218,0.26
393224,0.15
393227,0.15
393232,0.19
393256,0.11
393257,0.09
393258,0.31
393267,0.15
393269,0.09
393275,0.14
393278,0.11
393279,0.26
393312,0.21
393318,0.1
393343,0.14
393351,0.08
393356,0.12
393361,0.21
393370,0.17
393381,0.08
393395,0.08
393405,0.08
393416,0.16
393419,0.12
393430,0.13
393443,0.12
393454,0.2
393478,0.12
393489,0.05
393499,0.13
393503,0.13
393505,0.12
393507,0.11
393526,0.13
393537,0.14
393543,0.09
393555,0.15
393562,0.09
393573,0.26
393587,0.2
393591,0.08
393606,0.11
393621,0.14
393624,0.11
393625,0.27
393628,0.19
393633,0.15
393641,0.16
393642,0.19
393650,0.29
393658,0.19
393669,0.12
393671,0.12
393672,0.11
393680,0.06
393683,0.25
393684,0.1
393691,0.05
393696,0.15
393699,0.11
393708,0.1
393709,0.16
393711,0.16
393720,0.25
393738,0.07
393740,0.08
393762,0.13
393774,0.08
393776,0.09
393778,0.19
393793,0.14
393804,0.09
393818,0.24
393821,0.09
393822,0.16
393833,0.22
393839,0.2
393840,0.08
393843,0.12
393852,0.08
393855,0.08
393860,0.1
393864,0.23
393877,0.21
393882,0.34
393884,0.15
393886,0.1
393892,0.14
393894,0.17
393902,0.08
393909,0.18
393910,0.13
393911,0.05
393934,0.07
393936,0.28
393939,0.21
393940,0.13
393943,0.1
393946,0.2
393950,0.09
393953,0.09
393959,0.31
393974,0.22
393980,0.27
393983,0.08
393985,0.2
393992,0.07
393995,0.1
394008,0.17
394010,0.15
394022,0.11
394062,0.13
394063,0.12
394066,0.17
394069,0.09
394071,0.09
394082,0.15
394087,0.08
394095,0.08
394097,0.2
394106,0.15
394113,0.29
394115,0.23
394125,0.07
394131,0.12
394132,0.12
394141,0.33
394145,0.19
394153,0.29
394159,0.19
394180,0.21
394186,0.15
394200,0.11
394203,0.13
394210,0.16
394214,0.12
394218,0.22
394231,0.13
394240,0.18
394248,0.15
394249,0.1
394254,0.18
394264,0.2
394267,0.19
394269,0.23
394275,0.16
394289,0.13
394295,0.18
394305,0.25
394308,0.17
394317,0.05
394323,0.18
394332,0.09
394336,0.08
394345,0.4
394346,0.16
394347,0.05
394351,0.19
394355,0.19
394360,0.06
394372,0.15
394373,0.09
394374,0.17
394382,0.12
394385,0.18
394409,0.2
394415,0.14
394433,0.12
394445,0.14
394448,0.18
394451,0.08
394467,0.14
394471,0.1
394473,0.11
394474,0.09
394476,0.11
394492,0.17
394502,0.11
394506,0.1
394510,0.13
394515,0.22
394535,0.12
394537,0.34
394539,0.12
394541,0.24
394564,0.14
394567,0.17
394568,0.11
394571,0.28
394576,0.13
394579,0.3
394585,0.18
394588,0.09
394606,0.21
394623,0.16
394632,0.11
394635,0.11
394642,0.09
394653,0.05
394689,0.17
394695,0.08
394699,0.18
394706,0.19
394712,0.33
394721,0.31
394722,0.2
394739,0.08
394742,0.22
394761,0.19
394775,0.11
394777,0.23
394783,0.11
394800,0.16
394803,0.13
394804,0.15
394815,0.1
394835,0.13
394843,0.2
394845,0.17
394847,0.17
394848,0.19
394850,0.18
394857,0.07
394873,0.23
394892,0.15
394898,0.1
394904,0.22
394918,0.19
394920,0.13
394926,0.13
394927,0.06
394940,0.11
394942,0.07
394943,0.14
394959,0.18
394977,0.1
394991,0.13
395014,0.24
395027,0.14
395042,0.26
395062,0.28
395063,0.29
395064,0.1
395076,0.06
395085,0.24
395095,0.12
395100,0.16
395105,0.16
395108,0.11
395110,0.2
395114,0.28
395123,0.15
395131,0.17
395144,0.14
395152,0.2
395159,0.12
395166,0.09
395197,0.14
395210,0.14
395212,0.17
395216,0.12
395218,0.15
395224,0.09
395225,0.21
395233,0.18
395237,0.14
395246,0.26
395248,0.17
395262,0.18
395271,0.03
395275,0.12
395286,0.18
395316,0.24
395318,0.26
395328,0.22
395334,0.17
395337,0.16
395338,0.15
395346,0.17
395365,0.15
395373,0.28
395383,0.29
395387,0.08
395391,0.1
395401,0.06
395432,0.08
395443,0.14
395447,0.16
395448,0.13
395450,0.08
395456,0.12
395459,0.16
395462,0.1
395488,0.15
395492,0.14
395495,0.13
395504,0.12
395507,0.24
395508,0.15
395509,0.1
395513,0.24
395515,0.08
395517,0.19
395520,0.26
395524,0.22
395525,0.11
395533,0.12
395538,0.13
395545,0.11
395553,0.11
395576,0.22
395585,0.19
395590,0.1
395593,0.15
395595,0.11
395603,0.08
395604,0.14
395611,0.19
395612,0.12
395617,0.09
395624,0.07
395653,0.25
395665,0.13
395668,0.1
395672,0.15
395677,0.15
395692,0.09
395693,0.3
395694,0.11
395696,0.16
395699,0.07
395703,0.06
395712,0.13
395731,0.13
395732,0.13
395735,0.18
395736,0.13
395744,0.14
395763,0.13
395771,0.08
395774,0.19
395784,0.09
395790,0.23
395792,0.26
395796,0.14
395808,0.17
395810,0.2
395814,0.31
395831,0.16
395836,0.15
395837,0.13
395852,0.16
395854,0.06
395856,0.15
395857,0.15
395860,0.07
395862,0.13
395875,0.11
395880,0.08
395893,0.25
395900,0.14
395908,0.11
395921,0.31
395922,0.08
395926,0.12
395933,0.11
395936,0.07
395940,0.12
395951,0.16
395964,0.05
395969,0.16
395971,0.09
395973,0.16
395975,0.18
395984,0.32
395993,0.11
396012,0.19
396033,0.19
396035,0.12
396036,0.11
396041,0.12
396048,0.15
396049,0.09
396057,0.2
396060,0.19
396063,0.12
396078,0.19
396085,0.19
396087,0.16
396094,0.13
396104,0.13
396110,0.11
396123,0.2
396139,0.11
396160,0.2
396165,0.19
396169,0.15
396182,0.15
396200,0.24
396201,0.06
396202,0.13
396216,0.23
396227,0.09
396236,0.09
396240,0.25
396249,0.08
396252,0.09
396253,0.16
396276,0.15
396297,0.04
396301,0.15
396310,0.13
396327,0.05
396330,0.13
396331,0.11
396334,0.05
396337,0.19
396343,0.18
396346,0.11
396350,0.18
396368,0.13
396375,0.26
396378,0.15
396380,0.15
396393,0.1
396397,0.14
396403,0.14
396404,0.36
396408,0.1
396414,0.13
396418,0.21
396420,0.12
396426,0.15
396428,0.14
396434,0.23
396435,0.21
396437,0.14
396442,0.24
396444,0.07
396449,0.13
396453,0.22
396464,0.1
396474,0.11
396483,0.13
396496,0.27
396501,0.16
396505,0.08
396506,0.14
396512,0.09
396513,0.28
396518,0.15
396530,0.14
396542,0.2
396549,0.08
396553,0.16
396555,0.25
396557,0.15
396562,0.26
396566,0.16
396588,0.25
396589,0.15
396590,0.19
396597,0.14
396602,0.1
396609,0.35
396614,0.16
396617,0.19
396620,0.19
396625,0.33
396638,0.14
396640,0.28
396646,0.11
396648,0.11
396653,0.1
396663,0.12
396668,0.07
396670,0.09
396678,0.13
396681,0.08
396698,0.08
396699,0.33
396710,0.16
396713,0.22
396729,0.17
396732,0.22
396735,0.22
396752,0.16
396754,0.13
396761,0.1
396769,0.15
396777,0.1
396789,0.21
396790,0.04
396792,0.15
396824,0.13
396829,0.14
396830,0.1
396844,0.15
396849,0.13
396855,0.3
396864,0.23
396865,0.11
396866,0.1
396883,0.15
396889,0.15
396893,0.16
396900,0.11
396904,0.12
396912,0.11
396916,0.09
396922,0.09
396926,0.12
396928,0.13
396931,0.16
396944,0.09
396949,0.11
396952,0.17
396979,0.28
396984,0.11
396986,0.1
396992,0.06
396995,0.47
397014,0.17
397025,0.12
397046,0.24
397047,0.13
397051,0.1
397052,0.13
397058,0.08
397071,0.12
397081,0.08
397084,0.14
397086,0.17
397088,0.09
397090,0.24
397093,0.2
397106,0.14
397109,0.34
397110,0.2
397118,0.12
397119,0.17
397120,0.12
397127,0.12
397128,0.18
397129,0.12
397132,0.14
397138,0.11
397139,0.21
397146,0.23
397148,0.29
397149,0.28
397166,0.17
397167,0.2
397168,0.08
397171,0.1
397178,0.12
397185,0.13
397191,0.14
397195,0.11
397197,0.14
397198,0.1
397211,0.1
397213,0.14
397216,0.13
397219,0.18
397226,0.08
397241,0.16
397249,0.13
397261,0.15
397265,0.1
397281,0.12
397304,0.13
397306,0.16
397325,0.04
397327,0.09
397345,0.29
397360,0.08
397378,0.03
397383,0.11
397384,0.17
397399,0.18
397415,0.16
397433,0.05
397444,0.26
397452,0.25
397458,0.08
397460,0.11
397462,0.15
397464,0.11
397466,0.24
397472,0.09
397474,0.1
397476,0.1
397482,0.16
397492,0.17
397494,0.05
397501,0.27
397507,0.22
397512,0.12
397513,0.15
397517,0.07
397533,0.14
397549,0.28
397560,0.16
397562,0.13
397570,0.34
397575,0.07
397584,0.13
397585,0.19
397593,0.14
397609,0.2
397615,0.11
397630,0.26
397631,0.12
397633,0.13
397641,0.1
397664,0.05
397668,0.11
397674,0.11
397679,0.17
397681,0.13
397694,0.15
397695,0.18
397707,0.21
397713,0.1
397714,0.12
397715,0.07
397724,0.16
397726,0.36
397729,0.1
397739,0.03
397741,0.12
397759,0.15
397761,0.09
397767,0.13
397776,0.2
397782,0.24
397785,0.14
397789,0.12
397793,0.14
397794,0.23
397804,0.13
397815,0.12
397816,0.1
397825,0.17
397857,0.2
397861,0.16
397890,0.16
397891,0.28
397900,0.16
397903,0.16
397911,0.08
397925,0.22
397928,0.18
397954,0.09
397955,0.06
397962,0.14
397971,0.1
397975,0.25
397984,0.21
397989,0.14
397993,0.19
398004,0.13
398032,0.31
398038,0.05
398043,0.15
398046,0.19
398051,0.19
398061,0.07
398082,0.08
398086,0.13
398087,0.11
398088,0.11
398093,0.12
398103,0.11
398106,0.15
398109,0.19
398110,0.12
398113,0.09
398116,0.16
398132,0.15
398135,0.28
398138,0.12
398159,0.19
398163,0.14
398165,0.23
398166,0.13
398173,0.07
398179,0.14
398181,0.17
398189,0.09
398196,0.14
398206,0.13
398208,0.21
398220,0.16
398231,0.1
398234,0.2
398239,0.14
398254,0.1
398260,0.09
398261,0.04
398269,0.37
398274,0.19
398279,0.07
398280,0.11
398292,0.15
398293,0.09
398295,0.2
398329,0.1
398337,0.07
398344,0.18
398347,0.07
398348,0.37
398352,0.14
398355,0.17
398360,0.23
398363,0.13
398368,0.1
398373,0.16
398377,0.11
398384,0.06
398389,0.1
398394,0.21
398397,0.07
398400,0.16
398409,0.1
398429,0.14
398432,0.13
398444,0.21
398446,0.3
398456,0.14
398461,0.17
398473,0.13
398480,0.1
398481,0.14
398485,0.2
398488,0.22
398500,0.18
398520,0.19
398524,0.12
398534,0.2
398554,0.05
398572,0.15
398580,0.18
398586,0.07
398592,0.16
398606,0.14
398619,0.2
398621,0.16
398625,0.14
398645,0.17
398652,0.19
398656,0.08
398661,0.12
398667,0.1
398669,0.11
398676,0.15
398690,0.13
398699,0.16
398715,0.2
398718,0.06
398721,0.12
398729,0.14
398737,0.15
398738,0.11
398752,0.22
398757,0.31
398759,0.12
398764,0.24
398771,0.13
398773,0.24
398775,0.13
398779,0.09
398791,0.26
398807,0.1
398811,0.08
398814,0.22
398817,0.08
398829,0.09
398830,0.15
398838,0.1
398839,0.23
398841,0.11
398850,0.07
398852,0.11
398858,0.2
398859,0.21
398862,0.14
398870,0.2
398875,0.13
398902,0.16
398910,0.12
398919,0.2
398929,0.11
398935,0.23
398940,0.17
398953,0.2
398956,0.13
398963,0.12
398966,0.13
398967,0.18
398968,0.18
398974,0.17
398976,0.09
398982,0.18
398993,0.2
399011,0.19
399016,0.15
399017,0.09
399020,0.18
399047,0.22
399053,0.34
399056,0.04
399061,0.12
399066,0.16
399074,0.19
399086,0.2
399088,0.17
399091,0.15
399092,0.16
399093,0.15
399100,0.09
399124,0.21
399131,0.18
399142,0.15
399149,0.05
399158,0.23
399160,0.12
399167,0.12
399169,0.11
399171,0.14
399174,0.16
399178,0.15
399179,0.18
399184,0.09
399185,0.14
399186,0.12
399191,0.13
399192,0.1
399195,0.25
399212,0.23
399221,0.14
399223,0.27
399230,0.18
399246,0.14
399260,0.06
399261,0.19
399266,0.17
399289,0.18
399293,0.12
399299,0.19
399306,0.07
399321,0.17
399328,0.1
399344,0.06
399352,0.07
399358,0.1
399374,0.2
399382,0.3
399385,0.15
399388,0.1
399399,0.11
399410,0.08
399417,0.13
399423,0.11
399427,0.09
399429,0.15
399435,0.08
399439,0.11
399451,0.09
399454,0.22
399458,0.17
399468,0.07
399477,0.1
399483,0.09
399493,0.15
399494,0.09
399499,0.19
399503,0.11
399510,0.1
399511,0.13
399525,0.19
399528,0.21
399533,0.17
399538,0.14
399551,0.12
399568,0.24
399571,0.11
399585,0.12
399589,0.16
399595,0.07
399598,0.05
399605,0.14
399616,0.12
399617,0.05
399622,0.15
399627,0.2
399635,0.1
399639,0.45
399641,0.12
399643,0.13
399659,0.11
399667,0.12
399683,0.09
399702,0.18
399706,0.26
399720,0.07
399727,0.15
399730,0.2
399734,0.17
399751,0.08
399754,0.19
399759,0.13
399768,0.14
399770,0.13
399781,0.18
399786,0.22
399799,0.13
399811,0.17
399813,0.11
399820,0.12
399832,0.09
399851,0.13
399853,0.12
399855,0.12
399860,0.21
399876,0.23
399877,0.1
399881,0.13
399882,0.17
399903,0.17
399906,0.17
399912,0.15
399915,0.15
399921,0.09
399935,0.1
399936,0.14
399938,0.07
399939,0.12
399940,0.07
399949,0.11
399953,0.07
399959,0.25
399968,0.1
399969,0.12
399972,0.19
399974,0.08
399976,0.09
399979,0.15
399988,0.25
399994,0.32
399996,0.22
399997,0.17
400000,0.12
400004,0.12
400011,0.16
400014,0.2
400015,0.15
400017,0.1
400046,0.14
400063,0.16
400065,0.15
400069,0.06
400075,0.04
400088,0.14
400091,0.12
400105,0.05
400108,0.23
400113,0.12
400119,0.09
400123,0.07
400127,0.1
400136,0.13
400137,0.15
400138,0.21
400158,0.17
400172,0.11
400174,0.12
400224,0.11
400229,0.17
400236,0.18
400240,0.09
400249,0.13
400258,0.13
400268,0.18
400272,0.11
400284,0.13
400292,0.09
400295,0.11
400308,0.21
400314,0.1
400315,0.06
400331,0.35
400332,0.12
400339,0.05
400342,0.13
400361,0.14
400363,0.13
400365,0.13
400374,0.09
400379,0.09
400382,0.09
400416,0.22
400422,0.2
400436,0.13
400460,0.05
400462,0.22
400468,0.17
400482,0.12
400489,0.13
400490,0.19
400501,0.12
400519,0.13
400525,0.29
400526,0.08
400529,0.2
400540,0.13
400543,0.26
400545,0.13
400556,0.17
400572,0.15
400584,0.12
400589,0.11
400593,0.19
400597,0.15
400616,0.11
400642,0.13
400643,0.2
400649,0.1
400672,0.14
400685,0.1
400693,0.19
400695,0.22
400701,0.14
400720,0.11
400741,0.13
400745,0.15
400750,0.09
400779,0.19
400784,0.11
400792,0.15
400800,0.14
400811,0.18
400813,0.25
400820,0.11
400830,0.19
400833,0.05
400834,0.12
400841,0.14
400855,0.24
400856,0.1
400860,0.13
400866,0.08
400869,0.15
400870,0.29
400880,0.12
400882,0.1
400915,0.16
400921,0.19
400923,0.17
400925,0.14
400936,0.11
400943,0.26
400962,0.16
400963,0.1
400967,0.09
400970,0.2
400975,0.13
400981,0.16
400983,0.19
400987,0.13
400988,0.11
400994,0.13
400998,0.25
401002,0.15
401003,0.1
401005,0.1
401007,0.17
401022,0.21
401029,0.19
401035,0.16
401036,0.2
401040,0.06
401045,0.14
401053,0.13
401065,0.11
401067,0.19
401069,0.14
401073,0.16
401074,0.24
401078,0.17
401082,0.25
401086,0.14
401092,0.15
401097,0.15
401098,0.19
401099,0.15
401100,0.14
401107,0.1
401119,0.26
401120,0.14
401137,0.1
401142,0.31
401162,0.09
401163,0.16
401172,0.15
401179,0.15
401182,0.14
401184,0.19
401190,0.09
401207,0.22
401210,0.03
401220,0.1
401225,0.06
401230,0.16
401240,0.1
401246,0.13
401256,0.2
401273,0.12
401274,0.15
401287,0.07
401292,0.13
401305,0.16
401310,0.09
401311,0.14
401321,0.08
401332,0.13
401338,0.09
401345,0.09
401368,0.19
401375,0.37
401378,0.1
401379,0.14
401395,0.12
401403,0.16
401406,0.13
401415,0.1
401424,0.11
401425,0.14
401428,0.14
401430,0.11
401436,0.12
401440,0.11
401443,0.14
401447,0.1
401448,0.09
401450,0.08
401459,0.09
401462,0.06
401470,0.24
401479,0.11
401481,0.09
401486,0.14
401496,0.08
401497,0.18
401502,0.14
401508,0.18
401513,0.22
401517,0.26
401519,0.23
401533,0.19
401536,0.2
401547,0.12
401581,0.05
401582,0.11
401586,0.14
401593,0.2
401603,0.09
401621,0.21
401625,0.19
401635,0.36
401646,0.13
401649,0.16
401660,0.1
401668,0.22
401686,0.12
401706,0.11
401712,0.11
401721,0.16
401725,0.26
401730,0.18
401741,0.11
401743,0.11
401748,0.17
401751,0.08
401770,0.12
401791,0.08
401792,0.08
401808,0.11
401816,0.11
401820,0.15
401821,0.17
401828,0.12
401830,0.25
401832,0.1
401839,0.12
401852,0.12
401868,0.17
401876,0.12
401879,0.23
401882,0.08
401894,0.13
401899,0.23
401901,0.34
401913,0.09
401919,0.11
401920,0.15
401923,0.09
401924,0.2
401932,0.22
401942,0.23
401949,0.17
401950,0.13
401951,0.09
401952,0.1
401971,0.27
401972,0.1
401973,0.12
401974,0.09
401983,0.21
401984,0.16
401988,0.07
401989,0.1
401990,0.14
402024,0.08
402029,0.08
402030,0.28
402041,0.22
402042,0.18
402043,0.16
402052,0.24
402053,0.09
402054,0.05
402057,0.19
402067,0.13
402068,0.11
402069,0.17
402070,0.16
402071,0.1
402073,0.11
402074,0.13
402075,0.2
402076,0.16
402077,0.16
402078,0.3
402079,0.21
402080,0.11
402081,0.08
402082,0.1
402089,0.17
402090,0.2
402091,0.17
402092,0.04
402094,0.1
402095,0.12
402096,0.14
402109,0.17
402151,0.11
402152,0.15
402153,0.07
402155,0.13
402201,0.12
402210,0.22
402212,0.11
402218,0.14
402227,0.17
402234,0.17
402236,0.06
402242,0.22
402243,0.05
402244,0.33
402245,0.11
402250,0.08
402251,0.12
402254,0.26
402255,0.14
402256,0.2
402257,0.23
402258,0.27
402259,0.09
402260,0.1
402261,0.15
402262,0.12
402263,0.14
402264,0.06
402265,0.18
402266,0.16
402267,0.12
402268,0.07
402270,0.06
402271,0.14
402272,0.1
402273,0.09
402274,0.08
402275,0.13
402276,0.12
402277,0.14
402278,0.08
402279,0.22
402280,0.11
402362,0.14
402363,0.11
402364,0.2
402370,0.13
402376,0.1
402381,0.24
402384,0.14
402389,0.11
402414,0.16
402416,0.07
402417,0.11
402420,0.17
402426,0.07
402436,0.32
402444,0.07
402447,0.12
402449,0.1
402454,0.15
402458,0.24
402460,0.09
402466,0.1
402475,0.17
402498,0.25
402502,0.13
402505,0.13
402509,0.16
402513,0.22
402517,0.05
402519,0.22
402522,0.09
402523,0.09
402525,0.13
402528,0.16
402534,0.22
402536,0.2
402542,0.15
402548,0.2
402552,0.14
402559,0.18
402563,0.05
402568,0.07
402573,0.19
402574,0.17
402575,0.15
402577,0.15
402602,0.17
402603,0.18
402604,0.06
402614,0.23
402615,0.13
402616,0.1
402617,0.18
402618,0.24
402619,0.17
402639,0.09
402640,0.05
402641,0.37
402642,0.06
402643,0.15
402644,0.15
402645,0.07
402649,0.14
402650,0.28
402653,0.2
402654,0.09
402655,0.2
402656,0.22
402657,0.15
402658,0.08
402659,0.07
402662,0.08
402696,0.09
402705,0.14
402707,0.31
402708,0.15
402709,0.12
402729,0.15
402730,0.16
402732,0.19
402739,0.15
402740,0.08
402741,0.17
402744,0.32
402745,0.21
402746,0.13
402772,0.29
402773,0.18
402774,0.14
402780,0.11
402781,0.18
402782,0.12
402790,0.16
402803,0.2
402808,0.26
402809,0.07
402810,0.15
402811,0.15
402815,0.15
402820,0.14
402821,0.16
402822,0.12
402824,0.13
402825,0.13
402870,0.06
402875,0.11
402924,0.17
402925,0.06
402926,0.1
402927,0.16
402928,0.1
402929,0.07
402930,0.14
402931,0.1
402932,0.12
402933,0.14
402940,0.12
402953,0.17
402954,0.19
402955,0.21
402956,0.18
402957,0.21
402970,0.08
402973,0.1
402974,0.12
402975,0.11
402976,0.22
402977,0.13
402978,0.21
402979,0.17
402980,0.26
402981,0.21
402982,0.19
402993,0.16
402994,0.14
403099,0.08
403137,0.12
403138,0.17
403165,0.06
403192,0.21
403214,0.08
403223,0.13
403238,0.12
403244,0.15
403246,0.16
403252,0.16
403254,0.07
403255,0.12
403259,0.19
403262,0.2
403277,0.1
403280,0.12
403281,0.14
403287,0.08
403315,0.16
403318,0.19
403319,0.17
403327,0.12
403331,0.09
403342,0.23
403349,0.09
403353,0.16
403364,0.11
403369,0.09
403373,0.17
403376,0.14
403378,0.13
403384,0.24
403385,0.14
403386,0.16
403388,0.14
403396,0.14
403398,0.13
403404,0.14
403410,0.11
403414,0.1
403417,0.28
403422,0.15
403424,0.16
403438,0.14
403451,0.11
403452,0.19
403453,0.08
403454,0.18
403455,0.1
403464,0.1
403465,0.11
403466,0.06
403500,0.12
403501,0.13
403524,0.21
403525,0.27
403526,0.08
403527,0.16
403542,0.19
403543,0.17
403549,0.12
403550,0.07
403551,0.24
403552,0.22
403553,0.11
403554,0.24
403558,0.11
403559,0.1
403560,0.44
403561,0.24
403562,0.2
403564,0.12
403565,0.21
403566,0.1
403600,0.18
403602,0.08
403603,0.12
403662,0.07
403685,0.09
403686,0.06
403687,0.09
403688,0.1
403689,0.39
403690,0.34
403691,0.11
403692,0.15
403696,0.09
403697,0.26
403698,0.09
403699,0.2
403701,0.26
403702,0.13
403703,0.17
403704,0.17
403705,0.13
403712,0.06
403713,0.06
403714,0.29
403715,0.07
403718,0.07
403722,0.24
403723,0.13
403724,0.26
403725,0.06
403726,0.08
403764,0.18
403765,0.16
403766,0.24
403770,0.19
403771,0.07
403772,0.18
403795,0.23
403799,0.15
403800,0.13
403801,0.12
403802,0.18
403803,0.29
403811,0.09
403814,0.08
403815,0.11
403816,0.08
403817,0.05
403818,0.06
403820,0.12
403821,0.2
403822,0.21
403823,0.09
403824,0.09
403825,0.09
403826,0.09
403828,0.14
403834,0.1
403836,0.21
403837,0.11
403838,0.09
403839,0.13
403873,0.1
403876,0.14
403902,0.18
403918,0.07
403922,0.16
403928,0.21
403929,0.19
403931,0.06
403932,0.05
403933,0.16
403935,0.1
403936,0.24
403937,0.16
403938,0.14
403943,0.11
403944,0.15
403945,0.12
403946,0.19
403948,0.12
403951,0.22
403955,0.16
403956,0.08
403957,0.17
403958,0.07
403960,0.3
403961,0.08
403962,0.17
403963,0.1
403964,0.13
403965,0.15
403966,0.21
403967,0.17
403968,0.21
403969,0.19
403970,0.19
403971,0.15
403972,0.12
403973,0.22
403974,0.23
403975,0.14
403976,0.04
403977,0.12
403978,0.14
403979,0.07
403980,0.4
403981,0.08
403982,0.14
404062,0.11
404067,0.1
404070,0.15
404079,0.07
404084,0.15
404108,0.17
404112,0.11
404118,0.23
404121,0.09
404122,0.18
404126,0.15
404140,0.14
404152,0.24
404156,0.36
404158,0.16
404160,0.15
404172,0.11
404174,0.18
404180,0.14
404186,0.11
404190,0.13
404192,0.15
404206,0.04
404207,0.29
404213,0.25
404216,0.24
404220,0.16
404227,0.14
404235,0.13
404247,0.22
404259,0.11
404266,0.13
404267,0.17
404274,0.26
404276,0.13
404277,0.09
404278,0.17
404279,0.15
404280,0.12
404287,0.2
404288,0.19
404289,0.04
404290,0.27
404291,0.06
404293,0.16
404302,0.11
404303,0.1
404304,0.1
404307,0.12
404308,0.09
404309,0.22
404310,0.24
404311,0.28
404312,0.14
404323,0.08
404324,0.07
404325,0.13
404326,0.06
404327,0.24
404328,0.12
404329,0.2
404330,0.16
404331,0.22
404335,0.13
404336,0.13
404337,0.17
404364,0.25
404379,0.15
404380,0.44
404381,0.3
404382,0.21
404385,0.11
404390,0.18
404391,0.07
404392,0.2
404393,0.11
404396,0.17
404400,0.1
404401,0.12
404402,0.08
404403,0.23
404404,0.11
404405,0.35
404406,0.08
404437,0.21
404439,0.16
404461,0.2
404462,0.14
404464,0.12
404468,0.14
404469,0.2
404470,0.13
404471,0.12
404472,0.13
404473,0.09
404474,0.07
404475,0.14
404477,0.07
404478,0.13
404554,0.09
404555,0.15
404556,0.13
404557,0.11
404569,0.25
404571,0.09
404585,0.15
404586,0.1
404592,0.21
404595,0.11
404596,0.16
404597,0.19
404603,0.26
404606,0.15
404607,0.18
404608,0.09
404609,0.21
404620,0.17
404689,0.15
404708,0.09
404734,0.17
404771,0.14
404806,0.1
404818,0.1
404850,0.11
404870,0.27
404923,0.08
404934,0.2
404938,0.11
404954,0.03
404957,0.1
404963,0.12
404964,0.06
404969,0.28
404970,0.1
404979,0.11
404997,0.11
404998,0.07
405009,0.13
405016,0.1
405018,0.07
405035,0.18
405036,0.12
405038,0.21
405047,0.11
405055,0.05
405060,0.15
405066,0.1
405081,0.18
405084,0.31
405089,0.19
405098,0.13
405100,0.22
405114,0.14
405118,0.21
405119,0.19
405120,0.13
405121,0.21
405124,0.16
405125,0.11
405132,0.14
405179,0.12
405193,0.08
405194,0.23
405195,0.09
405206,0.1
405207,0.1
405211,0.1
405215,0.11
405217,0.25
405219,0.21
405220,0.13
405231,0.15
405232,0.17
405291,0.13
405316,0.17
405317,0.14
405318,0.12
405319,0.2
405320,0.11
405325,0.09
405326,0.12
405333,0.07
405334,0.16
405349,0.2
405351,0.15
405353,0.08
405354,0.28
405361,0.08
405362,0.12
405363,0.15
405364,0.28
405365,0.15
405366,0.2
405372,0.18
405397,0.09
405402,0.15
405409,0.14
405410,0.16
405411,0.14
405412,0.09
405435,0.14
405436,0.14
405438,0.15
405442,0.18
405443,0.36
405444,0.08
405445,0.17
405446,0.06
405468,0.12
405489,0.25
405490,0.09
405498,0.08
405509,0.17
405510,0.07
405511,0.13
405512,0.09
405517,0.13
405518,0.09
405523,0.12
405544,0.12
405546,0.09
405552,0.27
405583,0.1
405592,0.09
405599,0.13
405602,0.1
405607,0.05
405613,0.19
405620,0.27
405624,0.23
405625,0.08
405626,0.08
405632,0.19
405633,0.15
405637,0.27
405640,0.23
405642,0.16
405646,0.09
405647,0.09
405650,0.23
405653,0.17
405654,0.06
405660,0.11
405666,0.14
405667,0.15
405668,0.04
405669,0.09
405671,0.13
405672,0.07
405673,0.11
405674,0.19
405675,0.11
405676,0.16
405677,0.12
405679,0.12
405680,0.25
405682,0.17
405683,0.15
405684,0.11
405685,0.2
405687,0.13
405689,0.12
405690,0.06
405691,0.23
405692,0.13
405693,0.16
405695,0.16
405696,0.11
405697,0.13
405698,0.12
405699,0.15
405700,0.3
405701,0.29
405702,0.35
405761,0.15
405765,0.16
405769,0.15
405784,0.18
405811,0.05
405814,0.21
405816,0.14
405818,0.12
405821,0.11
405822,0.09
405838,0.12
405841,0.14
405846,0.19
405855,0.11
405857,0.07
405858,0.27
405860,0.09
405861,0.16
405871,0.12
405879,0.11
405880,0.12
405886,0.13
405901,0.17
405904,0.14
405905,0.15
405906,0.14
405927,0.12
405930,0.21
405944,0.11
405946,0.04
405954,0.22
405963,0.13
405964,0.07
405965,0.07
405966,0.13
405970,0.04
405971,0.1
405992,0.13
405996,0.09
405999,0.14
406002,0.13
406003,0.13
406004,0.07
406005,0.06
406006,0.13
406007,0.3
406008,0.18
406028,0.11
406029,0.07
406043,0.12
406044,0.1
406045,0.16
406046,0.28
406048,0.13
406050,0.13
406051,0.13
406052,0.27
406053,0.21
406077,0.09
406082,0.12
406083,0.28
406084,0.11
406098,0.06
406099,0.09
406100,0.32
406113,0.09
406114,0.1
406115,0.25
406116,0.1
406117,0.1
406127,0.2
406128,0.13
406129,0.13
406132,0.11
406133,0.08
406134,0.09
406135,0.25
406136,0.15
406137,0.22
406138,0.15
406139,0.16
406142,0.19
406143,0.23
406175,0.07
406176,0.12
406177,0.18
406194,0.12
406195,0.21
406208,0.19
406210,0.19
406216,0.22
406217,0.18
406227,0.11
406228,0.08
406253,0.11
406254,0.1
406260,0.13
406267,0.18
406269,0.13
406276,0.17
406277,0.14
406279,0.11
406288,0.1
406297,0.14
406308,0.15
406310,0.24
406320,0.14
406336,0.11
406352,0.1
406365,0.11
406369,0.12
406371,0.18
406401,0.19
406408,0.14
406409,0.12
406475,0.32
406492,0.19
406510,0.2
406519,0.14
406565,0.27
406584,0.11
406596,0.1
406598,0.17
406605,0.26
406609,0.13
406610,0.17
406611,0.08
406654,0.15
406670,0.2
406675,0.14
406681,0.12
406682,0.11
406695,0.09
406697,0.2
406712,0.16
406719,0.11
406725,0.19
406734,0.12
406743,0.21
406778,0.08
406784,0.13
406786,0.12
406791,0.13
406792,0.12
406803,0.17
406812,0.12
406813,0.16
406814,0.16
406841,0.24
406842,0.15
406843,0.09
406848,0.15
406861,0.08
406862,0.24
406863,0.08
406864,0.08
406865,0.16
406871,0.2
406872,0.1
406873,0.1
406893,0.15
406919,0.21
406920,0.1
406921,0.19
406923,0.14
406924,0.16
406925,0.06
406926,0.17
406927,0.12
406936,0.1
406937,0.21
406938,0.13
406939,0.07
406940,0.11
406941,0.06
406952,0.12
406953,0.16
406954,0.11
406962,0.07
406963,0.23
406964,0.11
406965,0.11
406966,0.16
406967,0.06
406968,0.2
406969,0.09
406970,0.1
406971,0.08
406972,0.15
406973,0.17
406974,0.14
406975,0.1
406976,0.08
406977,0.08
406985,0.13
406987,0.14
407025,0.15
407031,0.15
407033,0.23
407039,0.17
407041,0.11
407044,0.11
407046,0.14
407053,0.18
407061,0.12
407069,0.08
407070,0.17
407072,0.13
407073,0.14
407081,0.14
407082,0.1
407088,0.11
407091,0.2
407097,0.03
407104,0.33
407105,0.31
407106,0.16
407121,0.11
407128,0.16
407137,0.16
407144,0.18
407145,0.17
407154,0.14
407162,0.07
407164,0.25
407168,0.29
407203,0.18
407210,0.11
407215,0.11
407218,0.07
407228,0.19
407262,0.16
407274,0.29
407280,0.24
407288,0.17
407298,0.17
407299,0.35
407302,0.16
407303,0.18
407305,0.29
407306,0.2
407307,0.14
407313,0.06
407314,0.09
407315,0.1
407316,0.23
407322,0.26
407323,0.07
407324,0.14
407325,0.09
407329,0.12
407330,0.22
407332,0.08
407333,0.21
407334,0.07
407335,0.12
407336,0.14
407337,0.2
407338,0.14
407339,0.13
407340,0.1
407341,0.17
407342,0.13
407343,0.08
407344,0.12
407345,0.06
407346,0.28
407353,0.13
407364,0.1
407365,0.15
407366,0.09
407370,0.11
407373,0.24
407376,0.14
407386,0.11
407388,0.08
407391,0.13
407393,0.16
407427,0.15
407452,0.12
407454,0.14
407457,0.12
407462,0.08
407463,0.06
407468,0.11
407469,0.19
407478,0.07
407482,0.09
407487,0.09
407489,0.19
407498,0.43
407516,0.34
407519,0.14
407528,0.13
407532,0.24
407534,0.22
407543,0.1
407546,0.22
407550,0.14
407555,0.07
407558,0.2
407587,0.11
407588,0.09
407594,0.2
407596,0.1
407598,0.14
407602,0.12
407605,0.17
407613,0.08
407619,0.19
407625,0.13
407627,0.09
407629,0.2
407631,0.12
407633,0.08
407636,0.14
407645,0.28
407648,0.18
407669,0.11
407674,0.15
407675,0.2
407676,0.16
407677,0.18
407678,0.28
407679,0.12
407680,0.13
407681,0.21
407682,0.13
407684,0.31
407692,0.11
407693,0.14
407694,0.09
407695,0.07
407696,0.12
407697,0.21
407698,0.08
407699,0.17
407702,0.03
407703,0.23
407725,0.17
407726,0.2
407729,0.23
407731,0.05
407745,0.14
407749,0.09
407750,0.15
407751,0.24
407752,0.32
407753,0.1
407754,0.18
407755,0.17
407756,0.09
407765,0.07
407766,0.17
407767,0.08
407768,0.12
407773,0.15
407774,0.15
407778,0.09
407779,0.17
407780,0.18
407781,0.17
407782,0.11
407783,0.17
407784,0.21
407825,0.11
407826,0.08
407828,0.19
407829,0.09
407830,0.21
407831,0.18
407832,0.07
407838,0.09
407839,0.07
407840,0.09
407841,0.1
407842,0.18
407855,0.23
407857,0.15
407881,0.12
407882,0.15
407885,0.08
407915,0.11
407916,0.11
407918,0.22
407919,0.21
407920,0.11
407921,0.1
407922,0.15
407927,0.13
407934,0.14
407941,0.15
407942,0.06
407943,0.11
407944,0.16
407946,0.16
407947,0.15
407952,0.11
407955,0.15
407978,0.11
407986,0.12
408003,0.16
408006,0.03
408008,0.08
408015,0.2
408016,0.2
408028,0.16
408035,0.09
408042,0.05
408044,0.29
408052,0.09
408053,0.17
408056,0.19
408068,0.17
408071,0.09
408074,0.13
408085,0.28
408089,0.18
408091,0.12
408098,0.13
408106,0.17
408108,0.22
408116,0.19
408126,0.15
408130,0.14
408135,0.12
408148,0.15
408168,0.21
408170,0.18
408172,0.19
408176,0.1
408181,0.16
408191,0.15
408194,0.11
408213,0.15
408248,0.16
408249,0.15
408250,0.13
408256,0.26
408261,0.19
408262,0.19
408268,0.3
408269,0.13
408273,0.13
408280,0.17
408286,0.19
408347,0.18
408349,0.14
408350,0.09
408351,0.22
408352,0.07
408355,0.13
408356,0.14
408357,0.1
408384,0.14
408385,0.12
408386,0.2
408387,0.08
408388,0.2
408389,0.17
408390,0.11
408391,0.16
408392,0.14
408393,0.07
408398,0.07
408399,0.13
408400,0.16
408405,0.11
408406,0.03
408437,0.06
408459,0.12
408460,0.18
408463,0.09
408467,0.14
408468,0.16
408471,0.11
408477,0.2
408478,0.07
408479,0.1
408481,0.12
408482,0.1
408483,0.09
408484,0.09
408485,0.19
408486,0.09
408489,0.23
408490,0.06
408504,0.15
408506,0.14
408508,0.12
408514,0.07
408515,0.13
408516,0.16
408517,0.15
408518,0.16
408523,0.08
408524,0.14
408525,0.11
408526,0.13
408531,0.1
408579,0.09
408580,0.16
408581,0.09
408599,0.18
408615,0.23
408616,0.1
408617,0.08
408619,0.07
408622,0.13
408624,0.16
408625,0.11
408626,0.08
408627,0.11
408651,0.07
408658,0.08
408659,0.31
408660,0.19
408661,0.12
408662,0.19
408688,0.12
408689,0.17
408690,0.15
408695,0.07
408696,0.14
408701,0.11
408702,0.09
408705,0.23
408728,0.2
408742,0.13
408759,0.12
408766,0.18
408768,0.14
408774,0.1
408775,0.1
408780,0.07
408790,0.27
408791,0.13
408792,0.1
408794,0.19
408797,0.16
408808,0.14
408830,0.14
408857,0.08
408863,0.14
408874,0.21
408880,0.15
408885,0.1
408890,0.12
408898,0.18
408902,0.12
408903,0.02
408905,0.14
408908,0.13
408911,0.13
408921,0.18
408932,0.1
408933,0.21
408935,0.32
408960,0.15
408968,0.12
408985,0.11
408986,0.17
408990,0.12
408993,0.15
409001,0.17
409003,0.09
409008,0.06
409010,0.14
409015,0.14
409017,0.13
409028,0.04
409034,0.15
409035,0.13
409041,0.1
409054,0.14
409057,0.09
409064,0.17
409065,0.28
409066,0.14
409068,0.07
409076,0.11
409080,0.09
409083,0.1
409084,0.22
409085,0.13
409088,0.14
409105,0.14
409121,0.14
409123,0.3
409133,0.15
409153,0.08
409156,0.03
409157,0.27
409158,0.12
409163,0.2
409167,0.2
409168,0.22
409169,0.05
409172,0.28
409173,0.15
409174,0.06
409175,0.08
409192,0.46
409193,0.2
409197,0.16
409204,0.1
409206,0.15
409208,0.14
409209,0.19
409212,0.15
409213,0.09
409214,0.25
409217,0.16
409218,0.13
409220,0.11
409221,0.12
409227,0.1
409228,0.13
409229,0.19
409230,0.26
409259,0.22
409261,0.15
409269,0.26
409277,0.1
409278,0.16
409285,0.21
409286,0.19
409287,0.14
409293,0.12
409297,0.12
409298,0.04
409299,0.09
409340,0.09
409377,0.19
409383,0.08
409384,0.14
409409,0.15
409412,0.19
409413,0.15
409414,0.16
409415,0.18
409423,0.13
409428,0.19
409429,0.09
409430,0.15
409431,0.14
409432,0.13
409433,0.08
409434,0.13
409442,0.19
409443,0.33
409446,0.1
409463,0.18
409482,0.13
409507,0.17
409508,0.12
409509,0.16
409514,0.2
409535,0.1
409536,0.14
409537,0.13
409538,0.1
409541,0.18
409542,0.16
409543,0.11
409545,0.16
409550,0.13
409551,0.13
409552,0.15
409553,0.24
409558,0.16
409563,0.18
409574,0.1
409607,0.18
409608,0.25
409628,0.1
409632,0.15
409633,0.23
409636,0.13
409676,0.11
409691,0.18
409694,0.17
409707,0.1
409723,0.11
409741,0.1
409743,0.09
409747,0.13
409773,0.15
409777,0.15
409778,0.21
409804,0.14
409805,0.06
409812,0.08
409817,0.13
409836,0.12
409846,0.19
409850,0.18
409852,0.11
409861,0.23
409864,0.25
409871,0.14
409891,0.08
409896,0.08
409917,0.17
409918,0.17
409923,0.13
409941,0.12
409949,0.23
409953,0.1
409958,0.09
409972,0.07
409979,0.23
409983,0.17
409984,0.18
409985,0.09
409986,0.14
409994,0.2
409999,0.16
410019,0.18
410024,0.13
410025,0.07
410039,0.14
410044,0.21
410045,0.12
410046,0.15
410047,0.1
410048,0.1
410065,0.1
410066,0.23
410073,0.09
410087,0.07
410089,0.21
410092,0.12
410093,0.25
410094,0.08
410095,0.12
410096,0.14
410101,0.16
410102,0.11
410103,0.23
410107,0.06
410110,0.15
410111,0.16
410112,0.3
410142,0.19
410143,0.17
410161,0.15
410162,0.07
410165,0.15
410166,0.17
410167,0.24
410184,0.23
410185,0.14
410186,0.16
410187,0.14
410223,0.17
410256,0.27
410257,0.17
410258,0.1
410259,0.07
410269,0.27
410270,0.12
410273,0.18
410274,0.13
410275,0.13
410276,0.2
410277,0.13
410295,0.11
410296,0.12
410297,0.16
410298,0.04
410300,0.2
410301,0.08
410302,0.2
410303,0.16
410304,0.12
410305,0.06
410306,0.17
410307,0.16
410308,0.21
410309,0.21
410316,0.13
410317,0.15
410358,0.16
410359,0.06
410360,0.18
410368,0.27
410369,0.17
410370,0.14
410372,0.08
410373,0.14
410378,0.32
410379,0.12
410380,0.18
410387,0.23
410388,0.3
410389,0.15
410390,0.07
410405,0.08
410411,0.16
410416,0.08
410418,0.09
410424,0.15
410429,0.23
410438,0.13
410442,0.12
410448,0.04
410456,0.1
410464,0.15
410467,0.1
410473,0.15
410476,0.1
410479,0.17
410499,0.17
410526,0.16
410528,0.06
410546,0.17
410564,0.15
410567,0.13
410571,0.16
410572,0.27
410573,0.15
410577,0.05
410581,0.2
410587,0.12
410588,0.16
410595,0.09
410602,0.14
410606,0.2
410616,0.12
410624,0.27
410626,0.21
410637,0.2
410660,0.1
410661,0.15
410663,0.09
410664,0.2
410669,0.14
410675,0.12
410679,0.17
410684,0.08
410689,0.09
410693,0.1
410697,0.12
410698,0.07
410699,0.08
410706,0.17
410710,0.21
410712,0.08
410716,0.22
410725,0.15
410735,0.19
410742,0.12
410745,0.09
410746,0.12
410751,0.09
410753,0.09
410759,0.16
410761,0.26
410770,0.07
410778,0.04
410784,0.13
410786,0.12
410789,0.16
410800,0.14
410811,0.12
410813,0.14
410821,0.21
410822,0.13
410879,0.09
410880,0.08
410900,0.13
410901,0.23
410908,0.13
410909,0.11
410910,0.12
410911,0.17
410912,0.15
410913,0.06
410914,0.18
410915,0.16
410916,0.1
410917,0.08
410918,0.07
410919,0.15
410922,0.2
410923,0.12
410940,0.1
410955,0.17
410956,0.23
410959,0.22
410960,0.18
410961,0.1
410962,0.16
410963,0.24
410964,0.12
410968,0.09
410970,0.13
410971,0.11
410972,0.13
410975,0.09
410994,0.15
410999,0.25
411011,0.25
411012,0.11
411014,0.25
411021,0.09
411022,0.27
411023,0.18
411024,0.16
411025,0.14
411026,0.12
411027,0.18
411028,0.13
411030,0.21
411031,0.13
411032,0.13
411033,0.16
411049,0.17
411050,0.16
411051,0.18
411052,0.07
411073,0.12
411074,0.13
411076,0.09
411080,0.15
411081,0.16
411082,0.11
411093,0.13
411094,0.22
411095,0.12
411099,0.09
411102,0.1
411103,0.15
411112,0.1
411114,0.16
411115,0.08
411116,0.2
411168,0.11
411169,0.39
411170,0.09
411189,0.11
411190,0.13
411195,0.16
411196,0.2
411197,0.12
411205,0.14
411206,0.16
411215,0.14
411216,0.08
411217,0.13
411218,0.15
411222,0.08
411238,0.08
411239,0.13
411240,0.16
411248,0.11
411274,0.07
411275,0.08
411293,0.15
411299,0.1
411300,0.1
411301,0.14
411302,0.13
411305,0.18
411309,0.09
411334,0.08
411343,0.16
411349,0.05
411360,0.2
411363,0.15
411364,0.11
411384,0.08
411402,0.14
411424,0.09
411425,0.13
411430,0.31
411432,0.1
411434,0.17
411447,0.04
411450,0.07
411452,0.25
411463,0.14
411467,0.15
411474,0.1
411478,0.12
411480,0.14
411481,0.12
411502,0.18
411509,0.12
411511,0.25
411515,0.1
411516,0.15
411532,0.11
411565,0.07
411570,0.07
411600,0.2
411608,0.13
411613,0.07
411614,0.16
411620,0.1
411634,0.05
411639,0.06
411645,0.16
411648,0.11
411660,0.1
411668,0.1
411672,0.09
411673,0.07
411674,0.26
411675,0.18
411676,0.08
411677,0.21
411715,0.07
411718,0.17
411719,0.18
411720,0.16
411730,0.09
411731,0.2
411740,0.1
411746,0.16
411748,0.08
411749,0.13
411752,0.08
411753,0.17
411754,0.11
411755,0.11
411767,0.13
411768,0.15
411819,0.25
411826,0.18
411827,0.11
411841,0.13
411842,0.29
411843,0.11
411844,0.1
411845,0.1
411846,0.15
411850,0.22
411852,0.25
411853,0.1
411854,0.08
411855,0.1
411856,0.18
411860,0.13
411883,0.07
411938,0.23
411939,0.19
411940,0.13
411957,0.21
411958,0.15
411959,0.11
411963,0.1
411969,0.11
411970,0.03
411971,0.08
411972,0.05
411973,0.11
411974,0.11
411975,0.15
411977,0.05
411978,0.22
411979,0.26
412004,0.13
412008,0.04
412009,0.15
412010,0.07
412030,0.17
412031,0.12
412032,0.09
412036,0.13
412038,0.09
412047,0.17
412049,0.32
412082,0.14
412092,0.12
412098,0.25
412101,0.17
412108,0.3
412111,0.2
412119,0.14
412128,0.1
412139,0.16
412152,0.16
412154,0.06
412178,0.32
412180,0.15
412193,0.08
412199,0.14
412204,0.17
412206,0.17
412207,0.18
412211,0.35
412220,0.2
412221,0.13
412229,0.17
412234,0.08
412235,0.13
412236,0.18
412251,0.12
412262,0.08
412270,0.34
412280,0.12
412289,0.23
412305,0.11
412310,0.17
412345,0.21
412348,0.13
412361,0.15
412367,0.12
412368,0.12
412370,0.19
412372,0.22
412377,0.25
412380,0.07
412382,0.08
412391,0.09
412393,0.16
412411,0.26
412412,0.27
412415,0.25
412416,0.18
412422,0.22
412428,0.17
412430,0.21
412436,0.16
412447,0.13
412451,0.11
412456,0.17
412470,0.23
412472,0.12
412478,0.04
412487,0.2
412490,0.29
412494,0.18
412516,0.2
412519,0.19
412525,0.22
412527,0.16
412528,0.15
412551,0.15
412552,0.06
412557,0.04
412558,0.12
412559,0.13
412561,0.17
412563,0.06
412564,0.09
412565,0.19
412593,0.15
412598,0.21
412602,0.11
412610,0.16
412611,0.18
412612,0.1
412613,0.07
412621,0.18
412622,0.1
412623,0.14
412624,0.2
412637,0.14
412638,0.2
412639,0.27
412640,0.16
412641,0.06
412642,0.12
412643,0.1
412644,0.15
412651,0.14
412667,0.18
412669,0.26
412686,0.15
412712,0.17
412713,0.11
412714,0.16
412715,0.09
412720,0.19
412728,0.12
412738,0.12
412739,0.21
412740,0.12
412741,0.17
412753,0.05
412754,0.11
412762,0.06
412764,0.17
412765,0.13
412775,0.09
412776,0.09
412777,0.08
412778,0.34
412800,0.04
412801,0.16
412802,0.15
412829,0.15
412854,0.19
412855,0.16
412861,0.2
412862,0.19
412863,0.13
412883,0.14
412884,0.09
412886,0.28
412898,0.16
412899,0.13
412900,0.06
412922,0.17
412941,0.07
412959,0.07
412967,0.09
412980,0.15
412997,0.08
413016,0.1
413017,0.25
413027,0.1
413034,0.2
413038,0.22
413054,0.08
413059,0.12
413065,0.05
413073,0.13
413075,0.38
413081,0.15
413089,0.3
413091,0.1
413094,0.15
413104,0.08
413107,0.23
413110,0.3
413113,0.15
413117,0.05
413124,0.09
413126,0.14
413137,0.08
413145,0.05
413146,0.19
413147,0.18
413150,0.12
413159,0.23
413160,0.18
413172,0.25
413179,0.07
413181,0.11
413185,0.22
413188,0.24
413197,0.11
413208,0.19
413215,0.17
413216,0.11
413219,0.06
413232,0.05
413237,0.09
413243,0.21
413249,0.1
413262,0.07
413263,0.12
413271,0.18
413274,0.11
413280,0.17
413296,0.21
413299,0.2
413303,0.06
413320,0.18
413324,0.17
413325,0.16
413335,0.14
413341,0.2
413342,0.09
413351,0.23
413352,0.04
413359,0.13
413373,0.15
413374,0.16
413375,0.11
413376,0.22
413377,0.18
413383,0.17
413384,0.19
413392,0.16
413393,0.24
413395,0.14
413424,0.19
413425,0.13
413457,0.14
413458,0.06
413459,0.17
413460,0.09
413465,0.11
413466,0.19
413467,0.13
413468,0.1
413475,0.2
413476,0.11
413477,0.17
413478,0.2
413479,0.06
413489,0.23
413491,0.19
413492,0.14
413493,0.18
413494,0.15
413495,0.12
413498,0.17
413499,0.17
413545,0.14
413549,0.13
413550,0.13
413551,0.11
413552,0.26
413553,0.16
413554,0.09
413558,0.3
413559,0.32
413562,0.12
413563,0.11
413564,0.07
413592,0.08
413593,0.04
413594,0.08
413595,0.12
413596,0.13
413597,0.13
413604,0.11
413605,0.15
413606,0.1
413607,0.13
413616,0.28
413617,0.13
413618,0.16
413625,0.19
413626,0.25
413627,0.13
413628,0.15
413629,0.16
413630,0.1
413631,0.17
413632,0.12
413633,0.18
413634,0.19
413635,0.27
413636,0.14
413644,0.12
413645,0.11
413646,0.1
413683,0.18
413685,0.08
413686,0.25
413690,0.09
413691,0.06
413692,0.17
413693,0.12
413694,0.15
413695,0.14
413696,0.08
413702,0.12
413707,0.14
413708,0.26
413709,0.16
413730,0.14
413731,0.2
413732,0.08
413733,0.11
413734,0.17
413736,0.11
413748,0.09
413749,0.2
413751,0.35
413752,0.14
413754,0.08
413755,0.28
413756,0.14
413757,0.1
413758,0.28
413759,0.09
413760,0.16
413764,0.06
413765,0.13
413766,0.09
413767,0.19
413768,0.11
413769,0.12
413770,0.07
413776,0.06
413777,0.09
413778,0.06
413797,0.14
413824,0.09
413828,0.19
413831,0.12
413834,0.11
413841,0.11
413848,0.19
413850,0.13
413851,0.11
413857,0.05
413860,0.11
413867,0.08
413868,0.25
413871,0.14
413878,0.08
413882,0.1
413885,0.13
413886,0.17
413892,0.2
413896,0.31
413897,0.19
413917,0.16
413921,0.07
413934,0.26
413941,0.07
413953,0.06
413958,0.2
413967,0.18
413971,0.12
413975,0.14
413978,0.11
413983,0.23
413984,0.12
413989,0.12
413992,0.12
414001,0.1
414002,0.13
414003,0.13
414007,0.2
414008,0.2
414016,0.28
414022,0.07
414026,0.26
414041,0.14
414042,0.22
414045,0.18
414047,0.19
414050,0.26
414061,0.1
414068,0.18
414076,0.07
414093,0.14
414102,0.13
414109,0.11
414117,0.14
414144,0.15
414149,0.08
414160,0.15
414166,0.42
414171,0.25
414172,0.18
414183,0.13
414186,0.11
414192,0.16
414194,0.19
414203,0.31
414206,0.11
414207,0.07
414229,0.1
414231,0.09
414248,0.13
414251,0.04
414252,0.16
414253,0.3
414254,0.19
414255,0.13
414262,0.14
414265,0.23
414266,0.11
414267,0.07
414269,0.1
414270,0.18
414271,0.09
414272,0.13
414273,0.14
414275,0.1
414323,0.27
414324,0.19
414328,0.13
414329,0.1
414333,0.1
414341,0.13
414357,0.12
414358,0.13
414359,0.06
414362,0.12
414363,0.1
414368,0.12
414372,0.1
414375,0.07
414376,0.06
414382,0.14
414383,0.11
414480,0.18
414481,0.2
414484,0.28
414485,0.14
414486,0.13
414487,0.17
414488,0.13
414489,0.08
414492,0.15
414493,0.14
414497,0.11
414501,0.15
414543,0.19
414544,0.17
414559,0.15
414560,0.12
414561,0.11
414573,0.12
414574,0.11
414575,0.16
414577,0.05
414584,0.34
414585,0.09
414586,0.17
414590,0.11
414591,0.08
414593,0.21
414597,0.13
414598,0.28
414621,0.14
414635,0.28
414639,0.17
414640,0.13
414648,0.12
414656,0.17
414659,0.19
414660,0.07
414663,0.11
414683,0.08
414691,0.22
414700,0.15
414705,0.02
414708,0.1
414711,0.16
414712,0.06
414716,0.12
414720,0.12
414733,0.11
414740,0.1
414748,0.2
414767,0.18
414771,0.25
414779,0.11
414785,0.21
414787,0.12
414793,0.07
414816,0.04
414830,0.24
414831,0.29
414859,0.1
414864,0.04
414867,0.11
414871,0.09
414879,0.23
414892,0.18
414895,0.06
414911,0.17
414915,0.15
414922,0.06
414939,0.1
414945,0.1
414960,0.11
414969,0.06
414973,0.12
414979,0.13
414985,0.12
414992,0.12
414996,0.1
415000,0.11
415001,0.19
415005,0.05
415024,0.17
415038,0.13
415041,0.29
415049,0.19
415055,0.13
415061,0.23
415064,0.2
415069,0.12
415070,0.12
415071,0.06
415072,0.09
415074,0.14
415078,0.22
415079,0.09
415080,0.16
415081,0.22
415082,0.19
415085,0.14
415086,0.17
415089,0.22
415090,0.21
415091,0.08
415092,0.18
415095,0.1
415100,0.31
415101,0.13
415102,0.2
415103,0.07
415104,0.09
415106,0.18
415107,0.18
415108,0.22
415109,0.29
415110,0.13
415111,0.06
415113,0.06
415114,0.11
415115,0.19
415116,0.14
415117,0.05
415118,0.22
415119,0.37
415120,0.16
415121,0.27
415122,0.33
415123,0.1
415124,0.23
415126,0.19
415152,0.09
415205,0.26
415209,0.1
415326,0.11
415409,0.1
415414,0.12
415430,0.11
415466,0.17
415467,0.15
415473,0.11
415474,0.11
415479,0.12
415480,0.08
415486,0.08
415488,0.18
415489,0.12
415490,0.17
415493,0.11
415494,0.21
415497,0.12
415498,0.21
415499,0.11
415505,0.08
415506,0.14
415509,0.05
415511,0.13
415514,0.08
415517,0.15
415519,0.2
415521,0.29
415522,0.12
415523,0.1
415525,0.2
415527,0.14
415529,0.09
415531,0.21
415533,0.18
415534,0.07
415536,0.12
415537,0.2
415539,0.09
415540,0.11
415541,0.25
415542,0.26
415543,0.06
415544,0.09
415545,0.11
415546,0.24
415547,0.18
415548,0.12
415549,0.07
415550,0.15
415652,0.12
415654,0.08
415686,0.15
415687,0.19
415695,0.09
415698,0.17
415701,0.18
415705,0.15
415707,0.08
415709,0.13
415712,0.14
415718,0.1
415724,0.13
415729,0.13
415730,0.16
415731,0.07
415733,0.11
415736,0.09
415737,0.1
415738,0.27
415741,0.05
415742,0.16
415743,0.14
415744,0.11
415745,0.12
415746,0.17
415747,0.19
415749,0.12
415750,0.13
415751,0.19
415752,0.09
415753,0.24
415754,0.12
415755,0.12
415756,0.25
415757,0.17
415850,0.17
415874,0.07
415930,0.17
415962,0.26
415994,0.17
415995,0.18
416088,0.15
416129,0.23
416228,0.15
416229,0.16
416239,0.18
416243,0.13
416245,0.16
416253,0.12
416263,0.16
416264,0.22
416265,0.12
416269,0.28
416272,0.15
416273,0.08
416274,0.22
416275,0.09
416276,0.15
416277,0.09
416278,0.19
416280,0.15
416283,0.09
416287,0.15
416288,0.15
416291,0.16
416292,0.15
416294,0.19
416295,0.18
416296,0.11
416300,0.09
416301,0.14
416302,0.19
416303,0.13
416305,0.15
416306,0.12
416307,0.09
416309,0.12
416310,0.25
416311,0.19
416312,0.13
416313,0.33
416314,0.18
416315,0.16
416316,0.15
416426,0.11
416435,0.1
416444,0.15
416477,0.18
416484,0.12
416488,0.18
416502,0.12
416542,0.22
416582,0.12
416647,0.17
416658,0.08
416659,0.1
416675,0.14
416676,0.22
416696,0.27
416721,0.15
416729,0.11
416743,0.2
416744,0.15
416761,0.07
416793,0.15
416826,0.05
416848,0.14
416850,0.19
416860,0.32
416861,0.27
416862,0.08
416865,0.14
416870,0.19
416871,0.18
416872,0.13
416874,0.12
416877,0.1
416879,0.06
416881,0.18
416882,0.12
416883,0.14
416884,0.1
416885,0.18
416886,0.23
416887,0.12
416888,0.15
416890,0.1
416893,0.13
416894,0.16
416895,0.17
416896,0.08
416897,0.12
416899,0.18
416900,0.13
416901,0.15
416902,0.06
416903,0.03
417043,0.15
417159,0.15
417182,0.12
417183,0.12
417187,0.15
417209,0.02
417226,0.24
417228,0.23
417232,0.14
417234,0.04
417241,0.16
417245,0.08
417246,0.06
417247,0.2
417250,0.3
417251,0.12
417253,0.15
417254,0.16
417255,0.1
417256,0.25
417257,0.18
417258,0.2
417259,0.07
417260,0.2
417261,0.1
417263,0.2
417264,0.14
417265,0.15
417266,0.17
417267,0.08
417268,0.09
417338,0.13
417342,0.16
417349,0.12
417382,0.12
417388,0.08
417389,0.18
417393,0.18
417395,0.21
417397,0.12
417398,0.07
417401,0.14
417403,0.25
417406,0.12
417407,0.21
417408,0.19
417409,0.09
417411,0.17
417412,0.14
417414,0.13
417416,0.21
417417,0.1
417420,0.15
417421,0.2
417422,0.25
417423,0.11
417426,0.12
417427,0.12
417428,0.15
417429,0.1
417430,0.16
417431,0.17
417432,0.19
417433,0.13
417435,0.14
417436,0.12
417438,0.2
417439,0.07
417440,0.13
417441,0.12
417442,0.19
417443,0.16
417444,0.11
417445,0.19
417446,0.16
417447,0.11
417448,0.12
417449,0.25
417450,0.14
417451,0.27
417452,0.15
417453,0.25
417454,0.11
417455,0.21
417456,0.16
417457,0.11
417513,0.05
417544,0.37
417555,0.13
417567,0.15
417612,0.1
417625,0.1
417626,0.11
417627,0.21
417648,0.1
417735,0.14
417736,0.17
417749,0.16
417778,0.12
417863,0.04
417893,0.05
417895,0.18
417903,0.16
417910,0.12
417915,0.25
417925,0.16
417927,0.08
417940,0.17
417949,0.15
417950,0.06
417952,0.1
417956,0.15
417969,0.12
417970,0.13
417974,0.21
417975,0.12
417976,0.19
417980,0.1
417982,0.16
417983,0.08
417987,0.12
417988,0.3
417989,0.1
417990,0.32
417993,0.12
417994,0.18
417995,0.06
417996,0.24
417997,0.17
417998,0.26
417999,0.1
418000,0.16
418001,0.17
418002,0.12
418003,0.21
418004,0.13
418005,0.11
418006,0.08
418009,0.26
418011,0.18
418012,0.09
418013,0.27
418014,0.28
418015,0.16
418029,0.17
418030,0.14
418132,0.17
418217,0.17
418222,0.04
418237,0.1
418272,0.18
418343,0.14
418344,0.11
418345,0.18
418386,0.17
418387,0.07
418402,0.13
418436,0.06
418456,0.15
418458,0.14
418460,0.1
418487,0.08
418514,0.18
418519,0.12
418532,0.1
418539,0.06
418549,0.07
418555,0.04
418556,0.21
418558,0.17
418559,0.13
418562,0.1
418568,0.31
418576,0.11
418578,0.14
418580,0.11
418581,0.11
418582,0.14
418584,0.11
418585,0.13
418587,0.21
418591,0.12
418592,0.09
418593,0.13
418595,0.07
418596,0.24
418597,0.09
418598,0.13
418599,0.09
418600,0.12
418601,0.27
418602,0.26
418603,0.18
418604,0.11
418606,0.35
418607,0.06
418608,0.08
418609,0.13
418610,0.12
418611,0.24
418612,0.12
418613,0.15
418614,0.21
418615,0.07
418616,0.08
418618,0.2
418651,0.13
418652,0.1
418653,0.14
418658,0.2
418692,0.26
418749,0.31
418820,0.3
418843,0.09
418863,0.1
418915,0.16
418938,0.28
418957,0.14
419024,0.24
419061,0.09
419063,0.17
419076,0.18
419093,0.07
419131,0.17
419132,0.09
419138,0.11
419139,0.19
419141,0.13
419142,0.14
419143,0.17
419145,0.06
419149,0.22
419151,0.17
419152,0.12
419153,0.1
419154,0.13
419155,0.09
419156,0.14
419157,0.17
419158,0.47
419159,0.2
419162,0.16
419163,0.13
419165,0.38
419168,0.2
419169,0.11
419170,0.1
419171,0.19
419172,0.12
419173,0.11
419174,0.21
419175,0.17
419176,0.21
419177,0.18
419178,0.25
419270,0.24
419305,0.23
419330,0.12
419485,0.19
419491,0.13
419499,0.15
419513,0.23
419514,0.18
419535,0.08
419538,0.09
419582,0.22
419601,0.09
419611,0.16
419644,0.28
419648,0.18
419649,0.1
419656,0.11
419671,0.09
419677,0.18
419685,0.21
419688,0.1
419689,0.16
419690,0.14
419691,0.2
419698,0.2
419699,0.15
419701,0.21
419703,0.26
419704,0.21
419705,0.18
419746,0.26
419750,0.16
419767,0.14
419775,0.09
419783,0.19
419787,0.23
419788,0.18
419790,0.12
419791,0.17
419792,0.08
419794,0.13
419795,0.22
419797,0.1
419798,0.11
419799,0.1
419804,0.15
419805,0.29
419806,0.13
419808,0.14
419810,0.13
419811,0.08
419812,0.33
419815,0.26
419816,0.13
419817,0.04
419818,0.2
419820,0.07
419821,0.14
419824,0.17
419825,0.14
419826,0.2
419827,0.08
419828,0.11
419829,0.09
419830,0.28
419831,0.08
419832,0.22
419833,0.13
419834,0.15
419835,0.13
419836,0.11
419837,0.21
419838,0.13
419839,0.15
419840,0.11
419841,0.21
419842,0.26
419843,0.22
419913,0.25
419916,0.19
419955,0.12
419956,0.17
419992,0.17
420150,0.11
420160,0.22
420190,0.1
420195,0.18
420204,0.11
420207,0.08
420210,0.15
420214,0.12
420218,0.08
420219,0.15
420220,0.16
420242,0.15
420249,0.06
420254,0.11
420255,0.09
420258,0.19
420260,0.1
420263,0.17
420265,0.08
420271,0.09
420273,0.16
420274,0.16
420275,0.13
420277,0.09
420278,0.18
420279,0.17
420280,0.18
420281,0.11
420283,0.14
420284,0.2
420285,0.13
420286,0.18
420287,0.13
420288,0.1
420290,0.09
420291,0.05
420293,0.12
420294,0.11
420295,0.08
420296,0.1
420297,0.23
420298,0.15
420299,0.15
420300,0.15
420344,0.08
420345,0.26
420347,0.17
420348,0.23
420349,0.13
420350,0.09
420351,0.1
420352,0.17
420353,0.08
420354,0.2
420355,0.15
420356,0.22
420357,0.05
420358,0.26
420359,0.14
420360,0.09
420361,0.15
420362,0.17
420363,0.11
420364,0.14
420365,0.19
420366,0.23
420383,0.11
420436,0.24
420446,0.1
420554,0.14
420565,0.08
420569,0.14
420573,0.11
420574,0.13
420587,0.2
420589,0.2
420593,0.15
420594,0.08
420595,0.18
420598,0.15
420601,0.14
420602,0.28
420603,0.07
420607,0.1
420611,0.13
420613,0.15
420614,0.19
420615,0.26
420616,0.11
420617,0.17
420618,0.19
420619,0.19
420620,0.08
420621,0.14
420622,0.1
420623,0.16
420624,0.15
420625,0.19
420626,0.23
420627,0.15
420628,0.14
420629,0.13
420631,0.11
420633,0.08
420634,0.13
420635,0.17
420636,0.1
420637,0.18
420662,0.11
420727,0.12
420728,0.09
420733,0.26
420787,0.15
420789,0.1
420792,0.24
420797,0.21
420814,0.1
420833,0.18
420839,0.06
420841,0.11
420843,0.09
420844,0.14
420847,0.22
420849,0.15
420851,0.14
420853,0.11
420854,0.19
420855,0.1
420856,0.08
420857,0.15
420858,0.16
420859,0.15
420860,0.36
420861,0.16
420862,0.18
420863,0.15
420864,0.21
420866,0.19
420867,0.15
420868,0.12
420869,0.22
420870,0.14
420871,0.15
420872,0.17
420873,0.11
420874,0.08
420875,0.17
420876,0.11
420878,0.06
420879,0.19
420880,0.12
420881,0.17
420882,0.14
420883,0.23
420884,0.2
420885,0.08
420886,0.07
420887,0.18
420888,0.14
420905,0.08
421015,0.1
421200,0.2
421269,0.08
421272,0.15
421290,0.2
421323,0.28
421342,0.06
421349,0.14
421355,0.1
421356,0.12
421363,0.16
421365,0.26
421381,0.16
421383,0.12
421386,0.27
421394,0.04
421395,0.25
421399,0.17
421431,0.27
421467,0.27
421554,0.16
421557,0.13
421558,0.12
421562,0.2
421614,0.31
421690,0.1
421758,0.34
421776,0.16
421827,0.24
421828,0.2
421829,0.16
421848,0.11
421862,0.06
421863,0.1
421868,0.14
421884,0.13
421921,0.22
421924,0.25
421958,0.18
421961,0.09
421964,0.05
421968,0.05
421974,0.24
421975,0.12
421977,0.13
421978,0.3
421979,0.06
421980,0.18
421982,0.13
421985,0.12
421986,0.13
421987,0.09
421988,0.15
421989,0.09
421990,0.15
421991,0.09
421993,0.11
421994,0.16
421996,0.45
421997,0.14
421998,0.14
421999,0.25
422000,0.14
422001,0.1
422002,0.13
422004,0.2
422005,0.14
422007,0.18
422008,0.1
422010,0.11
422011,0.06
422012,0.14
422014,0.18
422015,0.14
422016,0.14
422017,0.06
422018,0.1
422019,0.16
422039,0.07
422041,0.13
422042,0.07
422043,0.16
422044,0.14
422045,0.08
422047,0.21
422048,0.11
422049,0.16
422050,0.2
422051,0.17
422053,0.12
422054,0.11
422055,0.17
422056,0.09
422057,0.12
422058,0.21
422059,0.19
422060,0.1
422063,0.17
422064,0.05
422065,0.2
422066,0.12
422067,0.1
422068,0.04
422069,0.08
422070,0.13
422071,0.11
422072,0.09
422074,0.27
422152,0.11
422210,0.23
422227,0.31
422308,0.15
422339,0.15
422368,0.1
422391,0.17
422407,0.16
422485,0.06
422491,0.14
422506,0.17
422508,0.24
422512,0.1
422513,0.15
422514,0.13
422518,0.06
422519,0.1
422523,0.13
422524,0.15
422525,0.08
422526,0.09
422527,0.14
422531,0.26
422533,0.09
422534,0.1
422536,0.16
422537,0.14
422538,0.23
422540,0.11
422541,0.37
422543,0.15
422544,0.14
422545,0.15
422546,0.08
422547,0.15
422548,0.11
422549,0.14
422550,0.17
422551,0.13
422552,0.14
422553,0.12
422554,0.17
422555,0.25
422556,0.07
422639,0.06
422667,0.24
422734,0.14
422748,0.1
422749,0.24
422796,0.15
422810,0.15
422839,0.15
422850,0.17
422891,0.14
422940,0.2
422962,0.11
422964,0.21
423009,0.18
423022,0.07
423041,0.16
423046,0.09
423052,0.08
423055,0.14
423061,0.16
423075,0.07
423076,0.11
423077,0.16
423081,0.27
423083,0.19
423087,0.13
423089,0.09
423091,0.09
423098,0.09
423105,0.19
423106,0.1
423107,0.14
423114,0.18
423116,0.13
423120,0.1
423121,0.14
423125,0.19
423132,0.13
423133,0.09
423134,0.32
423135,0.14
423137,0.08
423138,0.06
423139,0.09
423140,0.17
423141,0.15
423143,0.08
423144,0.05
423145,0.16
423146,0.16
423147,0.16
423148,0.18
423149,0.06
423150,0.06
423151,0.12
423152,0.04
423153,0.25
423154,0.17
423155,0.07
423156,0.13
423157,0.1
423158,0.1
423159,0.17
423228,0.18
423237,0.2
423386,0.32
423416,0.35
423417,0.3
423489,0.19
423503,0.23
423522,0.12
423571,0.17
423574,0.07
423580,0.2
423621,0.16
423622,0.18
423624,0.1
423629,0.12
423631,0.17
423648,0.16
423651,0.2
423652,0.15
423658,0.23
423663,0.08
423664,0.1
423665,0.21
423668,0.21
423670,0.12
423671,0.21
423672,0.11
423679,0.09
423681,0.13
423687,0.19
423688,0.23
423690,0.12
423691,0.04
423693,0.13
423696,0.04
423698,0.19
423699,0.22
423700,0.13
423701,0.16
423702,0.11
423703,0.1
423704,0.13
423706,0.12
423707,0.09
423708,0.11
423709,0.16
423710,0.14
423711,0.12
423712,0.2
423713,0.15
423714,0.4
423715,0.1
423717,0.19
423718,0.09
423719,0.09
423720,0.12
423721,0.13
423722,0.1
423723,0.16
423724,0.05
423726,0.14
423730,0.12
423734,0.12
423735,0.15
423736,0.18
423737,0.13
423738,0.2
423739,0.16
423740,0.09
423741,0.12
423742,0.11
423743,0.19
423746,0.13
423747,0.06
423748,0.27
423749,0.15
423750,0.26
423751,0.11
423752,0.09
423753,0.25
423754,0.1
423755,0.09
423756,0.11
423800,0.13
423894,0.08
423938,0.18
423939,0.13
423940,0.15
423947,0.09
423957,0.29
423959,0.16
423966,0.31
423968,0.11
423972,0.14
423978,0.08
423979,0.11
423982,0.22
423983,0.25
423986,0.09
423990,0.16
423993,0.03
423994,0.12
423996,0.13
423998,0.17
423999,0.1
424000,0.04
424001,0.14
424002,0.19
424003,0.15
424004,0.16
424005,0.13
424006,0.17
424007,0.17
424008,0.17
424009,0.07
424010,0.24
424011,0.19
424012,0.13
424013,0.14
424014,0.23
424015,0.11
424016,0.11
424161,0.15
424189,0.19
424192,0.09
424198,0.15
424202,0.13
424203,0.09
424207,0.3
424208,0.13
424211,0.14
424214,0.17
424215,0.11
424216,0.1
424220,0.2
424222,0.18
424223,0.16
424232,0.19
424234,0.06
424235,0.09
424236,0.12
424241,0.05
424244,0.15
424245,0.23
424246,0.09
424248,0.22
424249,0.24
424251,0.16
424252,0.2
424253,0.11
424254,0.22
424255,0.17
424256,0.15
424257,0.11
424258,0.16
424259,0.12
424260,0.13
424261,0.09
424262,0.14
424264,0.09
424265,0.16
424266,0.23
424267,0.09
424268,0.09
424270,0.2
424271,0.2
424272,0.07
424273,0.19
424274,0.15
424275,0.1
424320,0.3
424354,0.15
424359,0.08
424360,0.15
424361,0.24
424362,0.17
424363,0.05
424364,0.14
424365,0.11
424491,0.14
424576,0.17
424639,0.14
424640,0.1
424653,0.18
424672,0.15
424708,0.17
424724,0.16
424725,0.16
424734,0.22
424755,0.17
424758,0.11
424765,0.18
424770,0.07
424773,0.16
424780,0.07
424784,0.18
424791,0.13
424797,0.19
424800,0.08
424807,0.05
424809,0.12
424812,0.14
424813,0.13
424816,0.08
424817,0.1
424820,0.13
424822,0.18
424823,0.14
424825,0.19
424826,0.22
424827,0.09
424828,0.22
424830,0.04
424831,0.05
424832,0.31
424833,0.13
424834,0.21
424835,0.2
424836,0.17
424837,0.27
424838,0.17
424839,0.16
424840,0.11
424841,0.27
424843,0.12
424845,0.13
424846,0.07
424847,0.11
424848,0.16
424849,0.22
424850,0.28
424851,0.12
424852,0.13
424853,0.14
424854,0.17
424856,0.14
424857,0.11
424947,0.22
425037,0.17
425039,0.18
425096,0.19
425107,0.09
425156,0.13
425191,0.11
425192,0.17
425230,0.14
425231,0.11
425237,0.12
425281,0.23
425301,0.09
425306,0.16
425312,0.21
425313,0.06
425317,0.11
425326,0.11
425330,0.08
425336,0.22
425338,0.21
425343,0.17
425345,0.16
425360,0.05
425364,0.1
425368,0.14
425369,0.12
425371,0.22
425372,0.07
425373,0.24
425374,0.13
425376,0.12
425379,0.19
425380,0.13
425381,0.08
425382,0.07
425383,0.11
425384,0.15
425385,0.12
425388,0.17
425389,0.13
425390,0.09
425391,0.21
425392,0.09
425394,0.26
425395,0.16
425396,0.16
425397,0.06
425398,0.08
425399,0.1
425400,0.1
425403,0.16
425404,0.19
425405,0.09
425406,0.12
425407,0.19
425408,0.11
425409,0.1
425411,0.16
425412,0.21
425413,0.22
425414,0.16
425415,0.13
425416,0.13
425418,0.13
425419,0.11
425423,0.13
425424,0.07
425425,0.29
425426,0.18
425429,0.17
425430,0.11
425431,0.14
425432,0.08
425433,0.16
425434,0.17
425435,0.22
425437,0.17
425438,0.06
425439,0.15
425440,0.14
425441,0.22
425442,0.25
425444,0.3
425446,0.14
425447,0.17
425448,0.12
425449,0.15
425450,0.17
425451,0.09
425453,0.29
425454,0.16
425455,0.15
425456,0.16
425457,0.25
425458,0.08
425459,0.21
425460,0.07
425461,0.15
425462,0.12
425511,0.11
425601,0.1
425810,0.12
425824,0.06
425830,0.18
425835,0.19
425838,0.16
425865,0.11
425877,0.2
425904,0.18
425905,0.06
425906,0.08
425909,0.12
425911,0.17
425913,0.21
425923,0.08
425932,0.22
425938,0.08
425939,0.21
425943,0.17
425944,0.15
425945,0.17
425946,0.14
425948,0.19
425950,0.11
425952,0.15
425954,0.19
425955,0.14
425957,0.15
425958,0.12
425959,0.13
425960,0.23
425961,0.2
425962,0.16
425964,0.18
425965,0.15
425966,0.32
425967,0.17
425968,0.15
425969,0.09
425970,0.17
425971,0.21
425972,0.06
425976,0.14
426050,0.13
426051,0.27
426052,0.1
426053,0.08
426124,0.13
426132,0.09
426154,0.11
426192,0.12
426235,0.15
426297,0.15
426387,0.24
426396,0.09
426436,0.11
426437,0.17
426460,0.1
426466,0.17
426469,0.14
426510,0.16
426617,0.2
426630,0.11
426631,0.08
426650,0.16
426688,0.14
426691,0.11
426855,0.11
426873,0.17
426890,0.19
426891,0.12
426895,0.17
426928,0.27
426929,0.06
426955,0.11
426957,0.14
427007,0.22
427009,0.15
427021,0.14
427023,0.08
427032,0.08
427036,0.19
427040,0.19
427041,0.12
427042,0.2
427044,0.11
427048,0.15
427050,0.19
427054,0.12
427057,0.08
427058,0.09
427059,0.16
427060,0.18
427062,0.08
427063,0.23
427064,0.11
427065,0.13
427067,0.27
427069,0.11
427070,0.09
427071,0.27
427072,0.1
427073,0.13
427074,0.12
427075,0.11
427076,0.14
427077,0.15
427078,0.14
427079,0.11
427080,0.15
427081,0.15
427082,0.12
427088,0.12
427109,0.1
427110,0.12
427111,0.15
427114,0.22
427115,0.25
427120,0.13
427121,0.18
427122,0.25
427125,0.05
427126,0.12
427127,0.08
427128,0.1
427129,0.13
427130,0.32
427131,0.09
427132,0.09
427133,0.11
427134,0.14
427135,0.18
427137,0.18
427138,0.13
427139,0.06
427140,0.29
427142,0.14
427143,0.17
427144,0.13
427145,0.1
427146,0.22
427147,0.15
427148,0.11
427149,0.23
427150,0.17
427151,0.08
427152,0.11
427153,0.17
427154,0.37
427155,0.18
427156,0.1
427157,0.17
427158,0.13
427159,0.09
427160,0.18
427161,0.19
427162,0.36
427163,0.16
427164,0.15
427165,0.16
427254,0.12
427263,0.1
427324,0.2
427330,0.32
427379,0.17
427465,0.07
427485,0.15
427489,0.05
427505,0.12
427567,0.18
427575,0.26
427578,0.21
427589,0.33
427612,0.11
427615,0.07
427618,0.12
427620,0.14
427622,0.14
427627,0.07
427628,0.1
427632,0.07
427634,0.06
427635,0.17
427637,0.2
427639,0.29
427640,0.11
427641,0.09
427642,0.27
427643,0.27
427645,0.18
427646,0.15
427647,0.08
427649,0.15
427650,0.16
427652,0.17
427653,0.23
427654,0.19
427655,0.15
427656,0.1
427657,0.13
427658,0.26
427659,0.13
427660,0.13
427661,0.13
427662,0.08
427663,0.17
427664,0.17
427665,0.07
427666,0.1
427667,0.15
427668,0.28
427669,0.16
427671,0.32
427672,0.18
427673,0.13
427676,0.11
427677,0.08
427703,0.18
427738,0.14
427809,0.21
427881,0.1
427949,0.13
427985,0.23
428047,0.19
428054,0.36
428080,0.21
428143,0.27
428162,0.27
428166,0.12
428187,0.1
428188,0.1
428189,0.1
428195,0.1
428196,0.13
428198,0.09
428200,0.11
428201,0.12
428204,0.28
428206,0.23
428207,0.28
428208,0.19
428210,0.11
428211,0.12
428212,0.19
428213,0.2
428215,0.11
428217,0.15
428218,0.2
428219,0.19
428220,0.17
428222,0.27
428223,0.11
428224,0.12
428225,0.09
428227,0.08
428228,0.27
428229,0.27
428230,0.25
428231,0.11
428232,0.11
428233,0.07
428234,0.15
428235,0.31
428236,0.05
428237,0.18
428238,0.16
428240,0.15
428241,0.13
428242,0.11
428243,0.23
428244,0.18
428311,0.16
428312,0.06
428313,0.19
428314,0.15
428409,0.1
428416,0.22
428423,0.17
428424,0.13
428463,0.21
428485,0.24
428517,0.13
428518,0.24
428561,0.05
428565,0.13
428590,0.12
428597,0.12
428614,0.14
428616,0.29
428621,0.16
428626,0.24
428629,0.11
428636,0.2
428647,0.13
428654,0.1
428659,0.14
428686,0.16
428690,0.15
428701,0.12
428708,0.2
428714,0.2
428722,0.16
428729,0.17
428745,0.08
428751,0.09
428757,0.16
428764,0.12
428774,0.1
428778,0.12
428783,0.1
428789,0.22
428797,0.16
428799,0.08
428801,0.47
428804,0.18
428806,0.1
428813,0.09
428816,0.16
428821,0.18
428832,0.24
428839,0.13
428842,0.18
428850,0.14
428859,0.14
428871,0.08
428907,0.2
428913,0.12
428920,0.27
428924,0.16
428928,0.18
428930,0.1
428933,0.12
428938,0.14
428944,0.18
428948,0.1
428963,0.03
428975,0.18
428979,0.14
428982,0.34
428984,0.21
428987,0.16
429015,0.1
429018,0.2
429028,0.08
429035,0.25
429037,0.06
429042,0.14
429055,0.06
429066,0.23
429067,0.26
429069,0.14
429077,0.18
429078,0.14
429083,0.11
429091,0.15
429093,0.09
429094,0.08
429103,0.14
429109,0.21
429121,0.22
429129,0.1
429134,0.12
429138,0.06
429164,0.1
429173,0.1
429182,0.12
429190,0.11
429199,0.05
429219,0.18
429224,0.11
429226,0.21
429230,0.08
429239,0.04
429243,0.09
429256,0.21
429266,0.06
429269,0.17
429294,0.09
429295,0.24
429297,0.26
429299,0.1
429302,0.14
429305,0.17
429308,0.11
429314,0.15
429318,0.18
429348,0.17
429356,0.42
429359,0.16
429372,0.18
429373,0.21
429384,0.14
429385,0.11
429398,0.13
429405,0.11
429407,0.07
429408,0.12
429412,0.11
429414,0.17
429415,0.11
429421,0.16
429422,0.14
429430,0.19
429432,0.09
429440,0.13
429442,0.25
429451,0.43
429459,0.13
429469,0.14
429471,0.08
429482,0.11
429483,0.24
429491,0.14
429493,0.16
429496,0.17
429498,0.07
429501,0.2
429502,0.18
429508,0.15
429509,0.1
429511,0.17
429528,0.15
429531,0.23
429539,0.17
429549,0.22
429555,0.15
429557,0.13
429567,0.2
429570,0.14
429576,0.08
429590,0.11
429591,0.35
429597,0.12
429600,0.3
429602,0.14
429604,0.11
429623,0.09
429625,0.15
429626,0.09
429628,0.12
429634,0.17
429637,0.18
429666,0.1
429667,0.1
429670,0.09
429673,0.08
429678,0.06
429693,0.09
429702,0.11
429708,0.08
429737,0.1
429739,0.15
429740,0.13
429750,0.16
429770,0.24
429774,0.12
429777,0.1
429780,0.09
429809,0.25
429810,0.09
429831,0.12
429835,0.16
429838,0.16
429846,0.22
429851,0.05
429852,0.22
429856,0.09
429857,0.1
429866,0.4
429871,0.13
429873,0.23
429879,0.15
429882,0.08
429885,0.05
429890,0.21
429897,0.07
429933,0.13
429936,0.12
429948,0.13
429952,0.19
429967,0.11
429982,0.09
429989,0.12
430000,0.15
430003,0.14
430011,0.13
430019,0.13
430035,0.09
430042,0.27
430047,0.16
430048,0.08
430059,0.14
430060,0.21
430077,0.17
430080,0.07
430083,0.31
430086,0.17
430090,0.25
430103,0.14
430107,0.14
430114,0.05
430116,0.12
430124,0.14
430129,0.13
430132,0.19
430146,0.13
430155,0.13
430156,0.13
430160,0.14
430168,0.1
430170,0.18
430176,0.12
430177,0.32
430186,0.21
430187,0.21
430195,0.05
430198,0.26
430204,0.18
430210,0.23
430211,0.36
430213,0.06
430216,0.24
430217,0.13
430227,0.05
430253,0.11
430266,0.24
430274,0.12
430280,0.17
430300,0.12
430301,0.08
430309,0.2
430313,0.09
430316,0.15
430319,0.2
430332,0.14
430346,0.09
430357,0.16
430359,0.16
430368,0.14
430376,0.16
430383,0.17
430389,0.21
430393,0.25
430394,0.08
430404,0.13
430405,0.14
430407,0.22
430433,0.16
430445,0.14
430446,0.12
430451,0.14
430452,0.13
430459,0.13
430466,0.13
430467,0.08
430473,0.24
430477,0.17
430483,0.24
430512,0.1
430521,0.15
430524,0.14
430529,0.12
430533,0.14
430536,0.21
430538,0.15
430540,0.31
430548,0.15
430549,0.14
430550,0.12
430566,0.18
430574,0.09
430576,0.22
430582,0.08
430585,0.16
430625,0.11
430627,0.14
430629,0.08
430637,0.16
430639,0.11
430641,0.2
430656,0.11
430659,0.08
430661,0.12
430671,0.06
430672,0.24
430673,0.14
430674,0.17
430676,0.1
430691,0.11
430698,0.14
430699,0.28
430708,0.21
430719,0.12
430726,0.04
430728,0.27
430730,0.17
430731,0.15
430732,0.1
430738,0.15
430770,0.24
430782,0.29
430785,0.15
430786,0.12
430806,0.31
430818,0.32
430819,0.14
430820,0.21
430835,0.1
430836,0.14
430837,0.11
430838,0.09
430839,0.1
430847,0.28
430853,0.19
430856,0.17
430876,0.15
430886,0.11
430887,0.12
430889,0.13
430927,0.15
430931,0.22
430939,0.12
430942,0.14
430949,0.1
430957,0.04
430960,0.09
430961,0.08
430962,0.26
430973,0.1
430975,0.11
430976,0.08
430981,0.08
430992,0.13
431007,0.25
431010,0.12
431013,0.1
431023,0.07
431027,0.2
431044,0.12
431056,0.05
431058,0.15
431065,0.08
431077,0.22
431080,0.19
431082,0.08
431088,0.12
431095,0.16
431100,0.12
431106,0.16
431107,0.23
431110,0.16
431114,0.18
431138,0.11
431144,0.12
431162,0.16
431170,0.28
431171,0.03
431176,0.17
431203,0.17
431211,0.04
431212,0.12
431215,0.17
431238,0.42
431241,0.15
431244,0.19
431254,0.2
431263,0.04
431278,0.12
431285,0.24
431286,0.12
431298,0.15
431305,0.04
431315,0.28
431323,0.2
431325,0.16
431334,0.14
431358,0.28
431372,0.1
431373,0.17
431374,0.23
431377,0.14
431386,0.11
431388,0.18
431395,0.08
431396,0.09
431413,0.08
431416,0.11
431418,0.27
431431,0.15
431444,0.14
431449,0.19
431467,0.11
431469,0.09
431479,0.11
431480,0.12
431481,0.25
431488,0.12
431492,0.32
431496,0.13
431497,0.13
431508,0.13
431511,0.17
431517,0.06
431520,0.18
431538,0.17
431540,0.1
431543,0.3
431545,0.08
431560,0.09
431561,0.16
431584,0.25
431591,0.31
431593,0.12
431625,0.2
431630,0.15
431633,0.08
431635,0.18
431649,0.09
431650,0.2
431651,0.07
431652,0.15
431667,0.17
431668,0.39
431672,0.08
431675,0.23
431680,0.3
431682,0.07
431683,0.06
431693,0.15
431697,0.06
431726,0.28
431731,0.15
431732,0.15
431744,0.14
431750,0.07
431755,0.1
431756,0.1
431757,0.14
431765,0.11
431766,0.13
431768,0.19
431770,0.13
431773,0.09
431775,0.17
431777,0.21
431778,0.27
431801,0.25
431807,0.04
431810,0.08
431815,0.11
431816,0.15
431823,0.15
431831,0.11
431837,0.13
431841,0.13
431845,0.09
431854,0.14
431857,0.12
431865,0.07
431866,0.2
431867,0.09
431869,0.12
431889,0.16
431899,0.09
431903,0.3
431909,0.12
431914,0.12
431916,0.14
431918,0.18
431931,0.08
431940,0.11
431948,0.14
431962,0.15
431965,0.06
431974,0.13
431976,0.11
431987,0.21
431988,0.1
431995,0.16
431999,0.18
432003,0.13
432005,0.2
432009,0.17
432011,0.11
432022,0.2
432028,0.15
432030,0.2
432037,0.14
432065,0.12
432070,0.1
432075,0.16
432078,0.15
432080,0.21
432085,0.09
432092,0.11
432111,0.13
432112,0.08
432115,0.12
432117,0.23
432118,0.23
432129,0.21
432132,0.2
432133,0.12
432145,0.22
432146,0.08
432148,0.17
432156,0.13
432167,0.14
432169,0.08
432188,0.1
432192,0.29
432221,0.14
432226,0.16
432231,0.11
432247,0.1
432252,0.12
432254,0.15
432263,0.1
432265,0.1
432271,0.13
432280,0.11
432282,0.08
432284,0.18
432291,0.39
432296,0.17
432298,0.17
432301,0.13
432309,0.07
432312,0.14
432320,0.12
432324,0.1
432330,0.17
432339,0.05
432356,0.09
432357,0.11
432362,0.12
432365,0.03
432366,0.17
432370,0.15
432377,0.26
432384,0.07
432391,0.14
432405,0.11
432406,0.15
432414,0.2
432415,0.06
432417,0.14
432419,0.1
432424,0.08
432425,0.04
432432,0.2
432438,0.15
432441,0.17
432444,0.31
432446,0.28
432452,0.22
432454,0.13
432473,0.3
432482,0.2
432489,0.12
432492,0.24
432495,0.13
432501,0.13
432507,0.13
432509,0.18
432510,0.11
432522,0.11
432525,0.13
432526,0.12
432527,0.26
432532,0.18
432535,0.11
432544,0.05
432547,0.15
432551,0.14
432553,0.12
432555,0.11
432560,0.15
432569,0.19
432577,0.08
432585,0.13
432590,0.05
432591,0.13
432594,0.11
432607,0.09
432608,0.26
432609,0.16
432612,0.22
432613,0.09
432616,0.11
432618,0.32
432622,0.1
432626,0.15
432639,0.13
432640,0.12
432642,0.22
432648,0.12
432653,0.17
432661,0.24
432668,0.16
432682,0.24
432686,0.05
432693,0.11
432695,0.13
432696,0.26
432698,0.1
432699,0.1
432702,0.14
432707,0.12
432712,0.1
432719,0.16
432724,0.09
432728,0.09
432737,0.17
432745,0.22
432746,0.12
432749,0.17
432752,0.06
432758,0.05
432769,0.13
432770,0.18
432771,0.16
432788,0.11
432804,0.09
432807,0.27
432830,0.19
432831,0.16
432842,0.19
432849,0.19
432876,0.22
432886,0.17
432888,0.15
432897,0.14
432918,0.11
432919,0.12
432920,0.09
432921,0.05
432930,0.16
432932,0.08
432943,0.14
432944,0.05
432951,0.08
432952,0.14
432965,0.1
432969,0.1
432981,0.11
432985,0.12
432986,0.11
432988,0.22
432991,0.24
432992,0.1
433002,0.08
433018,0.16
433019,0.14
433021,0.14
433024,0.08
433031,0.09
433035,0.11
433047,0.27
433050,0.1
433051,0.13
433055,0.14
433058,0.14
433069,0.17
433079,0.15
433098,0.12
433099,0.16
433104,0.13
433112,0.06
433117,0.19
433119,0.14
433130,0.1
433132,0.2
433158,0.37
433159,0.07
433162,0.08
433166,0.18
433169,0.12
433173,0.17
433174,0.08
433183,0.39
433184,0.18
433198,0.17
433205,0.2
433221,0.2
433271,0.31
433274,0.15
433276,0.27
433281,0.17
433283,0.15
433296,0.14
433300,0.1
433304,0.14
433308,0.16
433312,0.12
433313,0.14
433319,0.09
433332,0.21
433342,0.1
433343,0.12
433344,0.11
433345,0.11
433347,0.16
433350,0.1
433355,0.28
433356,0.24
433359,0.09
433361,0.1
433363,0.15
433370,0.12
433371,0.14
433374,0.05
433384,0.17
433390,0.11
433392,0.16
433396,0.12
433403,0.17
433405,0.15
433408,0.38
433410,0.24
433411,0.14
433424,0.18
433431,0.13
433432,0.19
433440,0.1
433441,0.18
433451,0.23
433452,0.21
433459,0.1
433463,0.11
433464,0.22
433470,0.19
433480,0.18
433482,0.2
433485,0.18
433494,0.21
433495,0.12
433496,0.03
433505,0.12
433509,0.09
433515,0.16
433518,0.11
433519,0.2
433527,0.12
433532,0.12
433535,0.06
433539,0.13
433561,0.13
433564,0.36
433566,0.2
433574,0.12
433575,0.1
433584,0.18
433591,0.15
433596,0.2
433598,0.24
433602,0.09
433606,0.13
433611,0.13
433617,0.05
433620,0.19
433628,0.17
433631,0.1
433651,0.09
433653,0.13
433657,0.22
433661,0.13
433662,0.17
433663,0.09
433668,0.18
433670,0.29
433680,0.16
433686,0.24
433709,0.23
433725,0.09
433731,0.17
433735,0.22
433745,0.09
433748,0.12
433754,0.17
433762,0.09
433766,0.11
433767,0.15
433779,0.23
433783,0.1
433785,0.19
433789,0.12
433794,0.16
433799,0.16
433800,0.05
433804,0.14
433816,0.2
433820,0.12
433829,0.07
433837,0.13
433840,0.07
433842,0.14
433849,0.17
433853,0.03
433862,0.14
433872,0.19
433882,0.17
433892,0.15
433896,0.05
433906,0.05
433913,0.11
433914,0.12
433957,0.15
433958,0.24
433965,0.23
433976,0.12
433984,0.07
433995,0.12
433996,0.14
434006,0.15
434007,0.15
434009,0.17
434019,0.22
434024,0.18
434026,0.31
434027,0.15
434034,0.16
434036,0.13
434037,0.17
434046,0.07
434050,0.04
434051,0.06
434052,0.17
434055,0.14
434061,0.14
434064,0.11
434108,0.18
434109,0.09
434121,0.19
434122,0.1
434140,0.09
434151,0.22
434156,0.07
434157,0.12
434160,0.23
434164,0.11
434167,0.17
434169,0.08
434173,0.07
434176,0.1
434177,0.13
434179,0.16
434180,0.09
434183,0.14
434192,0.11
434205,0.1
434209,0.22
434212,0.26
434214,0.19
434216,0.11
434222,0.14
434223,0.15
434224,0.18
434259,0.19
434261,0.08
434263,0.15
434264,0.14
434282,0.12
434283,0.11
434293,0.24
434317,0.22
434322,0.06
434326,0.15
434327,0.11
434328,0.18
434336,0.09
434340,0.14
434342,0.17
434350,0.14
434355,0.1
434375,0.12
434387,0.12
434390,0.18
434391,0.12
434408,0.13
434410,0.16
434423,0.16
434439,0.2
434442,0.03
434445,0.22
434448,0.15
434460,0.19
434465,0.11
434467,0.19
434468,0.17
434501,0.17
434504,0.29
434505,0.23
434507,0.16
434514,0.14
434535,0.19
434538,0.4
434542,0.28
434545,0.19
434554,0.23
434556,0.14
434568,0.14
434569,0.16
434571,0.23
434574,0.12
434579,0.15
434599,0.26
434604,0.16
434606,0.15
434607,0.12
434608,0.12
434610,0.08
434615,0.27
434616,0.3
434619,0.09
434658,0.27
434669,0.14
434675,0.08
434678,0.07
434680,0.13
434690,0.16
434698,0.19
434702,0.22
434704,0.08
434722,0.06
434727,0.15
434730,0.14
434735,0.13
434739,0.26
434765,0.1
434767,0.24
434784,0.18
434787,0.16
434788,0.21
434789,0.08
434790,0.19
434791,0.15
434802,0.15
434806,0.16
434807,0.22
434808,0.24
434815,0.17
434816,0.18
434817,0.19
434818,0.14
434830,0.22
434918,0.07
434920,0.08
434921,0.12
434922,0.22
434937,0.12
434948,0.11
434949,0.24
434952,0.11
434954,0.1
434957,0.11
434968,0.13
434974,0.21
434982,0.1
434986,0.12
434993,0.08
434995,0.2
435005,0.13
435013,0.08
435027,0.1
435034,0.4
435056,0.31
435060,0.1
435062,0.2
435068,0.09
435069,0.11
435071,0.21
435079,0.09
435086,0.27
435092,0.12
435099,0.07
435100,0.11
435108,0.13
435118,0.14
435120,0.11
435129,0.2
435132,0.23
435138,0.17
435139,0.33
435142,0.19
435147,0.17
435148,0.24
435151,0.05
435153,0.12
435154,0.2
435164,0.24
435173,0.14
435174,0.11
435179,0.11
435199,0.12
435202,0.11
435203,0.14
435214,0.22
435217,0.11
435222,0.17
435229,0.36
435239,0.12
435248,0.11
435259,0.08
435260,0.08
435263,0.17
435264,0.08
435267,0.12
435274,0.23
435286,0.12
435296,0.07
435308,0.18
435328,0.17
435333,0.09
435363,0.12
435366,0.08
435375,0.13
435378,0.27
435400,0.19
435408,0.29
435409,0.07
435415,0.08
435419,0.23
435422,0.15
435428,0.19
435432,0.19
435434,0.15
435435,0.24
435440,0.15
435455,0.09
435464,0.14
435470,0.08
435475,0.31
435478,0.16
435480,0.26
435482,0.1
435490,0.13
435507,0.25
435509,0.17
435510,0.08
435519,0.11
435527,0.23
435533,0.14
435534,0.29
435535,0.16
435536,0.14
435540,0.14
435551,0.05
435562,0.35
435564,0.24
435585,0.17
435590,0.12
435609,0.13
435610,0.05
435611,0.11
435623,0.13
435681,0.16
435682,0.16
435683,0.11
435704,0.16
435711,0.11
435713,0.17
435714,0.12
435716,0.07
435717,0.24
435718,0.15
435719,0.15
435741,0.15
435765,0.08
435766,0.17
435767,0.12
435773,0.2
435802,0.1
435806,0.11
435807,0.22
435809,0.1
435811,0.4
435816,0.19
435823,0.1
435835,0.23
435848,0.15
435849,0.22
435858,0.18
435870,0.12
435874,0.13
435890,0.23
435892,0.11
435911,0.22
435915,0.15
435924,0.11
435937,0.11
435943,0.14
435958,0.14
435962,0.06
435965,0.17
435968,0.24
435997,0.1
435998,0.3
435999,0.05
436009,0.21
436021,0.15
436022,0.06
436026,0.2
436032,0.05
436037,0.14
436049,0.09
436058,0.07
436059,0.08
436062,0.18
436068,0.13
436079,0.14
436082,0.15
436083,0.21
436093,0.2
436098,0.12
436113,0.12
436127,0.22
436148,0.12
436152,0.19
436159,0.1
436165,0.11
436170,0.1
436174,0.11
436176,0.1
436183,0.08
436194,0.12
436196,0.13
436204,0.08
436207,0.24
436210,0.15
436219,0.27
436227,0.18
436230,0.17
436233,0.05
436235,0.16
436250,0.12
436260,0.19
436285,0.17
436291,0.13
436304,0.1
436307,0.13
436308,0.24
436311,0.18
436314,0.07
436322,0.17
436323,0.32
436339,0.21
436350,0.08
436358,0.15
436359,0.07
436363,0.17
436365,0.16
436369,0.16
436377,0.2
436378,0.13
436387,0.12
436394,0.25
436397,0.12
436399,0.24
436401,0.14
436404,0.24
436421,0.09
436422,0.13
436426,0.06
436430,0.19
436464,0.07
436471,0.12
436476,0.12
436478,0.12
436486,0.05
436497,0.14
436508,0.14
436509,0.11
436510,0.19
436511,0.22
436528,0.12
436531,0.11
436534,0.17
436535,0.12
436536,0.11
436537,0.1
436560,0.12
436562,0.11
436563,0.13
436564,0.12
436598,0.11
436599,0.07
436600,0.16
436637,0.09
436674,0.16
436706,0.12
436721,0.12
436722,0.22
436735,0.18
436747,0.31
436748,0.13
436750,0.26
436757,0.2
436767,0.16
436771,0.13
436781,0.16
436786,0.11
436799,0.15
436807,0.22
436812,0.1
436821,0.2
436835,0.08
436836,0.24
436846,0.11
436874,0.16
436880,0.26
436882,0.15
436885,0.07
436893,0.09
436894,0.07
436896,0.19
436902,0.13
436918,0.07
436921,0.11
436935,0.21
436955,0.13
436961,0.11
436963,0.21
436964,0.25
436970,0.09
436975,0.03
437005,0.18
437014,0.21
437020,0.17
437043,0.16
437045,0.11
437070,0.12
437078,0.09
437095,0.1
437097,0.13
437123,0.06
437127,0.1
437128,0.12
437130,0.09
437147,0.31
437156,0.12
437157,0.09
437160,0.16
437161,0.13
437169,0.11
437189,0.17
437196,0.21
437198,0.14
437200,0.09
437206,0.15
437211,0.07
437215,0.18
437218,0.17
437226,0.06
437229,0.15
437235,0.09
437244,0.09
437245,0.21
437246,0.24
437264,0.12
437266,0.06
437268,0.14
437269,0.13
437273,0.11
437275,0.19
437276,0.24
437302,0.12
437304,0.08
437305,0.15
437306,0.11
437334,0.19
437335,0.19
437336,0.11
437338,0.22
437343,0.44
437356,0.12
437357,0.11
437358,0.13
437359,0.07
437360,0.25
437393,0.14
437397,0.23
437403,0.14
437409,0.13
437426,0.22
437430,0.27
437446,0.23
437459,0.07
437461,0.12
437462,0.14
437463,0.15
437475,0.11
437478,0.11
437480,0.1
437482,0.19
437486,0.1
437491,0.2
437492,0.13
437493,0.22
437496,0.32
437510,0.1
437515,0.11
437516,0.08
437519,0.09
437522,0.26
437524,0.16
437532,0.11
437538,0.07
437546,0.16
437551,0.26
437553,0.24
437556,0.18
437573,0.3
437575,0.05
437584,0.18
437591,0.15
437592,0.06
437595,0.1
437602,0.12
437610,0.16
437611,0.21
437621,0.17
437622,0.32
437624,0.09
437630,0.12
437631,0.24
437636,0.22
437666,0.11
437672,0.13
437676,0.12
437687,0.22
437689,0.2
437706,0.15
437712,0.21
437735,0.08
437757,0.11
437763,0.18
437790,0.08
437791,0.09
437795,0.18
437803,0.14
437810,0.2
437811,0.23
437813,0.11
437820,0.13
437823,0.12
437832,0.09
437841,0.07
437852,0.15
437858,0.14
437862,0.16
437892,0.09
437896,0.11
437903,0.29
437905,0.14
437911,0.29
437913,0.08
437918,0.1
437922,0.19
437933,0.21
437936,0.09
437945,0.15
437966,0.12
437967,0.18
437972,0.15
437977,0.12
437984,0.23
437996,0.15
437997,0.18
437999,0.14
438001,0.15
438004,0.14
438007,0.1
438029,0.07
438031,0.07
438034,0.11
438038,0.26
438054,0.14
438058,0.1
438064,0.16
438065,0.14
438074,0.09
438084,0.15
438088,0.1
438089,0.04
438090,0.1
438117,0.1
438118,0.03
438151,0.17
438152,0.1
438153,0.18
438154,0.14
438167,0.17
438187,0.27
438192,0.16
438195,0.12
438196,0.21
438220,0.14
438223,0.27
438229,0.09
438256,0.15
438258,0.14
438260,0.18
438264,0.08
438273,0.16
438306,0.23
438307,0.11
438308,0.1
438309,0.12
438310,0.2
438341,0.22
438348,0.13
438349,0.06
438364,0.08
438368,0.09
438380,0.18
438382,0.15
438402,0.11
438404,0.27
438408,0.16
438410,0.24
438429,0.09
438434,0.18
438435,0.11
438437,0.24
438438,0.12
438444,0.13
438471,0.11
438506,0.12
438521,0.17
438524,0.29
438525,0.15
438534,0.04
438541,0.11
438546,0.09
438547,0.2
438564,0.04
438568,0.15
438570,0.05
438578,0.17
438582,0.16
438587,0.17
438604,0.1
438620,0.14
438621,0.11
438624,0.15
438634,0.22
438644,0.16
438645,0.14
438651,0.15
438659,0.09
438660,0.15
438662,0.17
438668,0.19
438673,0.17
438677,0.06
438683,0.27
438687,0.18
438700,0.13
438713,0.13
438714,0.14
438715,0.06
438717,0.13
438721,0.25
438738,0.15
438749,0.13
438750,0.14
438756,0.1
438771,0.15
438777,0.11
438781,0.03
438783,0.16
438786,0.33
438792,0.09
438802,0.16
438808,0.14
438814,0.13
438829,0.18
438846,0.15
438851,0.13
438856,0.44
438858,0.19
438861,0.08
438862,0.19
438876,0.28
438880,0.09
438891,0.1
438896,0.16
438898,0.16
438904,0.11
438908,0.14
438921,0.29
438923,0.23
438929,0.13
438942,0.12
438950,0.23
438979,0.28
438994,0.22
438995,0.12
438996,0.08
439002,0.26
439013,0.08
439015,0.21
439017,0.15
439029,0.12
439047,0.24
439048,0.07
439049,0.23
439050,0.12
439061,0.26
439065,0.24
439069,0.15
439070,0.2
439071,0.1
439072,0.19
439073,0.15
439076,0.11
439077,0.2
439078,0.18
439089,0.12
439095,0.14
439113,0.11
439122,0.13
439127,0.1
439153,0.11
439154,0.14
439157,0.04
439197,0.14
439205,0.09
439207,0.15
439209,0.08
439213,0.12
439218,0.16
439222,0.14
439229,0.21
439233,0.13
439235,0.14
439236,0.12
439239,0.16
439248,0.17
439255,0.24
439265,0.14
439266,0.21
439268,0.13
439270,0.17
439276,0.22
439285,0.05
439294,0.11
439296,0.23
439299,0.21
439310,0.08
439319,0.08
439320,0.16
439325,0.16
439327,0.1
439328,0.12
439334,0.14
439335,0.13
439339,0.27
439343,0.12
439353,0.16
439356,0.15
439374,0.13
439391,0.21
439400,0.12
439405,0.19
439413,0.12
439448,0.14
439451,0.13
439455,0.18
439468,0.11
439472,0.06
439473,0.07
439477,0.14
439483,0.17
439484,0.07
439501,0.22
439505,0.13
439512,0.25
439515,0.13
439525,0.09
439535,0.12
439539,0.17
439548,0.23
439549,0.14
439550,0.19
439551,0.11
439558,0.11
439562,0.07
439566,0.11
439571,0.12
439587,0.07
439591,0.09
439595,0.18
439611,0.1
439614,0.3
439618,0.24
439620,0.14
439626,0.19
439633,0.11
439657,0.11
439660,0.18
439661,0.13
439666,0.15
439673,0.09
439675,0.15
439705,0.17
439707,0.09
439720,0.1
439727,0.08
439733,0.21
439736,0.12
439737,0.11
439746,0.1
439755,0.23
439763,0.17
439765,0.12
439766,0.08
439768,0.11
439774,0.1
439779,0.08
439781,0.26
439784,0.17
439808,0.05
439816,0.12
439818,0.12
439820,0.08
439824,0.13
439830,0.19
439839,0.11
439841,0.32
439845,0.09
439874,0.11
439875,0.13
439879,0.13
439882,0.1
439883,0.09
439900,0.13
439901,0.1
439906,0.07
439909,0.16
439911,0.23
439914,0.11
439936,0.12
439937,0.15
439945,0.09
439950,0.16
439955,0.17
439956,0.16
439971,0.26
439977,0.11
439984,0.25
439985,0.14
439990,0.13
439994,0.13
440003,0.09
440030,0.14
440042,0.21
440048,0.16
440054,0.2
440073,0.17
440074,0.14
440080,0.1
440082,0.11
440085,0.15
440088,0.21
440091,0.07
440100,0.08
440103,0.05
440113,0.23
440119,0.08
440127,0.13
440130,0.11
440131,0.09
440135,0.17
440139,0.13
440147,0.15
440156,0.13
440158,0.17
440162,0.1
440163,0.14
440176,0.16
440181,0.08
440191,0.14
440192,0.16
440215,0.09
440219,0.15
440222,0.17
440238,0.12
440239,0.07
440244,0.24
440245,0.15
440252,0.12
440266,0.07
440267,0.11
440281,0.14
440283,0.11
440292,0.2
440307,0.13
440309,0.13
440313,0.19
440315,0.2
440320,0.07
440332,0.11
440336,0.07
440338,0.13
440342,0.19
440350,0.2
440352,0.12
440356,0.08
440359,0.12
440384,0.1
440395,0.11
440396,0.04
440397,0.12
440401,0.11
440408,0.23
440411,0.23
440425,0.12
440439,0.11
440451,0.3
440460,0.25
440463,0.21
440473,0.1
440479,0.09
440497,0.12
440506,0.18
440509,0.1
440518,0.17
440528,0.21
440536,0.21
440543,0.17
440561,0.17
440562,0.13
440566,0.21
440572,0.24
440574,0.27
440585,0.14
440592,0.08
440601,0.27
440606,0.16
440632,0.25
440643,0.15
440653,0.05
440669,0.04
440682,0.22
440691,0.09
440701,0.09
440706,0.25
440708,0.11
440714,0.4
440721,0.22
440723,0.23
440750,0.09
440759,0.25
440773,0.16
440792,0.22
440793,0.09
440798,0.32
440804,0.14
440819,0.11
440827,0.22
440851,0.23
440861,0.15
440862,0.08
440868,0.08
440874,0.13
440877,0.28
440883,0.08
440884,0.16
440886,0.11
440900,0.23
440902,0.05
440904,0.16
440910,0.2
440913,0.08
440915,0.14
440923,0.17
440924,0.12
440927,0.1
440936,0.12
440968,0.16
440973,0.15
440975,0.15
440979,0.15
440986,0.27
440987,0.06
440995,0.13
440998,0.16
441000,0.1
441004,0.16
441007,0.23
441014,0.25
441026,0.13
441032,0.21
441042,0.13
441051,0.28
441060,0.13
441061,0.1
441081,0.19
441082,0.09
441085,0.08
441087,0.1
441089,0.07
441091,0.06
441095,0.11
441114,0.11
441128,0.18
441138,0.21
441154,0.1
441156,0.19
441157,0.21
441175,0.13
441183,0.15
441189,0.09
441207,0.12
441209,0.24
441217,0.22
441228,0.07
441229,0.04
441239,0.12
441244,0.15
441256,0.15
441275,0.14
441278,0.11
441284,0.15
441288,0.06
441293,0.17
441294,0.29
441297,0.25
441298,0.15
441304,0.1
441316,0.1
441318,0.12
441351,0.18
441354,0.24
441363,0.16
441373,0.29
441375,0.11
441382,0.11
441385,0.14
441388,0.13
441392,0.28
441402,0.27
441413,0.18
441417,0.26
441427,0.11
441437,0.14
441453,0.3
441458,0.15
441459,0.14
441463,0.17
441466,0.16
441475,0.16
441479,0.1
441497,0.19
441501,0.2
441509,0.19
441513,0.2
441546,0.13
441547,0.08
441563,0.21
441565,0.08
441567,0.08
441576,0.19
441577,0.14
441578,0.17
441597,0.16
441607,0.18
441609,0.12
441611,0.13
441613,0.22
441622,0.14
441637,0.12
441638,0.08
441652,0.12
441660,0.19
441667,0.18
441671,0.13
441672,0.07
441675,0.22
441679,0.07
441700,0.08
441701,0.15
441711,0.07
441725,0.1
441732,0.14
441741,0.09
441743,0.06
441761,0.08
441763,0.11
441766,0.06
441778,0.15
441780,0.14
441782,0.11
441785,0.12
441796,0.05
441808,0.23
441809,0.23
441811,0.15
441825,0.1
441828,0.06
441835,0.13
441860,0.05
441865,0.18
441871,0.12
441874,0.1
441876,0.14
441885,0.16
441896,0.18
441908,0.15
441913,0.12
441921,0.15
441926,0.14
441936,0.16
441941,0.15
441947,0.08
441957,0.22
441961,0.18
441969,0.07
441979,0.24
441986,0.12
441987,0.1
441996,0.24
441997,0.07
441998,0.29
442001,0.17
442002,0.1
442003,0.17
442010,0.08
442013,0.14
442015,0.25
442026,0.11
442030,0.1
442032,0.25
442033,0.26
442039,0.19
442049,0.14
442054,0.09
442060,0.16
442065,0.15
442067,0.16
442074,0.06
442076,0.24
442080,0.18
442085,0.16
442093,0.16
442100,0.2
442123,0.15
442124,0.23
442128,0.2
442149,0.25
442151,0.19
442157,0.18
442158,0.12
442159,0.18
442161,0.11
442179,0.14
442187,0.13
442190,0.22
442195,0.12
442199,0.09
442233,0.08
442234,0.16
442235,0.15
442250,0.07
442256,0.1
442258,0.17
442264,0.22
442280,0.1
442288,0.13
442290,0.15
442293,0.09
442299,0.25
442303,0.2
442306,0.09
442308,0.13
442312,0.15
442315,0.18
442320,0.25
442321,0.18
442328,0.26
442331,0.31
442359,0.08
442361,0.12
442366,0.2
442368,0.16
442372,0.07
442378,0.18
442392,0.11
442393,0.15
442399,0.12
442401,0.11
442404,0.16
442405,0.24
442438,0.17
442442,0.17
442451,0.06
442452,0.15
442458,0.06
442461,0.18
442464,0.08
442468,0.15
442479,0.26
442484,0.19
442504,0.11
442505,0.07
442513,0.18
442520,0.08
442527,0.22
442539,0.15
442540,0.23
442541,0.14
442555,0.14
442577,0.11
442586,0.17
442588,0.07
442613,0.23
442616,0.19
442622,0.14
442626,0.11
442627,0.25
442641,0.09
442647,0.18
442653,0.14
442656,0.14
442662,0.15
442672,0.1
442682,0.08
442684,0.11
442685,0.12
442698,0.24
442709,0.12
442716,0.09
442718,0.19
442723,0.19
442724,0.2
442737,0.23
442742,0.27
442743,0.07
442746,0.23
442766,0.09
442767,0.2
442769,0.15
442792,0.14
442797,0.19
442799,0.17
442804,0.07
442807,0.14
442816,0.18
442819,0.11
442826,0.25
442831,0.1
442846,0.16
442854,0.18
442861,0.14
442862,0.13
442870,0.19
442875,0.15
442890,0.06
442891,0.2
442896,0.15
442897,0.22
442902,0.11
442903,0.26
442905,0.17
442915,0.21
442937,0.19
442947,0.36
442949,0.14
442954,0.19
442972,0.12
443012,0.15
443018,0.27
443029,0.09
443031,0.15
443033,0.09
443035,0.19
443039,0.08
443040,0.27
443051,0.33
443062,0.13
443069,0.15
443080,0.17
443081,0.16
443090,0.18
443092,0.06
443106,0.11
443119,0.17
443134,0.13
443161,0.14
443170,0.2
443177,0.16
443189,0.08
443193,0.07
443199,0.25
443212,0.34
443226,0.35
443230,0.08
443239,0.24
443241,0.18
443244,0.09
443249,0.14
443253,0.09
443262,0.12
443264,0.28
443266,0.12
443274,0.17
443283,0.12
443295,0.09
443304,0.12
443313,0.1
443317,0.13
443324,0.07
443339,0.04
443344,0.24
443345,0.09
443352,0.1
443355,0.07
443356,0.22
443360,0.22
443364,0.27
443368,0.12
443375,0.34
443380,0.17
443391,0.13
443392,0.06
443397,0.16
443403,0.18
443406,0.36
443420,0.18
443431,0.09
443441,0.15
443456,0.15
443457,0.14
443459,0.04
443460,0.15
443471,0.13
443474,0.1
443486,0.19
443487,0.14
443490,0.14
443492,0.18
443495,0.17
443505,0.07
443512,0.2
443555,0.13
443576,0.18
443582,0.11
443583,0.13
443585,0.13
443588,0.13
443592,0.09
443596,0.1
443597,0.08
443606,0.12
443607,0.07
443608,0.18
443611,0.16
443612,0.09
443618,0.29
443623,0.16
443632,0.15
443633,0.25
443634,0.14
443637,0.13
443638,0.2
443669,0.15
443672,0.16
443685,0.12
443686,0.12
443694,0.08
443695,0.25
443697,0.39
443700,0.13
443734,0.23
443738,0.17
443742,0.09
443759,0.17
443760,0.2
443770,0.13
443776,0.13
443788,0.09
443791,0.15
443792,0.13
443803,0.14
443808,0.16
443832,0.1
443842,0.11
443847,0.1
443853,0.1
443854,0.28
443868,0.03
443873,0.09
443879,0.09
443883,0.1
443891,0.19
443908,0.15
443910,0.27
443918,0.09
443927,0.13
443935,0.14
443965,0.28
443974,0.11
443984,0.08
443986,0.23
443991,0.02
443996,0.02
444008,0.07
444014,0.12
444015,0.11
444016,0.12
444018,0.15
444053,0.2
444058,0.14
444065,0.18
444069,0.14
444082,0.11
444087,0.11
444089,0.15
444093,0.11
444104,0.14
444113,0.08
444118,0.17
444122,0.09
444123,0.14
444128,0.16
444136,0.13
444152,0.16
444155,0.2
444182,0.07
444183,0.22
444185,0.07
444213,0.23
444229,0.07
444231,0.19
444234,0.21
444240,0.09
444249,0.19
444265,0.18
444268,0.09
444271,0.13
444278,0.11
444279,0.17
444283,0.33
444285,0.04
444291,0.08
444297,0.09
444313,0.17
444318,0.1
444322,0.1
444333,0.13
444334,0.09
444359,0.21
444367,0.17
444369,0.16
444370,0.13
444376,0.14
444384,0.15
444387,0.12
444406,0.1
444409,0.26
444412,0.15
444418,0.18
444420,0.24
444424,0.16
444429,0.13
444432,0.09
444434,0.19
444440,0.1
444444,0.12
444450,0.04
444456,0.16
444457,0.09
444461,0.27
444504,0.06
444515,0.15
444516,0.18
444517,0.13
444519,0.17
444540,0.07
444573,0.27
444581,0.19
444582,0.08
444602,0.23
444605,0.18
444611,0.15
444614,0.13
444622,0.14
444624,0.19
444625,0.18
444639,0.16
444658,0.11
444673,0.15
444696,0.15
444719,0.08
444729,0.21
444737,0.15
444743,0.17
444758,0.14
444764,0.12
444780,0.15
444789,0.12
444795,0.16
444811,0.13
444814,0.07
444825,0.16
444831,0.15
444832,0.09
444835,0.17
444840,0.18
444841,0.17
444842,0.2
444846,0.16
444849,0.14
444867,0.09
444876,0.17
444893,0.11
444896,0.22
444897,0.14
444907,0.14
444908,0.08
444932,0.12
444933,0.12
444936,0.13
444941,0.15
444942,0.14
444950,0.12
444956,0.08
444965,0.12
444966,0.1
444970,0.09
444971,0.21
444978,0.05
444982,0.18
444984,0.11
444986,0.08
445001,0.06
445016,0.09
445027,0.14
445029,0.2
445032,0.11
445037,0.16
445043,0.14
445044,0.27
445047,0.15
445052,0.16
445073,0.23
445075,0.1
445076,0.08
445092,0.14
445095,0.16
445106,0.16
445110,0.11
445123,0.09
445124,0.19
445141,0.12
445151,0.16
445160,0.19
445161,0.17
445164,0.22
445165,0.1
445169,0.13
445175,0.28
445178,0.07
445182,0.15
445183,0.16
445192,0.04
445193,0.15
445200,0.11
445202,0.07
445203,0.1
445207,0.09
445245,0.11
445256,0.08
445282,0.14
445294,0.2
445300,0.27
445316,0.12
445331,0.14
445332,0.06
445343,0.12
445345,0.16
445346,0.11
445354,0.14
445355,0.25
445356,0.11
445366,0.28
445369,0.1
445390,0.14
445392,0.17
445398,0.13
445401,0.17
445417,0.15
445427,0.11
445465,0.16
445469,0.08
445472,0.04
445475,0.11
445483,0.23
445484,0.13
445493,0.11
445496,0.11
445504,0.18
445505,0.25
445507,0.09
445531,0.36
445536,0.18
445544,0.13
445559,0.07
445580,0.19
445589,0.12
445591,0.15
445595,0.1
445601,0.16
445612,0.13
445639,0.17
445656,0.13
445666,0.09
445682,0.28
445686,0.08
445700,0.19
445713,0.13
445716,0.12
445725,0.16
445728,0.13
445731,0.05
445742,0.17
445743,0.33
445755,0.16
445766,0.23
445781,0.32
445798,0.14
445799,0.14
445801,0.16
445810,0.23
445813,0.16
445822,0.12
445824,0.2
445826,0.12
445828,0.14
445829,0.09
445838,0.1
445840,0.11
445845,0.12
445847,0.11
445849,0.18
445852,0.15
445853,0.18
445856,0.17
445863,0.07
445864,0.2
445871,0.18
445907,0.13
445908,0.12
445917,0.18
445919,0.18
445925,0.14
445930,0.08
445938,0.11
445943,0.1
445946,0.06
445948,0.21
445970,0.15
445972,0.07
445974,0.31
445976,0.1
445979,0.13
445993,0.17
446001,0.22
446004,0.15
446025,0.06
446026,0.11
446046,0.07
446048,0.1
446055,0.12
446064,0.24
446068,0.05
446078,0.1
446094,0.15
446096,0.24
446120,0.16
446131,0.08
446139,0.15
446157,0.16
446179,0.17
446180,0.17
446186,0.2
446189,0.3
446200,0.17
446208,0.33
446210,0.06
446214,0.11
446226,0.18
446229,0.13
446237,0.12
446247,0.11
446256,0.08
446273,0.15
446286,0.11
446296,0.07
446302,0.2
446310,0.16
446315,0.1
446319,0.27
446320,0.12
446322,0.13
446356,0.16
446374,0.16
446375,0.15
446406,0.16
446407,0.07
446426,0.16
446428,0.18
446431,0.15
446433,0.09
446437,0.25
446441,0.14
446452,0.17
446464,0.19
446466,0.05
446468,0.19
446469,0.21
446472,0.35
446476,0.12
446478,0.12
446485,0.14
446499,0.06
446503,0.13
446504,0.09
446509,0.1
446512,0.2
446525,0.12
446534,0.17
446535,0.16
446543,0.18
446546,0.03
446550,0.21
446555,0.24
446560,0.19
446564,0.09
446572,0.09
446593,0.14
446616,0.13
446617,0.12
446625,0.11
446626,0.15
446631,0.26
446643,0.15
446647,0.17
446652,0.11
446655,0.16
446657,0.23
446663,0.09
446665,0.19
446676,0.11
446684,0.2
446694,0.09
446699,0.11
446702,0.21
446713,0.17
446720,0.23
446724,0.11
446728,0.21
446730,0.06
446738,0.06
446742,0.14
446743,0.08
446744,0.14
446750,0.15
446759,0.14
446760,0.17
446772,0.03
446786,0.13
446799,0.12
446800,0.26
446803,0.16
446812,0.06
446813,0.19
446815,0.14
446816,0.14
446832,0.13
446845,0.12
446846,0.14
446847,0.07
446850,0.06
446851,0.26
446855,0.13
446856,0.06
446867,0.12
446877,0.21
446880,0.14
446885,0.06
446892,0.22
446905,0.19
446909,0.22
446924,0.13
446935,0.06
446944,0.13
446945,0.22
446949,0.09
446952,0.11
446957,0.14
446961,0.14
446979,0.12
446980,0.14
446987,0.23
446991,0.16
447001,0.1
447013,0.17
447014,0.16
447023,0.14
447062,0.16
447072,0.16
447082,0.15
447084,0.13
447087,0.13
447092,0.16
447106,0.11
447107,0.13
447112,0.1
447147,0.11
447160,0.29
447176,0.05
447184,0.11
447188,0.13
447190,0.17
447191,0.15
447198,0.18
447199,0.12
447200,0.19
447202,0.18
447209,0.2
447210,0.15
447228,0.27
447230,0.11
447235,0.11
447246,0.21
447248,0.12
447263,0.12
447265,0.13
447272,0.1
447285,0.07
447293,0.21
447305,0.06
447312,0.1
447326,0.11
447327,0.13
447361,0.14
447367,0.2
447381,0.12
447387,0.23
447390,0.27
447391,0.14
447416,0.1
447419,0.14
447420,0.11
447422,0.13
447425,0.11
447444,0.13
447458,0.04
447460,0.09
447467,0.14
447479,0.19
447482,0.18
447496,0.15
447504,0.1
447507,0.14
447519,0.16
447522,0.14
447528,0.19
447529,0.24
447532,0.09
447540,0.13
447543,0.11
447546,0.13
447554,0.12
447571,0.19
447575,0.08
447591,0.1
447599,0.27
447600,0.12
447601,0.09
447606,0.12
447607,0.12
447618,0.24
447621,0.12
447633,0.07
447638,0.11
447642,0.21
447644,0.15
447654,0.18
447670,0.11
447671,0.1
447672,0.18
447674,0.14
447676,0.11
447692,0.27
447696,0.19
447698,0.1
447704,0.08
447705,0.15
447708,0.09
447709,0.29
447715,0.2
447727,0.14
447736,0.15
447742,0.15
447743,0.17
447745,0.15
447748,0.26
447751,0.2
447752,0.14
447796,0.08
447810,0.11
447812,0.15
447814,0.38
447815,0.13
447816,0.15
447817,0.21
447835,0.12
447842,0.23
447844,0.12
447862,0.31
447865,0.13
447868,0.21
447873,0.09
447876,0.07
447881,0.17
447882,0.24
447883,0.19
447904,0.12
447907,0.29
447915,0.24
447931,0.17
447945,0.18
447947,0.07
447958,0.11
447967,0.16
447968,0.19
447972,0.27
447975,0.06
447976,0.08
447978,0.04
447983,0.1
447993,0.24
447998,0.06
448001,0.18
448005,0.14
448007,0.2
448011,0.24
448012,0.13
448016,0.16
448030,0.09
448039,0.24
448040,0.08
448045,0.19
448046,0.25
448051,0.2
448084,0.19
448091,0.14
448100,0.13
448125,0.22
448143,0.13
448146,0.18
448150,0.19
448160,0.17
448163,0.15
448165,0.18
448182,0.07
448185,0.08
448188,0.1
448189,0.14
448209,0.15
448210,0.13
448218,0.08
448224,0.26
448241,0.05
448243,0.16
448244,0.11
448245,0.16
448254,0.4
448278,0.13
448279,0.08
448282,0.1
448284,0.09
448285,0.39
448301,0.12
448302,0.45
448305,0.12
448317,0.13
448330,0.18
448335,0.09
448338,0.16
448340,0.07
448341,0.16
448347,0.36
448350,0.15
448353,0.13
448361,0.17
448370,0.16
448380,0.24
448400,0.16
448411,0.14
448412,0.28
448417,0.15
448420,0.13
448422,0.07
448424,0.07
448447,0.19
448459,0.15
448464,0.12
448470,0.22
448490,0.16
448494,0.15
448500,0.25
448515,0.07
448522,0.13
448526,0.14
448536,0.36
448548,0.11
448566,0.12
448573,0.16
448584,0.1
448585,0.19
448597,0.12
448599,0.13
448601,0.13
448604,0.09
448606,0.12
448610,0.13
448642,0.1
448660,0.08
448669,0.11
448674,0.14
448675,0.16
448678,0.12
448690,0.09
448693,0.08
448695,0.21
448700,0.12
448703,0.07
448704,0.1
448707,0.17
448720,0.26
448727,0.3
448728,0.15
448734,0.32
448746,0.11
448755,0.12
448760,0.28
448770,0.11
448778,0.19
448788,0.16
448790,0.12
448801,0.15
448805,0.12
448806,0.15
448812,0.12
448817,0.2
448834,0.13
448837,0.29
448838,0.13
448853,0.23
448856,0.17
448868,0.13
448876,0.09
448909,0.25
448917,0.16
448919,0.18
448922,0.24
448931,0.1
448935,0.13
448937,0.08
448940,0.08
448948,0.18
448958,0.17
448967,0.18
448968,0.11
448973,0.3
448993,0.16
449000,0.28
449011,0.22
449015,0.13
449030,0.11
449035,0.1
449040,0.08
449045,0.22
449060,0.09
449081,0.13
449082,0.16
449087,0.26
449095,0.11
449105,0.19
449110,0.2
449117,0.09
449126,0.16
449134,0.07
449141,0.18
449148,0.18
449155,0.05
449158,0.4
449160,0.08
449178,0.19
449180,0.14
449183,0.13
449186,0.09
449193,0.09
449196,0.11
449203,0.13
449213,0.16
449214,0.16
449215,0.09
449216,0.2
449224,0.11
449227,0.11
449230,0.08
449233,0.2
449253,0.1
449254,0.19
449264,0.34
449289,0.2
449302,0.19
449308,0.22
449314,0.08
449322,0.19
449323,0.15
449364,0.16
449368,0.14
449391,0.13
449403,0.2
449408,0.12
449409,0.12
449412,0.04
449424,0.17
449427,0.18
449462,0.12
449465,0.15
449469,0.12
449475,0.11
449476,0.22
449483,0.15
449484,0.14
449487,0.13
449492,0.07
449499,0.22
449502,0.11
449506,0.11
449508,0.14
449514,0.16
449517,0.22
449534,0.14
449540,0.09
449543,0.19
449545,0.1
449548,0.34
449555,0.13
449556,0.3
449558,0.13
449566,0.1
449574,0.19
449576,0.1
449578,0.08
449581,0.17
449586,0.12
449591,0.2
449594,0.17
449599,0.16
449606,0.09
449615,0.13
449616,0.2
449625,0.17
449633,0.12
449636,0.17
449637,0.28
449642,0.16
449683,0.26
449684,0.12
449711,0.19
449713,0.16
449716,0.2
449741,0.12
449745,0.1
449747,0.17
449756,0.13
449759,0.12
449760,0.24
449768,0.15
449773,0.16
449775,0.05
449780,0.08
449788,0.15
449792,0.08
449802,0.09
449812,0.14
449815,0.11
449818,0.06
449820,0.08
449821,0.08
449822,0.18
449831,0.11
449837,0.14
449855,0.24
449857,0.11
449865,0.1
449866,0.11
449871,0.13
449873,0.11
449874,0.18
449877,0.05
449881,0.09
449889,0.16
449893,0.15
449894,0.17
449897,0.12
449900,0.09
449910,0.06
449924,0.21
449928,0.19
449932,0.34
449942,0.12
449947,0.16
449955,0.15
449972,0.11
449984,0.25
450004,0.15
450027,0.18
450029,0.11
450035,0.16
450038,0.09
450042,0.28
450044,0.08
450060,0.07
450065,0.21
450076,0.24
450081,0.24
450083,0.11
450096,0.2
450102,0.2
450107,0.19
450109,0.25
450110,0.12
450111,0.11
450114,0.16
450117,0.14
450118,0.13
450124,0.19
450141,0.22
450145,0.12
450148,0.1
450169,0.12
450172,0.2
450173,0.09
450180,0.07
450182,0.06
450190,0.16
450200,0.18
450216,0.1
450221,0.14
450227,0.32
450229,0.1
450233,0.12
450244,0.25
450251,0.23
450260,0.16
450266,0.23
450267,0.21
450272,0.11
450280,0.1
450287,0.14
450290,0.07
450291,0.35
450303,0.08
450310,0.15
450311,0.26
450358,0.15
450373,0.1
450376,0.09
450383,0.12
450395,0.13
450398,0.32
450412,0.24
450415,0.13
450420,0.11
450421,0.23
450427,0.11
450428,0.11
450429,0.1
450433,0.06
450443,0.1
450453,0.12
450454,0.15
450458,0.13
450464,0.17
450469,0.26
450475,0.16
450478,0.21
450498,0.12
450501,0.18
450503,0.08
450513,0.34
450523,0.11
450530,0.25
450537,0.17
450543,0.1
450554,0.15
450555,0.09
450558,0.13
450568,0.09
450569,0.1
450580,0.12
450581,0.1
450588,0.13
450589,0.16
450602,0.12
450603,0.05
450621,0.15
450626,0.51
450640,0.09
450641,0.14
450644,0.19
450658,0.29
450672,0.32
450685,0.13
450687,0.37
450689,0.17
450690,0.17
450693,0.1
450699,0.1
450706,0.12
450708,0.25
450710,0.08
450716,0.14
450722,0.17
450752,0.22
450759,0.13
450763,0.13
450767,0.14
450768,0.2
450772,0.07
450778,0.19
450781,0.14
450788,0.07
450792,0.08
450817,0.06
450820,0.07
450835,0.28
450848,0.24
450853,0.28
450865,0.15
450878,0.04
450883,0.14
450885,0.16
450896,0.14
450897,0.1
450898,0.17
450904,0.16
450908,0.28
450917,0.09
450921,0.08
450923,0.12
450926,0.19
450929,0.1
450937,0.22
450963,0.13
450971,0.28
450973,0.14
450978,0.2
450982,0.11
450995,0.21
450997,0.13
451033,0.06
451035,0.05
451037,0.1
451039,0.15
451063,0.08
451079,0.11
451081,0.15
451083,0.1
451100,0.19
451101,0.1
451104,0.12
451109,0.04
451119,0.14
451124,0.11
451126,0.13
451146,0.2
451155,0.08
451156,0.16
451160,0.22
451163,0.25
451168,0.15
451175,0.11
451184,0.13
451189,0.13
451206,0.14
451208,0.1
451225,0.1
451226,0.12
451228,0.26
451230,0.16
451235,0.14
451239,0.09
451242,0.1
451247,0.21
451248,0.15
451255,0.14
451261,0.12
451270,0.17
451277,0.1
451278,0.23
451282,0.24
451283,0.13
451302,0.16
451310,0.07
451315,0.15
451328,0.12
451330,0.15
451331,0.36
451338,0.08
451342,0.11
451347,0.04
451350,0.15
451351,0.09
451354,0.12
451358,0.09
451370,0.09
451379,0.27
451383,0.13
451390,0.26
451391,0.17
451392,0.2
451412,0.12
451422,0.12
451429,0.17
451432,0.16
451437,0.1
451442,0.19
451455,0.11
451457,0.11
451464,0.06
451472,0.09
451474,0.18
451488,0.2
451512,0.07
451516,0.21
451519,0.29
451528,0.19
451531,0.15
451551,0.2
451564,0.08
451570,0.16
451571,0.12
451575,0.11
451576,0.1
451582,0.29
451586,0.12
451587,0.2
451594,0.11
451596,0.16
451600,0.22
451615,0.05
451616,0.1
451646,0.25
451648,0.23
451650,0.09
451651,0.16
451662,0.21
451675,0.05
451680,0.13
451682,0.17
451688,0.14
451691,0.15
451698,0.11
451703,0.21
451709,0.16
451714,0.24
451716,0.1
451719,0.17
451724,0.18
451726,0.19
451733,0.14
451743,0.1
451747,0.18
451756,0.07
451761,0.18
451762,0.28
451768,0.09
451785,0.08
451805,0.11
451811,0.3
451817,0.15
451823,0.31
451831,0.17
451840,0.16
451845,0.12
451852,0.27
451855,0.09
451856,0.08
451871,0.2
451873,0.2
451897,0.16
451907,0.15
451908,0.25
451919,0.13
451932,0.09
451934,0.14
451935,0.16
451936,0.2
451938,0.12
451954,0.11
451958,0.23
451976,0.19
451977,0.11
451983,0.15
452000,0.14
452023,0.08
452024,0.11
452028,0.11
452039,0.15
452043,0.13
452047,0.15
452067,0.23
452069,0.05
452071,0.06
452096,0.22
452101,0.2
452107,0.12
452108,0.11
452109,0.16
452123,0.07
452127,0.08
452131,0.18
452133,0.11
452136,0.22
452137,0.2
452142,0.19
452147,0.13
452158,0.2
452172,0.21
452190,0.17
452191,0.16
452192,0.11
452195,0.15
452209,0.11
452237,0.12
452239,0.11
452242,0.18
452246,0.09
452249,0.11
452263,0.15
452267,0.1
452273,0.16
452274,0.24
452291,0.17
452310,0.18
452319,0.22
452325,0.17
452328,0.13
452330,0.23
452332,0.16
452337,0.11
452353,0.18
452356,0.22
452368,0.13
452379,0.31
452380,0.32
452396,0.19
452398,0.13
452401,0.11
452408,0.13
452409,0.21
452414,0.12
452418,0.15
452422,0.15
452430,0.25
452432,0.05
452451,0.11
452455,0.14
452495,0.12
452497,0.17
452511,0.16
452514,0.09
452522,0.24
452529,0.08
452530,0.21
452542,0.19
452545,0.14
452558,0.07
452592,0.16
452604,0.03
452616,0.08
452619,0.18
452620,0.04
452630,0.11
452644,0.22
452658,0.11
452663,0.13
452668,0.13
452672,0.18
452679,0.12
452685,0.16
452690,0.23
452701,0.11
452702,0.25
452708,0.09
452714,0.14
452718,0.13
452731,0.05
452733,0.25
452741,0.26
452748,0.16
452750,0.12
452753,0.1
452759,0.09
452767,0.21
452768,0.36
452788,0.1
452802,0.14
452807,0.2
452819,0.15
452820,0.1
452821,0.11
452840,0.22
452851,0.12
452861,0.11
452865,0.11
452871,0.15
452882,0.14
452903,0.13
452906,0.17
452907,0.2
452914,0.11
452929,0.2
452931,0.2
452932,0.1
452948,0.17
452950,0.16
452963,0.12
452974,0.08
452982,0.22
452984,0.32
452994,0.05
452995,0.16
452998,0.13
453003,0.26
453021,0.16
453040,0.17
453042,0.16
453052,0.13
453056,0.12
453066,0.16
453067,0.04
453072,0.11
453085,0.14
453093,0.18
453094,0.08
453100,0.11
453101,0.13
453107,0.2
453110,0.16
453111,0.37
453113,0.11
453114,0.11
453124,0.12
453129,0.04
453142,0.1
453145,0.17
453152,0.11
453159,0.13
453168,0.16
453196,0.16
453212,0.21
453214,0.18
453215,0.09
453220,0.09
453230,0.29
453233,0.17
453235,0.14
453244,0.16
453248,0.18
453262,0.06
453268,0.18
453283,0.14
453284,0.2
453287,0.17
453299,0.11
453314,0.22
453322,0.13
453349,0.33
453354,0.17
453356,0.2
453359,0.21
453366,0.1
453367,0.24
453372,0.05
453378,0.25
453390,0.12
453397,0.17
453403,0.13
453406,0.3
453412,0.18
453415,0.29
453428,0.31
453431,0.13
453442,0.09
453449,0.11
453465,0.16
453473,0.19
453476,0.09
453479,0.1
453480,0.11
453481,0.08
453493,0.15
453494,0.18
453507,0.13
453509,0.16
453514,0.16
453524,0.18
453534,0.15
453538,0.15
453544,0.26
453549,0.08
453550,0.19
453551,0.05
453556,0.1
453560,0.14
453566,0.24
453569,0.25
453579,0.12
453582,0.11
453586,0.17
453618,0.13
453620,0.2
453655,0.31
453659,0.08
453668,0.13
453681,0.14
453686,0.13
453687,0.17
453704,0.09
453707,0.12
453708,0.13
453709,0.27
453715,0.12
453721,0.25
453725,0.07
453727,0.14
453747,0.19
453753,0.25
453755,0.13
453761,0.2
453763,0.07
453766,0.11
453774,0.05
453781,0.34
453790,0.17
453797,0.39
453808,0.18
453814,0.26
453836,0.15
453837,0.1
453843,0.15
453844,0.1
453871,0.09
453881,0.2
453892,0.16
453893,0.1
453894,0.12
453895,0.1
453903,0.25
453906,0.23
453918,0.14
453924,0.2
453930,0.19
453940,0.1
453944,0.21
453947,0.22
453949,0.16
453952,0.17
453959,0.25
453971,0.1
453986,0.3
453988,0.13
453989,0.28
453999,0.22
454007,0.25
454021,0.07
454023,0.24
454036,0.06
454046,0.14
454052,0.12
454066,0.17
454070,0.22
454071,0.15
454075,0.17
454080,0.11
454085,0.17
454097,0.22
454103,0.11
454105,0.16
454108,0.12
454109,0.27
454137,0.13
454150,0.09
454155,0.07
454164,0.13
454165,0.15
454170,0.36
454173,0.13
454181,0.12
454183,0.27
454188,0.25
454192,0.16
454198,0.29
454200,0.12
454209,0.11
454211,0.22
454212,0.08
454218,0.32
454220,0.14
454231,0.11
454242,0.18
454245,0.08
454261,0.14
454269,0.11
454271,0.15
454287,0.17
454293,0.14
454296,0.13
454304,0.21
454313,0.19
454315,0.18
454321,0.09
454333,0.23
454334,0.16
454345,0.16
454347,0.17
454361,0.19
454380,0.16
454382,0.25
454386,0.16
454390,0.18
454396,0.13
454398,0.31
454403,0.19
454405,0.13
454406,0.18
454412,0.17
454418,0.21
454436,0.16
454443,0.11
454449,0.21
454457,0.2
454466,0.1
454471,0.16
454476,0.43
454489,0.31
454493,0.16
454495,0.14
454497,0.06
454522,0.08
454554,0.22
454557,0.07
454560,0.08
454561,0.08
454563,0.15
454565,0.15
454566,0.23
454578,0.23
454605,0.09
454608,0.16
454612,0.13
454618,0.18
454622,0.15
454631,0.22
454638,0.21
454639,0.23
454640,0.19
454653,0.22
454663,0.18
454664,0.18
454674,0.3
454678,0.21
454680,0.1
454687,0.13
454690,0.1
454698,0.19
454700,0.17
454707,0.06
454714,0.16
454722,0.17
454723,0.17
454739,0.2
454745,0.08
454763,0.22
454765,0.1
454774,0.08
454778,0.1
454780,0.14
454781,0.26
454789,0.1
454801,0.17
454802,0.14
454835,0.22
454837,0.18
454841,0.03
454872,0.24
454878,0.18
454884,0.17
454891,0.17
454897,0.2
454908,0.11
454912,0.11
454922,0.09
454929,0.11
454935,0.11
454946,0.15
454959,0.09
454970,0.11
454991,0.15
455002,0.29
455005,0.22
455016,0.25
455021,0.18
455022,0.16
455024,0.18
455044,0.29
455050,0.14
455055,0.17
455056,0.21
455067,0.09
455069,0.11
455082,0.12
455087,0.09
455088,0.12
455112,0.13
455126,0.18
455132,0.17
455135,0.17
455148,0.09
455156,0.14
455161,0.22
455162,0.15
455164,0.22
455171,0.11
455174,0.09
455175,0.13
455184,0.25
455188,0.14
455200,0.31
455209,0.23
455212,0.12
455217,0.24
455222,0.16
455223,0.22
455228,0.1
455243,0.09
455246,0.08
455255,0.17
455262,0.22
455268,0.15
455277,0.27
455281,0.29
455296,0.25
455297,0.15
455322,0.1
455326,0.3
455327,0.35
455328,0.16
455368,0.07
455374,0.21
455377,0.12
455378,0.03
455379,0.19
455395,0.11
455424,0.24
455425,0.1
455429,0.08
455434,0.21
455436,0.22
455438,0.16
455439,0.21
455440,0.06
455441,0.16
455481,0.1
455482,0.09
455483,0.12
455484,0.08
455489,0.21
455490,0.15
455513,0.34
455515,0.17
455536,0.09
455537,0.17
455538,0.16
455539,0.22
455567,0.2
455583,0.12
455607,0.07
455636,0.27
455638,0.13
455640,0.32
455644,0.2
455645,0.12
455648,0.09
455650,0.09
455658,0.18
455694,0.12
455695,0.1
455696,0.11
455703,0.19
455742,0.11
455748,0.11
455749,0.19
455750,0.22
455751,0.1
455752,0.21
455787,0.15
455798,0.11
455802,0.19
455803,0.22
455804,0.17
455805,0.07
455829,0.11
455840,0.18
455849,0.08
455850,0.25
455852,0.18
455854,0.26
455863,0.16
455897,0.23
455902,0.03
455907,0.12
455908,0.12
455909,0.1
455940,0.09
455955,0.27
455958,0.2
455959,0.15
455960,0.11
455961,0.22
455962,0.19
455963,0.19
455965,0.1
456007,0.32
456008,0.15
456009,0.17
456010,0.12
456011,0.15
456013,0.31
456028,0.24
456058,0.23
456111,0.13
456114,0.25
456115,0.21
456116,0.09
456119,0.16
456120,0.23
456122,0.16
456123,0.18
456166,0.29
456167,0.16
456168,0.09
456169,0.12
456170,0.11
456189,0.08
456202,0.27
456221,0.28
456222,0.15
456223,0.15
456224,0.08
456250,0.25
